<?xml version="1.0" encoding="UTF-8"?>
<!DOCTYPE X3D PUBLIC "ISO//Web3D//DTD X3D 3.0//EN" "http://www.web3d.org/specifications/x3d-3.0.dtd">
<X3D version="3.0" profile="Immersive" xmlns:xsd="http://www.w3.org/2001/XMLSchema-instance" xsd:noNamespaceSchemaLocation="http://www.web3d.org/specifications/x3d-3.0.xsd">
	<head>
		<meta name="filename" content="OMLV4_Packing - For Xander - Param_Wing_V5_Cut_PDR-1.x3d" />
		<meta name="created" content="2026-04-19 20:21:18" />
		<meta name="generator" content="Blender 4.3.2" />
		<meta name="translator" content="Web3D X3D/VRML2 format v2.5.1" />
	</head>
	<Scene>
		<NavigationInfo headlight="true"
		                visibilityLimit="0.0"
		                type='"EXAMINE", "ANY"'
		                avatarSize="0.25, 1.75, 0.75"
		                />
		<Background DEF="WO_World"
		            groundColor="0.051 0.051 0.051"
		            skyColor="0.051 0.051 0.051"
		            />
		<Transform DEF="OMLV4_Packing_-_For_Xander_-_Param_Wing_V5_Cut_PDR-1_TRANSFORM"
		           translation="0.000000 0.000000 0.000000"
		           scale="1.000000 1.000000 1.000000"
		           rotation="-1.000000 0.000000 0.000000 1.570796"
		           >
			<Transform DEF="OMLV4_Packing_-_For_Xander_-_Param_Wing_V5_Cut_PDR-1_ifs_TRANSFORM"
			           translation="0.000000 0.000000 0.000000"
			           scale="1.000000 1.000000 1.000000"
			           rotation="0.000000 1.000000 0.000000 0.000000"
			           >
				<Group DEF="group_ME_OMLV4_Packing_-_For_Xander_-_Param_Wing_V5_Cut_PDR-1">
					<Shape>
						<Appearance>
						</Appearance>
						<IndexedFaceSet solid="false"
						                coordIndex="0 1 2 -1 3 4 5 -1 5 4 6 -1 5 6 7 -1 6 8 7 -1 7 8 9 -1 7 9 10 -1 10 9 11 -1 10 11 12 -1 12 11 13 -1 12 13 14 -1 15 16 17 -1 17 16 18 -1 17 18 19 -1 19 18 20 -1 19 20 21 -1 21 20 22 -1 21 22 14 -1 14 22 23 -1 14 23 12 -1 24 25 15 -1 15 25 26 -1 15 26 16 -1 27 28 24 -1 24 28 29 -1 24 29 25 -1 2 1 30 -1 30 1 31 -1 30 31 27 -1 27 31 32 -1 27 32 28 -1 33 34 2 -1 2 34 35 -1 2 35 0 -1 36 37 38 -1 38 37 39 -1 40 41 42 -1 42 41 43 -1 42 43 37 -1 37 43 44 -1 37 44 39 -1 40 42 45 -1 45 42 46 -1 45 46 47 -1 48 49 50 -1 50 49 51 -1 50 51 52 -1 50 47 48 -1 48 47 46 -1 48 46 53 -1 53 46 42 -1 53 42 54 -1 54 42 37 -1 54 37 55 -1 55 37 36 -1 55 36 56 -1 56 36 57 -1 56 57 58 -1 58 57 59 -1 58 59 33 -1 33 59 60 -1 33 60 34 -1 61 4 62 -1 62 4 3 -1 61 63 4 -1 4 63 64 -1 4 64 65 -1 65 66 4 -1 4 66 67 -1 4 67 68 -1 17 19 69 -1 70 71 72 -1 73 74 75 -1 76 77 78 -1 79 80 70 -1 81 51 49 -1 82 83 84 -1 84 83 85 -1 84 85 86 -1 86 85 87 -1 87 85 88 -1 88 85 89 -1 88 89 90 -1 90 89 91 -1 90 91 92 -1 74 93 92 -1 94 95 73 -1 73 95 96 -1 73 96 74 -1 74 96 97 -1 74 97 93 -1 80 98 70 -1 70 98 99 -1 70 99 71 -1 100 101 102 -1 102 101 103 -1 102 103 104 -1 104 103 105 -1 104 105 106 -1 100 102 107 -1 107 102 108 -1 107 108 109 -1 110 111 112 -1 112 111 113 -1 112 113 108 -1 108 113 114 -1 108 114 109 -1 110 112 115 -1 115 112 116 -1 115 116 117 -1 76 78 118 -1 69 119 120 -1 120 119 121 -1 121 119 122 -1 121 122 123 -1 124 125 122 -1 122 125 126 -1 122 126 123 -1 127 128 129 -1 129 128 130 -1 129 130 124 -1 124 130 131 -1 124 131 125 -1 129 132 127 -1 127 132 133 -1 127 133 134 -1 82 81 83 -1 83 81 49 -1 83 49 85 -1 85 49 48 -1 85 48 89 -1 89 48 53 -1 92 91 74 -1 74 91 89 -1 74 89 75 -1 75 89 53 -1 75 53 54 -1 99 135 71 -1 71 135 94 -1 71 94 72 -1 72 94 73 -1 72 73 136 -1 136 73 75 -1 136 75 55 -1 55 75 54 -1 106 79 104 -1 104 79 70 -1 104 70 137 -1 137 70 72 -1 137 72 138 -1 138 72 136 -1 138 136 56 -1 56 136 55 -1 56 58 138 -1 138 58 139 -1 138 139 137 -1 137 139 140 -1 137 140 104 -1 104 140 141 -1 104 141 102 -1 102 141 142 -1 102 142 108 -1 108 142 143 -1 108 143 112 -1 112 143 144 -1 112 144 116 -1 4 133 6 -1 6 133 132 -1 6 132 8 -1 8 132 129 -1 69 19 119 -1 119 19 21 -1 119 21 122 -1 21 14 122 -1 122 14 13 -1 122 13 124 -1 124 13 11 -1 124 11 129 -1 129 11 9 -1 129 9 8 -1 120 118 69 -1 69 118 78 -1 69 78 17 -1 17 78 145 -1 17 145 15 -1 15 145 146 -1 15 146 24 -1 24 146 147 -1 24 147 27 -1 27 147 148 -1 27 148 30 -1 30 148 149 -1 30 149 2 -1 2 149 33 -1 58 33 139 -1 139 33 149 -1 139 149 140 -1 140 149 148 -1 140 148 141 -1 141 148 147 -1 141 147 142 -1 142 147 146 -1 142 146 143 -1 143 146 145 -1 143 145 144 -1 144 145 78 -1 144 78 116 -1 116 78 77 -1 116 77 117 -1 150 151 152 -1 152 151 153 -1 152 153 154 -1 154 155 152 -1 152 155 156 -1 152 156 157 -1 158 159 160 -1 161 162 160 -1 160 162 163 -1 160 163 158 -1 164 165 166 -1 166 165 162 -1 166 162 167 -1 167 162 161 -1 168 169 170 -1 168 170 171 -1 164 166 170 -1 170 166 172 -1 170 172 171 -1 157 173 152 -1 152 173 170 -1 152 170 174 -1 174 170 169 -1 175 176 177 -1 177 176 178 -1 177 178 179 -1 179 178 180 -1 179 180 181 -1 181 180 182 -1 181 182 183 -1 183 182 184 -1 183 184 152 -1 152 184 185 -1 152 185 150 -1 177 52 175 -1 175 52 51 -1 175 51 186 -1 186 51 81 -1 187 134 133 -1 68 188 189 -1 189 188 190 -1 190 191 189 -1 189 191 192 -1 189 192 193 -1 193 194 189 -1 189 194 195 -1 189 195 196 -1 196 197 189 -1 189 197 198 -1 189 198 199 -1 199 200 189 -1 189 200 201 -1 189 201 202 -1 203 204 189 -1 202 205 189 -1 189 205 206 -1 189 206 207 -1 207 208 189 -1 189 208 209 -1 189 209 203 -1 204 210 189 -1 189 210 211 -1 189 211 212 -1 187 133 213 -1 189 214 213 -1 215 216 189 -1 189 216 217 -1 189 217 214 -1 212 218 189 -1 189 218 219 -1 189 219 220 -1 220 221 189 -1 189 221 222 -1 189 222 223 -1 223 224 189 -1 189 224 225 -1 189 225 215 -1 213 133 189 -1 189 133 4 -1 189 4 68 -1 226 227 228 -1 229 230 231 -1 232 233 234 -1 235 236 237 -1 238 239 240 -1 241 242 243 -1 244 245 246 -1 247 248 249 -1 249 250 247 -1 247 250 251 -1 247 251 252 -1 244 246 253 -1 254 255 256 -1 256 255 257 -1 256 257 258 -1 258 257 259 -1 258 259 253 -1 256 260 254 -1 254 260 261 -1 254 261 262 -1 243 242 261 -1 261 242 263 -1 261 263 262 -1 240 239 243 -1 243 239 264 -1 243 264 241 -1 237 236 240 -1 240 236 265 -1 240 265 238 -1 266 267 268 -1 268 267 269 -1 268 269 237 -1 237 269 270 -1 237 270 235 -1 271 272 273 -1 273 272 274 -1 273 274 266 -1 266 274 275 -1 266 275 267 -1 276 277 278 -1 278 277 279 -1 278 279 230 -1 230 279 280 -1 230 280 231 -1 229 231 281 -1 281 231 282 -1 281 282 283 -1 283 282 284 -1 283 284 285 -1 285 284 286 -1 286 284 287 -1 286 287 288 -1 287 289 288 -1 288 289 290 -1 288 290 291 -1 291 290 292 -1 291 292 293 -1 293 292 294 -1 294 292 295 -1 294 295 296 -1 227 226 296 -1 296 226 297 -1 296 297 294 -1 298 299 228 -1 228 299 300 -1 228 300 226 -1 228 301 298 -1 298 301 302 -1 298 302 303 -1 303 302 304 -1 303 304 305 -1 305 304 306 -1 306 304 307 -1 306 307 308 -1 307 309 308 -1 308 309 310 -1 308 310 311 -1 311 310 312 -1 311 312 313 -1 313 312 314 -1 313 314 315 -1 315 314 316 -1 315 316 317 -1 318 319 317 -1 317 319 320 -1 317 320 315 -1 321 322 318 -1 318 322 323 -1 318 323 319 -1 324 325 326 -1 326 325 327 -1 326 327 321 -1 321 327 328 -1 321 328 322 -1 324 326 329 -1 329 326 330 -1 329 330 331 -1 331 330 332 -1 331 332 333 -1 333 332 334 -1 334 332 335 -1 334 335 336 -1 336 335 337 -1 337 335 338 -1 337 338 339 -1 340 341 342 -1 342 341 343 -1 343 344 342 -1 342 344 345 -1 342 345 346 -1 253 246 258 -1 258 246 347 -1 258 347 342 -1 340 342 348 -1 348 342 347 -1 348 347 349 -1 349 347 246 -1 349 246 247 -1 247 246 245 -1 247 245 248 -1 346 350 342 -1 342 350 351 -1 342 351 258 -1 258 351 352 -1 258 352 256 -1 256 352 353 -1 256 353 260 -1 353 354 260 -1 260 354 355 -1 260 355 261 -1 261 355 356 -1 261 356 243 -1 243 356 357 -1 243 357 240 -1 240 357 358 -1 240 358 237 -1 237 358 359 -1 237 359 268 -1 360 233 273 -1 273 233 232 -1 273 232 271 -1 278 361 276 -1 276 361 362 -1 276 362 363 -1 363 362 234 -1 363 234 364 -1 364 234 233 -1 364 233 365 -1 365 233 360 -1 359 366 268 -1 268 366 367 -1 268 367 266 -1 266 367 368 -1 266 368 273 -1 273 368 369 -1 273 369 360 -1 337 339 370 -1 371 372 18 -1 373 23 22 -1 373 22 372 -1 372 22 20 -1 372 20 18 -1 23 373 12 -1 12 373 374 -1 12 374 10 -1 10 374 375 -1 10 375 7 -1 375 376 7 -1 7 376 377 -1 7 377 5 -1 5 377 378 -1 5 378 3 -1 3 378 379 -1 3 379 62 -1 62 379 380 -1 62 380 61 -1 61 380 381 -1 61 381 63 -1 63 381 382 -1 63 382 64 -1 382 383 64 -1 64 383 384 -1 64 384 65 -1 65 384 385 -1 65 385 66 -1 66 385 386 -1 66 386 67 -1 67 386 387 -1 67 387 68 -1 68 387 388 -1 68 388 188 -1 388 389 188 -1 188 389 390 -1 188 390 391 -1 392 393 337 -1 337 370 392 -1 392 370 394 -1 392 394 395 -1 395 394 396 -1 396 394 397 -1 396 397 398 -1 399 400 401 -1 401 400 398 -1 401 398 402 -1 402 398 397 -1 390 403 391 -1 391 403 404 -1 391 404 405 -1 405 404 406 -1 405 406 407 -1 407 406 408 -1 407 408 399 -1 399 408 409 -1 399 409 400 -1 18 16 371 -1 371 16 26 -1 371 26 410 -1 410 26 25 -1 410 25 411 -1 411 25 412 -1 411 412 413 -1 413 412 414 -1 413 414 415 -1 415 414 416 -1 415 416 417 -1 417 416 418 -1 417 418 419 -1 418 420 419 -1 419 420 421 -1 419 421 422 -1 422 421 423 -1 422 423 424 -1 424 423 425 -1 425 423 426 -1 425 426 427 -1 427 426 428 -1 428 426 429 -1 428 429 430 -1 429 431 430 -1 430 431 432 -1 430 432 433 -1 433 432 434 -1 435 436 434 -1 434 436 437 -1 434 437 433 -1 435 438 436 -1 436 438 439 -1 436 439 440 -1 440 439 441 -1 440 441 442 -1 442 441 443 -1 443 441 444 -1 443 444 445 -1 445 444 446 -1 445 446 447 -1 447 446 448 -1 447 448 449 -1 449 448 450 -1 449 450 451 -1 450 452 451 -1 451 452 453 -1 451 453 454 -1 455 456 453 -1 453 456 457 -1 453 457 454 -1 458 459 460 -1 460 459 456 -1 460 456 461 -1 461 456 455 -1 462 463 458 -1 458 463 464 -1 458 464 459 -1 340 348 465 -1 465 348 349 -1 465 349 247 -1 458 466 462 -1 462 466 465 -1 462 465 467 -1 467 465 247 -1 467 247 252 -1 468 469 353 -1 98 80 470 -1 101 279 277 -1 100 107 231 -1 115 117 284 -1 471 178 472 -1 472 178 176 -1 472 176 473 -1 473 176 175 -1 473 175 474 -1 184 182 471 -1 471 182 180 -1 471 180 178 -1 471 475 184 -1 184 475 476 -1 184 476 185 -1 469 150 185 -1 156 155 477 -1 477 155 468 -1 477 468 478 -1 155 154 468 -1 468 154 153 -1 468 153 469 -1 469 153 151 -1 469 151 150 -1 477 479 480 -1 158 163 480 -1 164 170 480 -1 480 170 173 -1 480 173 477 -1 477 173 157 -1 477 157 156 -1 163 162 480 -1 480 162 165 -1 480 165 164 -1 199 198 481 -1 335 199 338 -1 338 199 481 -1 338 481 339 -1 335 332 199 -1 199 332 330 -1 199 330 200 -1 330 326 200 -1 200 326 321 -1 200 321 201 -1 201 321 318 -1 201 318 202 -1 202 318 205 -1 318 317 205 -1 205 317 316 -1 205 316 206 -1 206 316 314 -1 218 212 309 -1 309 212 211 -1 309 211 210 -1 210 204 309 -1 309 204 203 -1 309 203 310 -1 310 203 209 -1 310 209 312 -1 312 209 208 -1 312 208 314 -1 314 208 207 -1 314 207 206 -1 307 220 309 -1 309 220 219 -1 309 219 218 -1 225 224 482 -1 482 224 223 -1 482 223 222 -1 225 482 215 -1 215 482 483 -1 215 483 216 -1 217 301 214 -1 214 301 228 -1 214 228 213 -1 213 228 227 -1 292 128 295 -1 295 128 127 -1 295 127 296 -1 296 127 134 -1 296 134 227 -1 227 134 187 -1 227 187 213 -1 126 125 290 -1 290 125 131 -1 290 131 292 -1 292 131 130 -1 292 130 128 -1 289 120 121 -1 289 121 290 -1 290 121 123 -1 290 123 126 -1 284 117 287 -1 117 77 287 -1 287 77 76 -1 287 76 289 -1 289 76 118 -1 289 118 120 -1 114 113 282 -1 282 113 111 -1 282 111 284 -1 284 111 110 -1 284 110 115 -1 231 107 282 -1 282 107 109 -1 282 109 114 -1 100 231 101 -1 101 231 280 -1 101 280 279 -1 103 484 105 -1 105 484 485 -1 105 485 106 -1 470 80 485 -1 485 80 79 -1 485 79 106 -1 95 94 486 -1 486 94 135 -1 486 135 470 -1 470 135 99 -1 470 99 98 -1 487 93 97 -1 487 97 486 -1 486 97 96 -1 486 96 95 -1 488 90 487 -1 487 90 92 -1 487 92 93 -1 175 186 474 -1 474 186 81 -1 474 81 489 -1 489 81 82 -1 489 82 488 -1 488 82 84 -1 488 84 86 -1 86 87 488 -1 488 87 88 -1 488 88 90 -1 341 340 490 -1 490 345 341 -1 341 345 344 -1 341 344 343 -1 185 476 469 -1 469 476 354 -1 469 354 353 -1 353 352 468 -1 468 352 351 -1 468 351 478 -1 478 351 350 -1 478 350 490 -1 490 350 346 -1 490 346 345 -1 474 366 473 -1 473 366 359 -1 473 359 472 -1 472 359 358 -1 472 358 471 -1 471 358 357 -1 471 357 475 -1 475 357 356 -1 475 356 476 -1 476 356 355 -1 476 355 354 -1 487 360 488 -1 488 360 369 -1 488 369 489 -1 489 369 368 -1 489 368 474 -1 474 368 367 -1 474 367 366 -1 217 216 301 -1 301 216 483 -1 301 483 302 -1 302 483 482 -1 302 482 304 -1 304 482 222 -1 304 222 307 -1 307 222 221 -1 307 221 220 -1 490 491 478 -1 478 491 492 -1 478 492 477 -1 477 492 493 -1 477 493 479 -1 479 493 494 -1 479 494 480 -1 103 101 484 -1 484 101 277 -1 484 277 485 -1 485 277 276 -1 485 276 470 -1 470 276 363 -1 470 363 486 -1 486 363 364 -1 486 364 487 -1 487 364 365 -1 487 365 360 -1 339 481 495 -1 496 192 191 -1 192 496 193 -1 193 496 497 -1 193 497 194 -1 194 497 498 -1 194 498 195 -1 195 498 499 -1 195 499 196 -1 196 499 495 -1 196 495 197 -1 197 495 481 -1 197 481 198 -1 188 391 190 -1 190 391 405 -1 190 405 191 -1 191 405 407 -1 191 407 496 -1 496 407 399 -1 496 399 497 -1 399 401 497 -1 497 401 402 -1 497 402 498 -1 498 402 397 -1 498 397 499 -1 499 397 394 -1 499 394 495 -1 495 394 370 -1 495 370 339 -1 446 444 500 -1 426 423 501 -1 35 34 502 -1 59 503 60 -1 504 505 47 -1 43 41 505 -1 43 505 44 -1 41 40 505 -1 505 40 45 -1 505 45 47 -1 59 57 501 -1 57 36 501 -1 501 36 38 -1 501 38 39 -1 59 501 503 -1 503 501 423 -1 503 423 60 -1 60 423 421 -1 60 421 34 -1 31 1 502 -1 502 1 0 -1 502 0 35 -1 412 25 29 -1 421 420 34 -1 34 420 418 -1 34 418 502 -1 502 418 416 -1 502 416 31 -1 31 416 414 -1 31 414 32 -1 32 414 412 -1 32 412 28 -1 28 412 29 -1 161 160 480 -1 480 160 159 -1 480 159 158 -1 171 172 494 -1 494 172 166 -1 494 166 480 -1 480 166 167 -1 480 167 161 -1 506 169 507 -1 507 169 168 -1 507 168 508 -1 508 168 171 -1 508 171 509 -1 509 171 494 -1 183 152 506 -1 506 152 174 -1 506 174 169 -1 47 50 504 -1 504 50 52 -1 504 52 510 -1 510 52 177 -1 453 452 509 -1 509 452 508 -1 508 452 450 -1 508 450 507 -1 507 450 448 -1 507 448 506 -1 500 444 511 -1 511 444 441 -1 511 441 512 -1 441 439 512 -1 512 439 438 -1 512 438 513 -1 432 514 434 -1 434 514 513 -1 434 513 435 -1 435 513 438 -1 448 446 506 -1 506 446 500 -1 506 500 183 -1 183 500 511 -1 183 511 181 -1 181 511 512 -1 181 512 179 -1 179 512 513 -1 179 513 177 -1 177 513 514 -1 177 514 510 -1 510 514 432 -1 39 44 501 -1 501 44 505 -1 501 505 426 -1 426 505 504 -1 426 504 429 -1 429 504 510 -1 429 510 431 -1 431 510 432 -1 493 492 515 -1 515 492 491 -1 515 491 490 -1 340 465 490 -1 490 465 466 -1 490 466 458 -1 458 460 490 -1 490 460 461 -1 490 461 455 -1 455 453 490 -1 490 453 509 -1 490 509 515 -1 515 509 494 -1 515 494 493 -1 298 303 516 -1 303 305 516 -1 516 305 306 -1 516 306 308 -1 308 311 516 -1 516 311 313 -1 516 313 315 -1 315 320 516 -1 516 320 319 -1 516 319 323 -1 323 322 516 -1 516 322 328 -1 516 328 327 -1 327 325 516 -1 516 325 324 -1 516 324 329 -1 329 331 516 -1 516 331 333 -1 516 333 334 -1 334 336 516 -1 516 336 337 -1 516 337 393 -1 297 226 517 -1 517 226 300 -1 517 300 516 -1 516 300 299 -1 516 299 298 -1 379 517 380 -1 380 517 516 -1 383 382 516 -1 516 382 381 -1 516 381 380 -1 393 392 516 -1 516 392 395 -1 516 395 396 -1 396 398 516 -1 516 398 400 -1 516 400 409 -1 409 408 516 -1 516 408 406 -1 516 406 404 -1 404 403 516 -1 516 403 390 -1 516 390 389 -1 389 388 516 -1 516 388 387 -1 516 387 386 -1 386 385 516 -1 516 385 384 -1 516 384 383 -1 518 519 520 -1 293 521 522 -1 294 297 523 -1 293 522 291 -1 291 522 524 -1 291 524 288 -1 519 518 524 -1 524 518 286 -1 524 286 288 -1 229 281 520 -1 520 281 283 -1 520 283 518 -1 518 283 285 -1 518 285 286 -1 278 230 525 -1 525 230 229 -1 525 229 526 -1 526 229 520 -1 271 232 527 -1 527 232 234 -1 527 234 528 -1 528 234 362 -1 528 362 361 -1 271 527 272 -1 272 527 529 -1 272 529 274 -1 530 267 275 -1 531 270 269 -1 238 265 532 -1 532 265 236 -1 532 236 235 -1 532 442 238 -1 238 442 443 -1 238 443 445 -1 445 447 238 -1 238 447 449 -1 238 449 451 -1 451 454 238 -1 238 454 457 -1 238 457 239 -1 239 457 456 -1 239 456 459 -1 463 462 533 -1 533 462 467 -1 467 252 533 -1 533 252 251 -1 533 251 250 -1 459 464 239 -1 239 464 463 -1 239 463 264 -1 264 463 533 -1 264 533 241 -1 241 533 242 -1 250 249 533 -1 533 249 248 -1 533 248 245 -1 245 244 533 -1 533 244 253 -1 533 253 259 -1 259 257 533 -1 533 257 255 -1 533 255 254 -1 254 262 533 -1 533 262 263 -1 533 263 242 -1 275 274 530 -1 530 274 529 -1 530 529 534 -1 534 529 527 -1 534 527 535 -1 535 527 528 -1 535 528 525 -1 525 528 361 -1 525 361 278 -1 269 267 531 -1 531 267 530 -1 531 530 536 -1 536 530 534 -1 536 534 537 -1 537 534 535 -1 537 535 538 -1 538 535 525 -1 538 525 539 -1 539 525 526 -1 539 526 540 -1 540 526 520 -1 540 520 541 -1 541 520 519 -1 541 519 542 -1 542 519 524 -1 542 524 543 -1 543 524 522 -1 543 522 523 -1 523 522 521 -1 523 521 294 -1 294 521 293 -1 235 270 532 -1 532 270 531 -1 532 531 544 -1 544 531 536 -1 544 536 545 -1 545 536 537 -1 545 537 546 -1 546 537 538 -1 546 538 547 -1 547 538 539 -1 547 539 548 -1 548 539 540 -1 548 540 549 -1 549 540 541 -1 549 541 550 -1 550 541 542 -1 550 542 551 -1 551 542 543 -1 551 543 552 -1 552 543 523 -1 552 523 517 -1 517 523 297 -1 428 430 532 -1 532 430 433 -1 532 433 437 -1 437 436 532 -1 532 436 440 -1 532 440 442 -1 544 425 532 -1 532 425 427 -1 532 427 428 -1 546 419 545 -1 545 419 422 -1 545 422 544 -1 544 422 424 -1 544 424 425 -1 413 415 546 -1 546 415 417 -1 546 417 419 -1 546 547 413 -1 413 547 548 -1 413 548 411 -1 411 548 410 -1 410 548 549 -1 410 549 371 -1 371 549 550 -1 371 550 372 -1 552 377 376 -1 552 376 551 -1 376 375 551 -1 551 375 374 -1 551 374 550 -1 550 374 373 -1 550 373 372 -1 517 379 552 -1 552 379 378 -1 552 378 377 -1 553 554 555 -1 555 554 556 -1 556 557 555 -1 555 557 558 -1 555 558 559 -1 559 560 555 -1 555 560 561 -1 555 561 562 -1 562 563 555 -1 555 563 564 -1 555 564 565 -1 565 566 555 -1 555 566 567 -1 555 567 568 -1 568 569 555 -1 555 569 570 -1 555 570 571 -1 571 572 555 -1 555 572 573 -1 555 573 574 -1 574 575 555 -1 555 575 576 -1 555 576 577 -1 577 578 555 -1 555 578 579 -1 555 579 580 -1 581 582 583 -1 584 585 586 -1 582 581 587 -1 588 589 590 -1 553 555 591 -1 591 555 592 -1 593 594 592 -1 592 594 595 -1 592 595 591 -1 588 590 596 -1 596 590 597 -1 596 597 598 -1 598 597 599 -1 598 599 600 -1 583 601 602 -1 603 604 587 -1 587 604 605 -1 587 605 582 -1 582 605 606 -1 582 606 583 -1 583 606 607 -1 583 607 601 -1 608 609 610 -1 610 609 611 -1 608 612 609 -1 609 612 613 -1 609 613 614 -1 614 615 609 -1 609 615 616 -1 609 616 617 -1 617 618 609 -1 609 618 619 -1 609 619 620 -1 621 622 609 -1 620 623 609 -1 609 623 624 -1 609 624 625 -1 625 626 609 -1 609 626 627 -1 609 627 628 -1 628 629 609 -1 609 629 630 -1 609 630 631 -1 631 632 609 -1 609 632 633 -1 609 633 634 -1 634 635 609 -1 609 635 636 -1 609 636 621 -1 581 584 587 -1 587 584 586 -1 587 586 603 -1 603 586 637 -1 603 637 638 -1 638 637 586 -1 638 586 639 -1 639 586 585 -1 639 585 640 -1 640 585 641 -1 588 594 589 -1 589 594 593 -1 589 593 590 -1 590 593 642 -1 590 642 597 -1 597 642 643 -1 597 643 599 -1 599 643 644 -1 599 644 645 -1 645 644 646 -1 645 646 647 -1 622 641 609 -1 609 641 585 -1 609 585 648 -1 648 585 584 -1 648 584 647 -1 647 584 581 -1 647 581 645 -1 645 581 583 -1 645 583 599 -1 599 583 602 -1 599 602 600 -1 555 580 649 -1 649 650 555 -1 555 650 651 -1 555 651 652 -1 652 653 555 -1 555 653 654 -1 555 654 655 -1 655 656 555 -1 555 656 657 -1 555 657 658 -1 658 659 555 -1 555 659 660 -1 555 660 661 -1 661 662 555 -1 555 662 663 -1 555 663 664 -1 664 665 555 -1 555 665 666 -1 555 666 667 -1 668 669 609 -1 611 609 670 -1 671 672 670 -1 670 672 673 -1 670 673 611 -1 669 674 609 -1 609 674 675 -1 609 675 670 -1 670 675 676 -1 670 676 671 -1 647 677 648 -1 648 677 678 -1 648 678 609 -1 609 678 679 -1 609 679 668 -1 680 681 647 -1 647 681 682 -1 647 682 677 -1 647 646 680 -1 680 646 644 -1 680 644 683 -1 683 644 643 -1 683 643 684 -1 684 643 685 -1 685 643 642 -1 685 642 686 -1 686 642 593 -1 686 593 687 -1 687 593 592 -1 687 592 688 -1 688 592 555 -1 688 555 667 -1 689 690 691 -1 691 690 692 -1 691 693 689 -1 689 693 694 -1 689 694 695 -1 695 694 696 -1 695 696 697 -1 697 696 698 -1 697 698 699 -1 699 698 700 -1 699 700 701 -1 701 700 702 -1 701 702 703 -1 703 702 704 -1 703 704 705 -1 705 704 706 -1 705 706 707 -1 708 709 710 -1 690 711 692 -1 692 711 712 -1 692 712 713 -1 713 712 714 -1 707 706 715 -1 715 706 716 -1 715 716 717 -1 716 718 717 -1 717 718 719 -1 717 719 720 -1 720 719 721 -1 720 721 722 -1 723 724 725 -1 726 727 728 -1 728 727 729 -1 728 729 730 -1 731 732 733 -1 733 732 734 -1 733 734 735 -1 724 736 725 -1 725 736 737 -1 725 737 722 -1 722 737 738 -1 722 738 720 -1 708 710 728 -1 728 710 739 -1 728 739 726 -1 730 740 728 -1 728 740 741 -1 728 741 742 -1 742 743 728 -1 728 743 744 -1 728 744 745 -1 745 744 746 -1 745 746 747 -1 747 748 745 -1 745 748 749 -1 745 749 714 -1 714 749 750 -1 714 750 713 -1 731 733 725 -1 725 733 751 -1 725 751 723 -1 709 752 753 -1 753 754 709 -1 709 754 755 -1 709 755 756 -1 756 757 709 -1 709 757 758 -1 709 758 759 -1 760 761 734 -1 734 761 762 -1 734 762 763 -1 763 764 734 -1 734 764 765 -1 734 765 735 -1 709 766 752 -1 752 766 767 -1 752 767 768 -1 768 769 752 -1 752 769 770 -1 752 770 771 -1 759 772 709 -1 709 772 773 -1 709 773 710 -1 760 734 774 -1 774 734 775 -1 774 775 776 -1 776 777 774 -1 774 777 778 -1 774 778 779 -1 715 717 780 -1 780 717 781 -1 782 783 784 -1 785 786 787 -1 788 789 790 -1 791 759 758 -1 792 793 794 -1 650 649 795 -1 580 579 796 -1 796 579 797 -1 796 797 798 -1 651 799 652 -1 652 799 800 -1 652 800 653 -1 653 800 654 -1 654 800 801 -1 654 801 655 -1 655 801 656 -1 656 801 802 -1 656 802 657 -1 657 802 803 -1 657 803 658 -1 658 803 804 -1 658 804 659 -1 659 804 660 -1 660 804 805 -1 660 805 806 -1 664 663 807 -1 807 663 662 -1 807 662 806 -1 806 662 661 -1 806 661 660 -1 808 809 666 -1 666 809 810 -1 666 810 667 -1 667 810 811 -1 667 811 688 -1 812 686 811 -1 811 686 687 -1 811 687 688 -1 813 683 814 -1 814 683 684 -1 814 684 685 -1 677 682 815 -1 815 682 681 -1 815 681 813 -1 813 681 680 -1 813 680 683 -1 815 816 677 -1 677 816 817 -1 677 817 678 -1 678 817 679 -1 818 675 819 -1 819 675 674 -1 819 674 820 -1 820 674 669 -1 820 669 668 -1 821 611 822 -1 822 611 673 -1 822 673 823 -1 823 673 672 -1 823 672 824 -1 824 672 671 -1 824 671 818 -1 818 671 676 -1 818 676 675 -1 612 608 821 -1 821 608 610 -1 821 610 611 -1 821 825 612 -1 612 825 826 -1 612 826 613 -1 613 826 827 -1 613 827 614 -1 614 827 828 -1 614 828 615 -1 615 828 829 -1 615 829 616 -1 829 830 616 -1 616 830 831 -1 616 831 617 -1 617 831 832 -1 617 832 618 -1 618 832 833 -1 618 833 619 -1 619 833 834 -1 619 834 620 -1 620 834 623 -1 835 836 837 -1 835 837 838 -1 838 837 839 -1 838 839 840 -1 792 841 842 -1 842 841 843 -1 844 839 845 -1 845 839 837 -1 845 837 846 -1 846 837 836 -1 846 836 847 -1 848 849 850 -1 850 849 851 -1 850 851 794 -1 794 851 852 -1 794 852 792 -1 792 852 853 -1 792 853 841 -1 840 839 843 -1 843 839 844 -1 843 844 842 -1 842 844 854 -1 842 854 792 -1 792 854 855 -1 792 855 793 -1 856 857 858 -1 858 857 859 -1 858 859 860 -1 861 862 863 -1 863 862 864 -1 863 864 865 -1 866 867 868 -1 866 868 869 -1 869 868 870 -1 869 870 871 -1 871 870 872 -1 871 872 873 -1 873 872 874 -1 873 874 875 -1 835 861 836 -1 836 861 863 -1 836 863 847 -1 847 863 865 -1 847 865 846 -1 846 865 875 -1 846 875 845 -1 845 875 874 -1 845 874 844 -1 844 874 872 -1 844 872 854 -1 854 872 870 -1 854 870 855 -1 855 870 868 -1 855 868 793 -1 793 868 867 -1 793 867 794 -1 794 867 876 -1 794 876 850 -1 850 876 877 -1 850 877 848 -1 770 878 771 -1 771 878 879 -1 771 879 752 -1 752 879 753 -1 880 789 881 -1 881 789 788 -1 881 788 882 -1 880 883 789 -1 789 883 857 -1 789 857 790 -1 790 857 856 -1 884 860 885 -1 885 860 859 -1 885 859 886 -1 886 859 857 -1 886 857 887 -1 887 857 883 -1 887 883 768 -1 768 883 880 -1 768 880 769 -1 769 880 881 -1 769 881 770 -1 770 881 882 -1 770 882 878 -1 888 889 890 -1 890 889 891 -1 890 891 892 -1 892 891 893 -1 892 893 787 -1 787 786 892 -1 892 786 894 -1 892 894 890 -1 890 894 895 -1 890 895 888 -1 888 895 896 -1 888 896 897 -1 897 896 898 -1 897 898 899 -1 899 898 900 -1 899 900 901 -1 709 708 901 -1 901 708 728 -1 901 728 899 -1 899 728 745 -1 899 745 897 -1 897 745 714 -1 897 714 888 -1 888 714 712 -1 888 712 889 -1 889 712 711 -1 902 903 904 -1 904 903 905 -1 904 905 906 -1 906 905 907 -1 906 907 908 -1 908 907 909 -1 908 909 910 -1 910 909 911 -1 910 911 912 -1 785 913 914 -1 914 913 915 -1 914 915 916 -1 916 915 917 -1 916 917 918 -1 918 917 919 -1 918 919 920 -1 920 919 921 -1 920 921 922 -1 922 921 923 -1 922 923 924 -1 925 736 926 -1 926 736 724 -1 926 724 927 -1 928 911 929 -1 929 911 909 -1 929 909 930 -1 930 909 907 -1 930 907 931 -1 931 907 905 -1 931 905 932 -1 932 905 903 -1 932 903 933 -1 784 934 935 -1 935 934 936 -1 764 934 928 -1 928 934 784 -1 928 784 911 -1 911 784 783 -1 911 783 912 -1 764 928 765 -1 765 928 929 -1 765 929 735 -1 735 929 930 -1 735 930 733 -1 733 930 931 -1 733 931 751 -1 751 931 932 -1 751 932 723 -1 723 932 933 -1 723 933 937 -1 937 933 903 -1 937 903 938 -1 938 903 902 -1 938 902 939 -1 720 738 925 -1 925 738 737 -1 925 737 736 -1 717 720 781 -1 781 720 925 -1 781 925 940 -1 940 925 926 -1 940 926 941 -1 941 926 927 -1 941 942 940 -1 940 942 943 -1 940 943 781 -1 781 943 924 -1 781 924 780 -1 780 924 923 -1 780 923 715 -1 785 787 913 -1 913 787 893 -1 913 893 915 -1 915 893 944 -1 915 944 917 -1 917 944 701 -1 917 701 919 -1 919 701 703 -1 919 703 921 -1 921 703 705 -1 921 705 923 -1 923 705 707 -1 923 707 715 -1 945 935 946 -1 946 935 936 -1 946 936 947 -1 782 784 948 -1 948 784 935 -1 948 935 949 -1 949 935 945 -1 949 945 950 -1 668 679 820 -1 820 679 817 -1 820 817 951 -1 951 817 816 -1 951 816 952 -1 952 816 815 -1 649 580 795 -1 795 580 796 -1 795 796 953 -1 953 796 798 -1 953 798 954 -1 651 650 799 -1 799 650 795 -1 799 795 955 -1 955 795 953 -1 955 953 956 -1 956 953 954 -1 956 954 957 -1 666 665 808 -1 808 665 664 -1 808 664 958 -1 958 664 807 -1 958 807 959 -1 957 864 956 -1 956 864 862 -1 956 862 955 -1 955 862 861 -1 955 861 799 -1 799 861 835 -1 799 835 800 -1 800 835 838 -1 800 838 801 -1 801 838 840 -1 801 840 802 -1 802 840 843 -1 802 843 803 -1 803 843 841 -1 803 841 804 -1 804 841 853 -1 804 853 805 -1 805 853 852 -1 805 852 806 -1 806 852 851 -1 806 851 807 -1 807 851 849 -1 807 849 959 -1 959 849 848 -1 957 791 864 -1 864 791 758 -1 864 758 865 -1 865 758 757 -1 865 757 875 -1 875 757 756 -1 875 756 873 -1 873 756 755 -1 873 755 871 -1 871 755 754 -1 871 754 869 -1 869 754 753 -1 869 753 866 -1 866 753 879 -1 866 879 867 -1 867 879 878 -1 867 878 876 -1 876 878 882 -1 876 882 877 -1 877 882 788 -1 877 788 848 -1 848 788 790 -1 848 790 959 -1 959 790 856 -1 959 856 958 -1 958 856 858 -1 958 858 808 -1 808 858 860 -1 808 860 809 -1 809 860 884 -1 809 884 810 -1 768 767 887 -1 887 767 766 -1 887 766 886 -1 886 766 709 -1 886 709 885 -1 885 709 901 -1 885 901 884 -1 884 901 900 -1 884 900 810 -1 810 900 898 -1 810 898 811 -1 811 898 896 -1 811 896 812 -1 812 896 895 -1 814 960 813 -1 813 960 961 -1 813 961 815 -1 815 961 962 -1 815 962 952 -1 764 763 934 -1 934 763 762 -1 934 762 936 -1 936 762 761 -1 936 761 947 -1 947 761 760 -1 947 760 774 -1 711 690 889 -1 889 690 689 -1 889 689 891 -1 891 689 695 -1 891 695 893 -1 893 695 697 -1 893 697 944 -1 944 697 699 -1 944 699 701 -1 624 623 963 -1 963 623 834 -1 963 834 964 -1 964 834 965 -1 950 965 949 -1 949 965 834 -1 949 834 948 -1 948 834 833 -1 948 833 782 -1 782 833 832 -1 782 832 783 -1 783 832 831 -1 783 831 912 -1 912 831 830 -1 912 830 910 -1 910 830 829 -1 910 829 908 -1 908 829 828 -1 908 828 906 -1 906 828 827 -1 906 827 904 -1 904 827 826 -1 904 826 902 -1 902 826 825 -1 902 825 939 -1 939 825 821 -1 685 686 814 -1 814 686 812 -1 814 812 960 -1 960 812 895 -1 960 895 961 -1 961 895 894 -1 961 894 962 -1 962 894 786 -1 962 786 952 -1 952 786 785 -1 952 785 951 -1 951 785 914 -1 951 914 820 -1 820 914 916 -1 820 916 819 -1 819 916 918 -1 819 918 818 -1 818 918 920 -1 818 920 824 -1 824 920 922 -1 824 922 823 -1 823 922 924 -1 823 924 822 -1 822 924 943 -1 822 943 821 -1 821 943 942 -1 821 942 939 -1 939 942 941 -1 939 941 938 -1 938 941 927 -1 938 927 937 -1 937 927 724 -1 937 724 723 -1 693 691 966 -1 966 691 692 -1 967 741 740 -1 968 773 772 -1 969 970 971 -1 971 970 972 -1 973 974 975 -1 975 974 976 -1 975 976 977 -1 978 979 980 -1 981 982 983 -1 984 985 986 -1 553 591 987 -1 987 988 553 -1 553 988 989 -1 553 989 554 -1 554 989 990 -1 991 557 990 -1 990 557 556 -1 990 556 554 -1 562 561 992 -1 992 561 560 -1 992 560 993 -1 993 560 559 -1 993 559 991 -1 991 559 558 -1 991 558 557 -1 567 566 992 -1 992 566 565 -1 565 564 992 -1 992 564 563 -1 992 563 562 -1 569 994 570 -1 570 994 995 -1 570 995 996 -1 992 997 567 -1 567 997 994 -1 567 994 568 -1 568 994 569 -1 998 999 574 -1 574 573 998 -1 998 573 572 -1 998 572 996 -1 996 572 571 -1 996 571 570 -1 1000 575 1001 -1 1001 575 574 -1 1001 574 1002 -1 1002 574 999 -1 578 577 1000 -1 1000 577 576 -1 1000 576 575 -1 1000 1003 578 -1 578 1003 797 -1 578 797 579 -1 628 627 963 -1 963 627 626 -1 963 626 625 -1 1004 633 1005 -1 1005 633 632 -1 1005 632 1006 -1 1006 632 631 -1 1006 631 1007 -1 1007 631 630 -1 1007 630 963 -1 963 630 629 -1 963 629 628 -1 1008 621 1009 -1 1009 621 636 -1 1009 636 1010 -1 1010 636 635 -1 1010 635 1004 -1 1004 635 634 -1 1004 634 633 -1 1011 640 1012 -1 1012 640 641 -1 1012 641 1008 -1 1008 641 622 -1 1008 622 621 -1 1013 638 1011 -1 1011 638 639 -1 1011 639 640 -1 603 1014 604 -1 604 1014 1015 -1 604 1015 605 -1 605 1015 606 -1 606 1015 1016 -1 606 1016 607 -1 1017 602 1018 -1 1018 602 601 -1 588 596 1019 -1 1019 596 598 -1 1019 598 1017 -1 1017 598 600 -1 1017 600 602 -1 588 1020 594 -1 594 1020 987 -1 594 987 595 -1 595 987 591 -1 1021 1022 1023 -1 985 984 1024 -1 1023 1022 1025 -1 1025 1022 1026 -1 1025 1026 1027 -1 1028 1029 1027 -1 1025 1027 1030 -1 1025 1030 1023 -1 947 774 779 -1 779 778 1028 -1 1028 778 777 -1 1028 777 776 -1 1031 1032 1033 -1 731 725 1032 -1 1032 725 722 -1 1032 722 1033 -1 1033 722 721 -1 1033 721 1034 -1 1034 721 719 -1 1034 719 718 -1 776 775 1028 -1 1028 775 734 -1 1028 734 1029 -1 1029 734 732 -1 1035 1036 1037 -1 1037 1036 1038 -1 1037 1038 1039 -1 1039 1038 1040 -1 1039 1040 1041 -1 1041 1040 1042 -1 1031 1033 1043 -1 1043 1033 1034 -1 1043 1034 1044 -1 1044 1034 718 -1 1044 718 1045 -1 1045 718 716 -1 1045 716 1046 -1 1046 716 706 -1 1046 706 1047 -1 1047 706 704 -1 1047 704 1035 -1 1035 704 702 -1 1035 702 1036 -1 1048 1049 1050 -1 1050 1049 1051 -1 982 981 1052 -1 1052 981 1053 -1 1052 1053 1054 -1 1053 1055 1054 -1 1054 1055 1056 -1 1054 1056 1057 -1 1057 1056 1058 -1 1057 1058 1059 -1 1059 1058 1060 -1 1059 1060 1061 -1 1061 1060 1062 -1 1055 1063 1056 -1 1056 1063 1064 -1 1056 1064 1058 -1 1058 1064 1065 -1 1058 1065 1060 -1 1060 1065 1066 -1 1060 1066 1062 -1 1050 1067 1048 -1 1048 1067 1068 -1 1048 1068 1069 -1 1069 1068 1070 -1 1069 1070 1071 -1 1071 1070 1072 -1 1071 1072 1073 -1 1073 1072 1074 -1 1073 1074 983 -1 983 1074 1075 -1 983 1075 981 -1 981 1075 1076 -1 981 1076 1053 -1 1053 1076 1077 -1 1053 1077 1055 -1 1055 1077 1078 -1 1055 1078 1063 -1 1079 1080 1081 -1 1081 1080 1082 -1 980 979 1083 -1 1083 979 1084 -1 1083 1084 1080 -1 984 1031 1024 -1 1024 1031 1043 -1 1024 1043 1085 -1 1085 1043 1044 -1 1085 1044 1086 -1 1086 1044 1045 -1 1086 1045 1087 -1 1087 1045 1046 -1 1087 1046 1088 -1 1088 1046 1047 -1 1088 1047 1089 -1 1089 1047 1035 -1 1089 1035 1090 -1 1090 1035 1037 -1 1090 1037 1091 -1 1091 1037 1039 -1 1091 1039 1092 -1 1092 1039 1041 -1 1092 1041 1093 -1 1093 1041 1042 -1 1093 1042 1094 -1 696 694 1095 -1 1096 1084 1097 -1 1097 1084 979 -1 1097 979 1098 -1 1098 979 978 -1 1080 1084 1082 -1 1082 1084 1096 -1 1082 1096 1099 -1 1099 1096 1100 -1 1099 1100 1101 -1 1102 1103 1104 -1 1104 1103 1105 -1 1104 1105 1106 -1 1107 1108 1109 -1 1109 1108 1110 -1 1109 1110 1111 -1 1111 1110 1112 -1 1111 1112 1113 -1 1114 1102 1115 -1 1115 1102 1104 -1 1115 1104 1116 -1 1116 1104 1106 -1 1116 1106 1117 -1 1102 1081 1103 -1 1103 1081 1082 -1 1103 1082 1105 -1 1105 1082 1099 -1 1105 1099 1106 -1 1106 1099 1101 -1 1106 1101 1117 -1 1118 1119 1120 -1 1120 1119 1121 -1 1120 1121 1122 -1 741 967 742 -1 1123 1124 1125 -1 1125 1124 1126 -1 1125 1126 1127 -1 1127 1126 1113 -1 1127 1113 1128 -1 1128 1113 1112 -1 1128 1112 1129 -1 1129 1112 1110 -1 1129 1110 1130 -1 1130 1110 1108 -1 1130 1108 1131 -1 1131 1108 1107 -1 1131 1107 973 -1 976 969 977 -1 977 969 971 -1 977 971 1132 -1 1132 971 972 -1 973 975 1131 -1 1131 975 977 -1 1131 977 1130 -1 1130 977 1132 -1 1130 1132 1129 -1 1129 1132 1133 -1 1129 1133 1128 -1 1128 1133 1134 -1 1128 1134 1127 -1 1127 1134 1135 -1 1127 1135 1125 -1 1125 1135 968 -1 1125 968 1123 -1 972 1136 1132 -1 1132 1136 1137 -1 1132 1137 1133 -1 1133 1137 1138 -1 1133 1138 1134 -1 1134 1138 1139 -1 1134 1139 1135 -1 1135 1139 739 -1 1135 739 968 -1 968 739 710 -1 968 710 773 -1 791 957 1140 -1 1140 957 1141 -1 1140 1141 1142 -1 1142 1141 1143 -1 1142 1143 1144 -1 1144 1143 1145 -1 974 1146 976 -1 976 1146 1119 -1 976 1119 969 -1 969 1119 1118 -1 969 1118 970 -1 970 1118 967 -1 970 967 972 -1 972 967 740 -1 972 740 1136 -1 1136 740 730 -1 1136 730 1137 -1 1137 730 729 -1 1137 729 1138 -1 1138 729 727 -1 1138 727 1139 -1 1139 727 726 -1 1139 726 739 -1 742 967 743 -1 743 967 1118 -1 743 1118 744 -1 744 1118 1120 -1 744 1120 746 -1 746 1120 1122 -1 746 1122 747 -1 957 1066 1141 -1 1141 1066 1065 -1 1141 1065 1143 -1 1143 1065 1064 -1 1143 1064 1145 -1 1145 1064 1063 -1 1145 1063 1147 -1 1147 1063 1078 -1 1147 1078 1148 -1 1148 1078 1077 -1 1148 1077 1149 -1 1149 1077 1076 -1 1149 1076 1150 -1 1150 1076 1075 -1 1150 1075 1151 -1 1151 1075 1074 -1 1151 1074 1152 -1 1152 1074 1072 -1 1152 1072 1153 -1 1153 1072 1070 -1 1153 1070 1154 -1 1154 1070 1068 -1 1154 1068 1155 -1 1155 1068 1067 -1 1155 1067 1156 -1 1156 1067 1050 -1 1156 1050 1157 -1 1157 1050 1051 -1 1157 1051 1079 -1 1146 1114 1119 -1 1119 1114 1115 -1 1119 1115 1121 -1 1121 1115 1116 -1 1121 1116 1122 -1 1122 1116 1117 -1 1122 1117 747 -1 747 1117 1101 -1 747 1101 748 -1 748 1101 1100 -1 978 966 1098 -1 1098 966 692 -1 1098 692 1097 -1 1097 692 713 -1 1097 713 1096 -1 1096 713 750 -1 1096 750 1100 -1 1100 750 749 -1 1100 749 748 -1 694 693 1095 -1 1095 693 966 -1 1095 966 1158 -1 1158 966 978 -1 1158 978 1159 -1 1159 978 980 -1 1160 1019 1161 -1 1161 1019 1017 -1 1161 1017 1162 -1 1162 1017 1018 -1 1162 1018 1016 -1 1016 1018 601 -1 1016 601 607 -1 963 964 1163 -1 1163 964 965 -1 779 1028 947 -1 947 1028 1027 -1 947 1027 946 -1 946 1027 1026 -1 946 1026 945 -1 945 1026 1022 -1 945 1022 950 -1 950 1022 1021 -1 950 1021 965 -1 732 731 1029 -1 1029 731 1032 -1 1029 1032 1027 -1 1027 1032 1031 -1 1027 1031 1030 -1 1030 1031 984 -1 1030 984 1023 -1 1023 984 986 -1 1023 986 1021 -1 1021 986 965 -1 603 638 1014 -1 1014 638 1013 -1 1014 1013 1015 -1 1015 1013 1164 -1 1015 1164 1016 -1 1016 1164 1165 -1 1016 1165 1162 -1 1079 1081 1157 -1 1157 1081 1102 -1 1157 1102 1156 -1 1156 1102 1114 -1 1156 1114 1155 -1 1155 1114 1146 -1 1155 1146 1154 -1 1154 1146 974 -1 1154 974 1153 -1 1153 974 973 -1 1153 973 1152 -1 1152 973 1107 -1 1152 1107 1151 -1 1151 1107 1109 -1 1151 1109 1150 -1 1150 1109 1111 -1 1150 1111 1149 -1 1149 1111 1113 -1 1149 1113 1148 -1 1148 1113 1126 -1 1148 1126 1147 -1 1147 1126 1124 -1 1147 1124 1145 -1 1145 1124 1123 -1 1145 1123 1144 -1 1144 1123 968 -1 1144 968 1142 -1 1142 968 772 -1 1142 772 1140 -1 1140 772 759 -1 1140 759 791 -1 1159 1094 1158 -1 1158 1094 1042 -1 1158 1042 1095 -1 1095 1042 1040 -1 1095 1040 696 -1 696 1040 1038 -1 696 1038 698 -1 698 1038 1036 -1 698 1036 700 -1 700 1036 702 -1 957 954 1066 -1 1066 954 798 -1 1066 798 1062 -1 1062 798 797 -1 1062 797 1061 -1 1061 797 1003 -1 1061 1003 1059 -1 1059 1003 1000 -1 1059 1000 1057 -1 1057 1000 1001 -1 1057 1001 1054 -1 1054 1001 1002 -1 1054 1002 1052 -1 1052 1002 999 -1 1052 999 982 -1 982 999 998 -1 982 998 983 -1 983 998 996 -1 983 996 1073 -1 1073 996 995 -1 1073 995 1071 -1 1071 995 994 -1 1071 994 1069 -1 1069 994 997 -1 1069 997 1048 -1 1048 997 992 -1 1048 992 1049 -1 1049 992 993 -1 1049 993 1051 -1 1051 993 991 -1 1051 991 1079 -1 1079 991 990 -1 1079 990 1080 -1 1080 990 989 -1 1080 989 1083 -1 1083 989 988 -1 1083 988 980 -1 980 988 987 -1 980 987 1159 -1 1159 987 1020 -1 1159 1020 1094 -1 588 1019 1020 -1 1020 1019 1160 -1 1020 1160 1094 -1 1094 1160 1161 -1 1094 1161 1093 -1 1093 1161 1162 -1 1093 1162 1092 -1 1092 1162 1165 -1 1092 1165 1091 -1 1091 1165 1164 -1 1091 1164 1090 -1 1090 1164 1013 -1 1090 1013 1089 -1 1089 1013 1011 -1 1089 1011 1088 -1 1088 1011 1012 -1 1088 1012 1087 -1 1087 1012 1008 -1 1087 1008 1086 -1 1086 1008 1009 -1 1086 1009 1085 -1 1085 1009 1010 -1 1085 1010 1024 -1 1024 1010 1004 -1 1024 1004 985 -1 985 1004 1005 -1 985 1005 986 -1 986 1005 1006 -1 986 1006 965 -1 965 1006 1007 -1 965 1007 1163 -1 1163 1007 963 -1 963 625 624 -1 1166 300 517 -1 517 300 1167 -1 517 1167 297 -1 393 337 517 -1 517 337 336 -1 336 334 517 -1 517 334 333 -1 517 333 331 -1 331 329 517 -1 517 329 324 -1 517 324 325 -1 325 327 517 -1 517 327 322 -1 517 322 323 -1 323 319 517 -1 517 319 320 -1 517 320 1168 -1 1168 315 517 -1 517 315 313 -1 517 313 311 -1 311 308 517 -1 517 308 1169 -1 517 1169 1170 -1 1170 303 517 -1 517 303 1171 -1 517 1171 1166 -1 392 393 517 -1 517 379 381 -1 381 383 517 -1 517 383 384 -1 517 384 385 -1 385 386 517 -1 517 386 387 -1 517 387 388 -1 388 390 517 -1 517 390 403 -1 517 403 406 -1 392 517 395 -1 406 408 517 -1 517 408 409 -1 517 409 400 -1 400 398 517 -1 517 398 396 -1 517 396 395 -1 442 238 239 -1 442 239 264 -1 467 463 533 -1 533 463 464 -1 533 464 264 -1 264 464 459 -1 459 457 264 -1 264 457 454 -1 264 454 451 -1 451 1172 264 -1 264 1172 449 -1 264 449 447 -1 447 445 264 -1 264 445 443 -1 264 443 442 -1 275 530 1173 -1 1173 530 529 -1 1173 529 272 -1 272 529 530 -1 272 530 1174 -1 1174 530 534 -1 1174 534 232 -1 535 361 534 -1 534 361 1175 -1 534 1175 232 -1 519 1176 520 -1 520 1176 1177 -1 520 1177 526 -1 526 1177 1178 -1 526 1178 535 -1 535 1178 1179 -1 535 1179 361 -1 1180 1181 519 -1 519 1181 285 -1 519 285 1176 -1 519 524 1180 -1 1180 524 522 -1 1180 522 1182 -1 1182 522 1183 -1 1182 1183 1184 -1 531 532 536 -1 536 532 544 -1 536 544 537 -1 537 544 545 -1 537 545 547 -1 530 531 534 -1 534 531 536 -1 534 536 535 -1 535 536 537 -1 535 537 526 -1 526 537 547 -1 526 547 520 -1 520 547 548 -1 520 548 519 -1 519 548 549 -1 519 549 524 -1 524 549 550 -1 524 550 522 -1 522 550 551 -1 522 551 1183 -1 1183 551 552 -1 1183 552 1184 -1 1184 552 517 -1 1184 517 297 -1 550 1185 551 -1 551 1185 1186 -1 551 1186 552 -1 552 1186 1187 -1 552 1187 517 -1 517 1187 379 -1 1188 1189 550 -1 550 1189 1190 -1 550 1190 1185 -1 550 549 1188 -1 1188 549 548 -1 1188 548 411 -1 547 1191 548 -1 548 1191 1192 -1 548 1192 411 -1 545 417 547 -1 547 417 1193 -1 547 1193 1191 -1 532 1194 544 -1 544 1194 1195 -1 544 1195 545 -1 545 1195 1196 -1 545 1196 417 -1 436 433 532 -1 442 1197 532 -1 532 1197 1198 -1 532 1198 436 -1 532 430 427 -1 532 427 1194 -1 1199 1200 1201 -1 1201 1200 1202 -1 1201 1202 1203 -1 1203 1202 1204 -1 1205 1206 1207 -1 1207 1206 1208 -1 1209 1210 1211 -1 1212 1213 1214 -1 1210 1215 1211 -1 1211 1215 1216 -1 1211 1216 1217 -1 1218 1219 1206 -1 1206 1219 1220 -1 1206 1221 1218 -1 1218 1221 1222 -1 1218 1222 1223 -1 1223 1222 1224 -1 1223 1224 1225 -1 1225 1224 1226 -1 1225 1226 1227 -1 1227 1226 1204 -1 1227 1204 1228 -1 1228 1204 1202 -1 1201 1229 1199 -1 1199 1229 1230 -1 1199 1230 1231 -1 1231 1230 1232 -1 1231 1232 1233 -1 1233 1232 1234 -1 1233 1234 1235 -1 1235 1234 1236 -1 1235 1236 1237 -1 1237 1236 1238 -1 1237 1238 1239 -1 1239 1238 1240 -1 1239 1240 1241 -1 1241 1240 1242 -1 1241 1242 1243 -1 1243 1242 1244 -1 1243 1244 1245 -1 1245 1244 1246 -1 1245 1246 1247 -1 1247 1248 1245 -1 1245 1248 1249 -1 1245 1249 1216 -1 1216 1249 1250 -1 1216 1250 1217 -1 1251 1252 1212 -1 1212 1252 1253 -1 1212 1253 1254 -1 1255 1256 1211 -1 1211 1256 1257 -1 1211 1257 1209 -1 1220 1258 1206 -1 1206 1258 1259 -1 1206 1259 1208 -1 1255 1211 1212 -1 1212 1211 1260 -1 1212 1260 1251 -1 1254 1261 1212 -1 1212 1261 1262 -1 1212 1262 1213 -1 1263 1264 1265 -1 1265 1264 1266 -1 1265 1266 1267 -1 1207 1268 1205 -1 1205 1268 1264 -1 1205 1264 1269 -1 1269 1264 1263 -1 1270 1214 1271 -1 1271 1214 1272 -1 1270 1273 1214 -1 1214 1273 1274 -1 1214 1274 1275 -1 1275 1276 1214 -1 1214 1276 1277 -1 1214 1277 1278 -1 1278 1279 1214 -1 1214 1279 1280 -1 1214 1280 1212 -1 1267 1281 1265 -1 1265 1281 1282 -1 1265 1282 1283 -1 1283 1284 1265 -1 1265 1284 1285 -1 1265 1285 1286 -1 1287 1286 1288 -1 1288 1286 1289 -1 1287 1290 1286 -1 1286 1290 1291 -1 1286 1291 1265 -1 1292 1293 1294 -1 1295 1296 1297 -1 1298 1299 1300 -1 1301 1302 1303 -1 1304 1305 1306 -1 379 1307 1308 -1 1309 427 430 -1 442 1310 1311 -1 442 1311 1197 -1 1197 1311 1312 -1 1197 1312 1198 -1 1198 1312 1313 -1 1198 1313 436 -1 436 1313 433 -1 433 1313 1314 -1 433 1314 430 -1 427 1309 1194 -1 1194 1309 1315 -1 1194 1315 1195 -1 1316 1196 1195 -1 1196 1316 417 -1 417 1316 1317 -1 417 1317 1193 -1 1188 411 1318 -1 1318 411 1192 -1 1318 1192 1317 -1 1317 1192 1191 -1 1317 1191 1193 -1 1187 1186 1319 -1 1319 1186 1185 -1 1319 1185 1320 -1 1320 1185 1190 -1 1320 1190 1318 -1 1318 1190 1189 -1 1318 1189 1188 -1 379 1308 381 -1 381 1308 1321 -1 381 1321 383 -1 383 1321 1322 -1 383 1322 384 -1 384 1322 1323 -1 384 1323 385 -1 1324 387 386 -1 387 1324 388 -1 1324 1325 388 -1 388 1325 1326 -1 388 1326 390 -1 390 1326 1327 -1 390 1327 403 -1 403 1327 406 -1 1327 1328 406 -1 406 1328 1329 -1 406 1329 408 -1 408 1329 1330 -1 1331 400 1330 -1 1330 400 409 -1 1330 409 408 -1 1332 396 1331 -1 1331 396 398 -1 1331 398 400 -1 1333 392 395 -1 392 1333 393 -1 467 252 1304 -1 1304 1306 467 -1 467 1306 1334 -1 467 1334 463 -1 463 1334 1335 -1 463 1335 464 -1 464 1335 1336 -1 464 1336 459 -1 459 1336 1337 -1 459 1337 457 -1 457 1337 1338 -1 457 1338 454 -1 454 1338 1339 -1 454 1339 451 -1 451 1339 1340 -1 451 1340 1172 -1 1172 1340 1341 -1 1172 1341 449 -1 449 1341 1342 -1 449 1342 447 -1 447 1342 1343 -1 447 1343 445 -1 1310 442 1343 -1 1343 442 443 -1 1343 443 445 -1 1344 1345 1346 -1 1301 1347 1302 -1 1302 1347 1348 -1 1302 1348 1349 -1 1350 1351 1352 -1 1352 1351 1353 -1 1352 1353 1354 -1 1354 1353 1355 -1 1354 1355 1356 -1 1356 1355 1357 -1 1356 1357 1358 -1 1358 1357 1359 -1 1358 1359 1360 -1 1360 1359 1361 -1 1360 1361 1362 -1 1363 1364 1365 -1 1365 1364 1366 -1 1365 1366 1367 -1 1367 1366 1368 -1 1367 1368 1369 -1 1369 1368 1370 -1 1369 1370 1371 -1 1372 1373 1363 -1 1374 1277 1375 -1 1375 1277 1276 -1 1375 1276 1376 -1 1376 1276 1275 -1 1376 1275 1274 -1 1271 1372 1270 -1 1270 1372 1363 -1 1270 1363 1273 -1 1273 1363 1365 -1 1273 1365 1274 -1 1274 1365 1367 -1 1274 1367 1376 -1 1376 1367 1369 -1 1376 1369 1375 -1 1375 1369 1371 -1 1375 1371 1374 -1 1303 1302 1377 -1 1377 1302 1349 -1 1377 1349 1378 -1 1255 1212 1379 -1 1380 1381 1382 -1 1382 1381 1383 -1 1382 1383 1384 -1 1384 1383 1385 -1 1384 1385 1278 -1 1278 1385 1386 -1 1278 1386 1279 -1 1279 1386 1379 -1 1279 1379 1280 -1 1280 1379 1212 -1 1387 1388 1389 -1 1389 1388 1390 -1 1389 1390 1391 -1 1391 1390 1392 -1 1391 1392 1393 -1 1278 1277 1384 -1 1384 1277 1374 -1 1384 1374 1382 -1 1382 1374 1371 -1 1382 1371 1380 -1 1380 1371 1370 -1 1380 1370 1394 -1 1394 1370 1368 -1 1394 1368 1395 -1 1395 1368 1366 -1 1395 1366 1396 -1 1396 1366 1364 -1 1396 1364 1397 -1 1388 1398 1390 -1 1390 1398 1399 -1 1390 1399 1392 -1 1392 1399 1400 -1 1392 1400 1393 -1 1401 1402 1347 -1 1347 1402 1403 -1 1347 1403 1348 -1 1348 1403 1387 -1 1348 1387 1349 -1 1349 1387 1389 -1 1349 1389 1378 -1 1378 1389 1391 -1 1378 1391 1404 -1 1404 1391 1393 -1 1404 1393 1256 -1 1256 1393 1400 -1 1256 1400 1257 -1 1397 1405 1396 -1 1396 1405 1406 -1 1396 1406 1395 -1 1395 1406 1407 -1 1395 1407 1394 -1 1394 1407 1401 -1 1394 1401 1380 -1 1380 1401 1347 -1 1380 1347 1381 -1 1381 1347 1301 -1 1381 1301 1383 -1 1383 1301 1303 -1 1383 1303 1385 -1 1385 1303 1377 -1 1385 1377 1386 -1 1386 1377 1378 -1 1386 1378 1379 -1 1379 1378 1404 -1 1379 1404 1255 -1 1255 1404 1256 -1 1210 1209 1408 -1 1408 1209 1257 -1 1408 1257 1409 -1 1215 1210 1354 -1 1354 1210 1408 -1 1354 1408 1352 -1 1352 1408 1409 -1 1352 1409 1350 -1 1215 1354 1216 -1 1216 1354 1356 -1 1216 1356 1245 -1 1245 1356 1358 -1 1245 1358 1243 -1 1243 1358 1360 -1 1243 1360 1241 -1 1241 1360 1362 -1 1241 1362 1410 -1 1411 1412 1297 -1 1413 1299 1414 -1 1414 1299 1298 -1 1414 1298 1415 -1 1416 1417 1418 -1 1418 1417 1419 -1 1418 1419 1420 -1 1420 1419 1421 -1 1420 1421 1422 -1 1422 1421 1423 -1 1422 1423 1424 -1 1424 1423 1425 -1 1426 1427 1428 -1 1428 1427 1429 -1 1428 1429 1430 -1 1430 1429 1431 -1 1430 1431 1432 -1 1432 1431 1433 -1 1432 1433 1434 -1 1434 1433 1435 -1 1434 1435 1436 -1 1218 1424 1437 -1 1437 1424 1425 -1 1437 1425 1438 -1 1439 1440 1441 -1 1441 1440 1442 -1 1441 1442 1443 -1 1444 1445 1439 -1 1439 1445 1446 -1 1439 1446 1440 -1 1447 1448 1449 -1 1449 1448 1450 -1 1449 1450 1444 -1 1444 1450 1451 -1 1444 1451 1445 -1 1411 1297 1452 -1 1452 1297 1296 -1 1452 1296 1453 -1 1281 1300 1453 -1 1453 1300 1299 -1 1453 1299 1452 -1 1452 1299 1413 -1 1452 1413 1411 -1 1447 1267 1266 -1 1447 1266 1448 -1 1448 1266 1264 -1 1448 1264 1450 -1 1450 1264 1268 -1 1450 1268 1451 -1 1451 1268 1207 -1 1451 1207 1445 -1 1445 1207 1208 -1 1445 1208 1446 -1 1208 1259 1446 -1 1446 1259 1258 -1 1446 1258 1440 -1 1440 1258 1220 -1 1440 1220 1442 -1 1442 1220 1219 -1 1219 1218 1442 -1 1442 1218 1437 -1 1442 1437 1443 -1 1443 1437 1438 -1 1443 1438 1441 -1 1441 1438 1454 -1 1441 1454 1439 -1 1439 1454 1455 -1 1439 1455 1444 -1 1444 1455 1456 -1 1444 1456 1449 -1 1218 1223 1424 -1 1424 1223 1225 -1 1424 1225 1422 -1 1422 1225 1227 -1 1422 1227 1420 -1 1420 1227 1228 -1 1420 1228 1418 -1 1418 1228 1202 -1 1418 1202 1416 -1 1416 1202 1200 -1 1416 1200 1457 -1 1200 1199 1457 -1 1457 1199 1231 -1 1457 1231 1458 -1 1293 1292 1459 -1 1460 1461 1292 -1 1292 1461 1462 -1 1292 1462 1459 -1 1459 1462 1463 -1 1459 1463 1464 -1 1464 1463 1465 -1 1466 1315 1467 -1 1467 1315 1309 -1 1467 1309 1468 -1 1468 1309 430 -1 1468 430 1469 -1 1469 430 1314 -1 1373 1470 1345 -1 1345 1470 1471 -1 1345 1471 1346 -1 1346 1471 1472 -1 1346 1472 1333 -1 1333 1472 337 -1 1333 337 393 -1 1344 1346 1473 -1 1473 1346 1333 -1 1473 1333 1332 -1 1332 1333 395 -1 1332 395 396 -1 1474 1324 1323 -1 1323 1324 386 -1 1323 386 385 -1 1373 1345 1363 -1 1363 1345 1344 -1 1363 1344 1364 -1 1364 1344 1473 -1 1364 1473 1397 -1 1397 1473 1332 -1 1397 1332 1405 -1 1405 1332 1331 -1 1405 1331 1406 -1 1406 1331 1330 -1 1406 1330 1407 -1 1407 1330 1329 -1 1407 1329 1401 -1 1401 1329 1328 -1 1401 1328 1402 -1 1402 1328 1327 -1 1402 1327 1403 -1 1403 1327 1326 -1 1403 1326 1387 -1 1387 1326 1325 -1 1387 1325 1388 -1 1388 1325 1324 -1 1388 1324 1398 -1 1398 1324 1474 -1 1398 1474 1399 -1 1257 1400 1409 -1 1409 1400 1399 -1 1409 1399 1350 -1 1350 1399 1474 -1 1350 1474 1351 -1 1351 1474 1323 -1 1351 1323 1353 -1 1353 1323 1322 -1 1353 1322 1355 -1 1355 1322 1321 -1 1355 1321 1357 -1 1357 1321 1308 -1 1357 1308 1359 -1 1359 1308 1307 -1 1359 1307 1361 -1 1361 1307 1436 -1 1361 1436 1362 -1 1362 1436 1435 -1 1362 1435 1410 -1 1410 1435 1433 -1 1410 1433 1475 -1 1475 1433 1431 -1 1475 1431 1458 -1 1458 1431 1429 -1 1458 1429 1457 -1 1457 1429 1427 -1 1457 1427 1416 -1 1416 1427 1426 -1 1416 1426 1417 -1 1195 1315 1316 -1 1316 1315 1466 -1 1316 1466 1317 -1 1317 1466 1476 -1 1317 1476 1318 -1 1318 1476 1477 -1 1318 1477 1320 -1 1412 1460 1297 -1 1297 1460 1292 -1 1297 1292 1295 -1 1295 1292 1294 -1 1295 1294 1286 -1 1286 1285 1295 -1 1295 1285 1284 -1 1295 1284 1296 -1 1296 1284 1283 -1 1296 1283 1453 -1 1453 1283 1282 -1 1453 1282 1281 -1 1231 1233 1458 -1 1458 1233 1235 -1 1458 1235 1475 -1 1475 1235 1237 -1 1475 1237 1410 -1 1410 1237 1239 -1 1410 1239 1241 -1 1305 1465 1306 -1 1306 1465 1463 -1 1306 1463 1334 -1 1334 1463 1462 -1 1334 1462 1335 -1 1335 1462 1461 -1 1335 1461 1336 -1 1336 1461 1460 -1 1336 1460 1337 -1 1337 1460 1412 -1 1337 1412 1338 -1 1338 1412 1411 -1 1338 1411 1339 -1 1339 1411 1413 -1 1339 1413 1340 -1 1340 1413 1414 -1 1340 1414 1341 -1 1341 1414 1415 -1 1341 1415 1342 -1 1281 1267 1300 -1 1300 1267 1447 -1 1300 1447 1298 -1 1298 1447 1449 -1 1298 1449 1415 -1 1415 1449 1456 -1 1415 1456 1342 -1 1342 1456 1455 -1 1342 1455 1343 -1 1343 1455 1454 -1 1343 1454 1310 -1 1310 1454 1438 -1 1310 1438 1311 -1 1311 1438 1425 -1 1311 1425 1312 -1 1312 1425 1423 -1 1312 1423 1313 -1 1313 1423 1421 -1 1313 1421 1314 -1 1314 1421 1419 -1 1314 1419 1469 -1 1469 1419 1417 -1 1469 1417 1468 -1 1468 1417 1426 -1 1468 1426 1467 -1 1467 1426 1428 -1 1467 1428 1466 -1 1466 1428 1430 -1 1466 1430 1476 -1 1476 1430 1432 -1 1476 1432 1477 -1 1477 1432 1434 -1 1477 1434 1320 -1 1320 1434 1436 -1 1320 1436 1319 -1 1319 1436 1307 -1 1319 1307 1187 -1 1187 1307 379 -1 1478 1479 1480 -1 1213 1262 1481 -1 1481 1262 1261 -1 1482 1483 1484 -1 1485 1486 1487 -1 1488 1489 1490 -1 1491 1492 1493 -1 244 253 1304 -1 259 257 1494 -1 1178 1177 1478 -1 1495 1180 1182 -1 1184 1496 1497 -1 1498 1499 1167 -1 336 1500 334 -1 334 1500 1501 -1 334 1501 333 -1 333 1501 1502 -1 1503 329 1502 -1 1502 329 331 -1 1502 331 333 -1 1504 322 1505 -1 1505 322 327 -1 1505 327 1506 -1 1506 327 325 -1 1506 325 1503 -1 1503 325 324 -1 1503 324 329 -1 1507 319 1504 -1 1504 319 323 -1 1504 323 322 -1 311 313 1508 -1 313 315 1508 -1 1508 315 1168 -1 1508 1168 1507 -1 1507 1168 320 -1 1507 320 319 -1 1170 1169 1509 -1 1508 1510 311 -1 311 1510 1509 -1 311 1509 308 -1 308 1509 1169 -1 1509 1511 1170 -1 1170 1511 1512 -1 1170 1512 303 -1 303 1512 1513 -1 303 1513 1171 -1 1171 1513 1166 -1 1498 1167 1513 -1 1513 1167 300 -1 1513 300 1166 -1 1496 1184 1499 -1 1499 1184 297 -1 1499 297 1167 -1 1177 1176 1514 -1 1514 1176 285 -1 1514 285 1495 -1 1495 285 1181 -1 1495 1181 1180 -1 1515 1179 1178 -1 1516 1175 1515 -1 1515 1175 361 -1 1515 361 1179 -1 1517 1174 1516 -1 1516 1174 232 -1 1516 232 1175 -1 1517 267 275 -1 275 1173 1517 -1 1517 1173 272 -1 1517 272 1174 -1 270 269 1518 -1 1518 269 267 -1 1518 267 1519 -1 1519 267 1517 -1 270 1518 235 -1 235 1518 1520 -1 235 1520 236 -1 264 239 1521 -1 1521 239 238 -1 1521 238 1520 -1 1520 238 265 -1 1520 265 236 -1 264 1521 241 -1 241 1521 1522 -1 241 1522 242 -1 242 1522 263 -1 263 1522 1523 -1 263 1523 262 -1 262 1523 1524 -1 262 1524 254 -1 1494 257 1524 -1 1524 257 255 -1 1524 255 254 -1 249 248 1304 -1 1304 248 245 -1 1304 245 244 -1 1304 252 251 -1 1304 251 250 -1 1304 250 249 -1 1525 1526 1527 -1 1527 1526 1528 -1 1527 1528 1491 -1 1529 1530 1531 -1 1532 1533 1534 -1 1535 1536 1537 -1 1537 1536 1538 -1 1290 1287 1538 -1 1538 1287 1288 -1 1289 1286 1294 -1 1288 1289 1538 -1 1538 1289 1294 -1 1538 1294 1537 -1 1537 1294 1293 -1 1537 1293 1539 -1 1491 1493 1527 -1 1527 1493 1530 -1 1527 1530 1525 -1 1525 1530 1529 -1 1525 1529 1540 -1 1263 1265 1538 -1 1538 1265 1291 -1 1538 1291 1290 -1 1263 1538 1269 -1 1269 1538 1536 -1 1269 1536 1205 -1 1205 1536 1535 -1 1205 1535 1206 -1 1534 1533 1541 -1 1541 1533 1542 -1 1541 1542 1531 -1 1531 1542 1543 -1 1531 1543 1529 -1 1529 1543 1544 -1 1529 1544 1540 -1 1221 1540 1222 -1 1222 1540 1544 -1 1222 1544 1224 -1 1224 1544 1543 -1 1224 1543 1226 -1 1226 1543 1542 -1 1226 1542 1204 -1 1204 1542 1533 -1 1204 1533 1203 -1 1203 1533 1532 -1 1203 1532 1201 -1 1545 1546 1547 -1 1547 1546 1548 -1 1547 1548 1549 -1 1549 1548 1550 -1 1551 1485 1552 -1 1553 1554 1555 -1 1555 1554 1556 -1 1555 1556 1557 -1 1557 1556 1558 -1 1553 1555 1559 -1 1559 1555 1560 -1 1559 1560 1561 -1 1561 1560 1562 -1 1561 1562 1490 -1 1563 1558 1564 -1 1564 1558 1556 -1 1564 1556 1565 -1 1565 1556 1554 -1 1487 1486 1566 -1 1566 1486 1567 -1 1566 1567 1563 -1 1563 1567 1568 -1 1563 1568 1558 -1 1558 1568 1569 -1 1558 1569 1557 -1 1551 1570 1571 -1 1571 1570 1572 -1 1571 1572 1573 -1 1573 1572 1545 -1 1573 1545 1574 -1 1574 1545 1547 -1 1574 1547 1575 -1 1575 1547 1549 -1 1575 1549 1576 -1 1576 1549 1550 -1 1576 1550 1577 -1 1578 1579 1234 -1 1551 1552 1570 -1 1570 1552 1580 -1 1570 1580 1572 -1 1572 1580 1579 -1 1572 1579 1545 -1 1545 1579 1578 -1 1545 1578 1546 -1 1564 1581 1563 -1 1563 1581 1582 -1 1563 1582 1566 -1 1566 1582 1583 -1 1566 1583 1487 -1 1487 1583 1584 -1 1487 1584 1585 -1 1490 1489 1561 -1 1561 1489 1586 -1 1561 1586 1559 -1 1559 1586 1587 -1 1559 1587 1553 -1 1553 1587 1588 -1 1553 1588 1554 -1 1554 1588 1589 -1 1554 1589 1565 -1 1565 1589 1590 -1 1565 1590 1564 -1 1564 1590 1591 -1 1564 1591 1581 -1 1592 1593 1594 -1 1594 1593 1595 -1 1594 1595 1596 -1 1597 1598 1599 -1 1599 1598 1600 -1 1599 1600 1601 -1 1601 1600 1602 -1 1601 1602 1603 -1 1603 1602 1604 -1 1603 1604 1605 -1 1605 1604 1596 -1 1605 1596 1606 -1 1606 1596 1595 -1 1607 1608 1609 -1 1609 1608 1610 -1 1609 1610 1611 -1 1611 1610 1612 -1 1611 1612 1613 -1 1613 1612 1614 -1 1613 1614 1615 -1 1616 1617 1618 -1 1618 1617 1619 -1 1618 1619 1620 -1 1484 1483 1619 -1 1619 1483 1621 -1 1619 1621 1620 -1 1482 1622 1623 -1 1623 1622 1624 -1 1623 1624 1625 -1 1608 1626 1610 -1 1610 1626 1627 -1 1610 1627 1612 -1 1612 1627 1628 -1 1612 1628 1614 -1 1614 1628 1629 -1 1614 1629 1615 -1 1630 1626 1631 -1 1631 1626 1608 -1 1631 1608 1632 -1 1632 1608 1607 -1 1632 1607 1633 -1 1630 1634 1626 -1 1626 1634 1624 -1 1626 1624 1627 -1 1627 1624 1622 -1 1627 1622 1628 -1 1628 1622 1482 -1 1628 1482 1629 -1 1629 1482 1484 -1 1629 1484 1615 -1 1635 1597 1636 -1 1636 1597 1599 -1 1636 1599 1637 -1 1637 1599 1601 -1 1637 1601 1638 -1 1638 1601 1603 -1 1638 1603 1639 -1 1639 1603 1605 -1 1639 1605 1640 -1 1640 1605 1606 -1 1640 1606 1641 -1 1488 1642 1633 -1 1633 1642 1643 -1 1633 1643 1632 -1 1632 1643 1644 -1 1632 1644 1631 -1 1631 1644 1645 -1 1631 1645 1630 -1 1642 1646 1643 -1 1643 1646 1647 -1 1643 1647 1644 -1 1644 1647 1648 -1 1644 1648 1645 -1 1645 1648 1649 -1 1645 1649 1630 -1 1630 1649 1650 -1 1630 1650 1634 -1 1634 1650 1651 -1 1634 1651 1624 -1 1624 1651 1652 -1 1624 1652 1625 -1 1272 1214 1653 -1 1654 1655 1656 -1 1656 1655 1653 -1 1656 1653 1481 -1 1481 1653 1214 -1 1481 1214 1213 -1 1646 1654 1647 -1 1647 1654 1656 -1 1647 1656 1648 -1 1648 1656 1481 -1 1648 1481 1649 -1 1649 1481 1261 -1 1649 1261 1650 -1 1650 1261 1254 -1 1650 1254 1651 -1 1651 1254 1253 -1 1651 1253 1652 -1 1652 1253 1252 -1 1652 1252 1625 -1 1641 1606 1657 -1 1657 1606 1595 -1 1657 1595 1658 -1 1658 1595 1593 -1 1658 1593 1372 -1 1252 1251 1625 -1 1625 1251 1260 -1 1625 1260 1623 -1 1623 1260 1211 -1 1623 1211 1482 -1 1482 1211 1217 -1 1482 1217 1483 -1 1483 1217 1250 -1 1483 1250 1621 -1 1621 1250 1249 -1 1621 1249 1620 -1 1600 1659 1602 -1 1602 1659 1660 -1 1602 1660 1604 -1 1604 1660 1661 -1 1604 1661 1596 -1 1596 1661 1662 -1 1596 1662 1594 -1 1594 1662 1663 -1 1594 1663 1592 -1 1592 1663 1664 -1 1592 1664 1593 -1 1593 1664 1373 -1 1593 1373 1372 -1 1244 1616 1246 -1 1246 1616 1618 -1 1246 1618 1247 -1 1247 1618 1620 -1 1247 1620 1248 -1 1248 1620 1249 -1 1488 1633 1489 -1 1489 1633 1607 -1 1489 1607 1586 -1 1586 1607 1609 -1 1586 1609 1587 -1 1587 1609 1611 -1 1587 1611 1588 -1 1588 1611 1613 -1 1588 1613 1589 -1 1589 1613 1615 -1 1589 1615 1590 -1 1590 1615 1484 -1 1590 1484 1591 -1 1591 1484 1619 -1 1591 1619 1581 -1 1581 1619 1617 -1 1581 1617 1582 -1 1582 1617 1616 -1 1582 1616 1583 -1 1583 1616 1244 -1 1583 1244 1584 -1 1584 1244 1242 -1 1584 1242 1585 -1 1585 1242 1240 -1 1585 1240 1238 -1 1485 1487 1552 -1 1552 1487 1585 -1 1552 1585 1580 -1 1580 1585 1238 -1 1580 1238 1579 -1 1579 1238 1236 -1 1579 1236 1234 -1 1659 1665 1660 -1 1660 1665 1666 -1 1660 1666 1661 -1 1661 1666 1667 -1 1661 1667 1662 -1 1662 1667 1668 -1 1662 1668 1663 -1 1663 1668 1669 -1 1663 1669 1664 -1 1664 1669 1470 -1 1664 1470 1373 -1 1670 1514 1671 -1 1671 1514 1495 -1 1671 1495 1497 -1 1497 1495 1182 -1 1497 1182 1184 -1 259 1494 253 -1 253 1494 1672 -1 253 1672 1304 -1 1304 1672 1673 -1 1539 1293 1674 -1 1674 1293 1459 -1 1674 1459 1675 -1 1675 1459 1464 -1 1675 1464 1465 -1 1221 1206 1540 -1 1540 1206 1535 -1 1540 1535 1525 -1 1525 1535 1537 -1 1525 1537 1526 -1 1526 1537 1528 -1 1528 1537 1539 -1 1528 1539 1491 -1 1491 1539 1674 -1 1491 1674 1492 -1 1492 1674 1675 -1 1492 1675 1465 -1 1178 1478 1515 -1 1515 1478 1480 -1 1515 1480 1516 -1 1516 1480 1676 -1 1516 1676 1517 -1 1517 1676 1677 -1 1517 1677 1519 -1 1372 1271 1658 -1 1658 1271 1272 -1 1658 1272 1657 -1 1657 1272 1653 -1 1657 1653 1641 -1 1641 1653 1655 -1 1641 1655 1640 -1 1640 1655 1654 -1 1640 1654 1639 -1 1639 1654 1646 -1 1639 1646 1638 -1 1638 1646 1642 -1 1638 1642 1637 -1 1637 1642 1488 -1 1637 1488 1636 -1 1636 1488 1490 -1 1636 1490 1635 -1 1635 1490 1562 -1 1534 1577 1532 -1 1532 1577 1550 -1 1532 1550 1201 -1 1201 1550 1548 -1 1201 1548 1229 -1 1229 1548 1546 -1 1229 1546 1230 -1 1230 1546 1578 -1 1230 1578 1232 -1 1232 1578 1234 -1 336 337 1500 -1 1500 337 1472 -1 1500 1472 1471 -1 1571 1670 1551 -1 1551 1670 1671 -1 1551 1671 1485 -1 1485 1671 1497 -1 1485 1497 1486 -1 1486 1497 1496 -1 1486 1496 1567 -1 1567 1496 1499 -1 1567 1499 1568 -1 1568 1499 1498 -1 1568 1498 1569 -1 1569 1498 1513 -1 1569 1513 1557 -1 1557 1513 1512 -1 1557 1512 1555 -1 1555 1512 1511 -1 1555 1511 1560 -1 1560 1511 1509 -1 1560 1509 1562 -1 1562 1509 1510 -1 1562 1510 1635 -1 1635 1510 1508 -1 1635 1508 1597 -1 1597 1508 1507 -1 1597 1507 1598 -1 1598 1507 1504 -1 1598 1504 1600 -1 1600 1504 1505 -1 1600 1505 1659 -1 1659 1505 1506 -1 1659 1506 1665 -1 1665 1506 1503 -1 1665 1503 1666 -1 1666 1503 1502 -1 1666 1502 1667 -1 1667 1502 1501 -1 1667 1501 1668 -1 1668 1501 1500 -1 1668 1500 1669 -1 1669 1500 1471 -1 1669 1471 1470 -1 1177 1514 1478 -1 1478 1514 1670 -1 1478 1670 1479 -1 1479 1670 1571 -1 1479 1571 1480 -1 1480 1571 1573 -1 1480 1573 1676 -1 1676 1573 1574 -1 1676 1574 1677 -1 1677 1574 1575 -1 1677 1575 1519 -1 1519 1575 1576 -1 1519 1576 1518 -1 1518 1576 1577 -1 1518 1577 1520 -1 1520 1577 1534 -1 1520 1534 1521 -1 1521 1534 1541 -1 1521 1541 1522 -1 1522 1541 1531 -1 1522 1531 1523 -1 1523 1531 1530 -1 1523 1530 1524 -1 1524 1530 1493 -1 1524 1493 1494 -1 1494 1493 1492 -1 1494 1492 1672 -1 1672 1492 1465 -1 1672 1465 1673 -1 1673 1465 1305 -1 1673 1305 1304 -1 1678 1679 1680 -1 1681 1682 1683 -1 1683 1682 1684 -1 1683 1684 1685 -1 1685 1684 1686 -1 1685 1686 1687 -1 1687 1686 1688 -1 1687 1688 1689 -1 1689 1688 1690 -1 1689 1690 1691 -1 1691 1690 1692 -1 1693 1694 1695 -1 1695 1694 1696 -1 1695 1696 1692 -1 1692 1696 1697 -1 1692 1697 1691 -1 1698 1699 1700 -1 1700 1699 1701 -1 1700 1701 1693 -1 1693 1701 1702 -1 1693 1702 1694 -1 1703 1704 1705 -1 1705 1704 1706 -1 1707 1708 1706 -1 1706 1708 1709 -1 1706 1709 1705 -1 1710 1711 1712 -1 1712 1711 1713 -1 1712 1713 1714 -1 1715 1716 1712 -1 1712 1716 1717 -1 1712 1717 1710 -1 1718 1719 1715 -1 1715 1719 1720 -1 1715 1720 1716 -1 1721 1722 1718 -1 1718 1722 1723 -1 1718 1723 1719 -1 1724 1725 1721 -1 1721 1725 1726 -1 1721 1726 1722 -1 1678 1727 1679 -1 1679 1727 1728 -1 1679 1728 1724 -1 1724 1728 1729 -1 1724 1729 1725 -1 1730 1731 1680 -1 1680 1731 1732 -1 1680 1732 1678 -1 1681 1733 1682 -1 1682 1733 1734 -1 1682 1734 1730 -1 1730 1734 1735 -1 1730 1735 1731 -1 1713 1708 1714 -1 1714 1708 1707 -1 1714 1707 1712 -1 1712 1707 1736 -1 1712 1736 1715 -1 1715 1736 1737 -1 1715 1737 1718 -1 1738 1704 1739 -1 1739 1704 1740 -1 1704 1703 1741 -1 1741 1742 1704 -1 1704 1742 1743 -1 1704 1743 1740 -1 1742 1744 1743 -1 1743 1744 1745 -1 1743 1745 1746 -1 1745 1747 1746 -1 1746 1747 1748 -1 1746 1748 1749 -1 1749 1748 1750 -1 1749 1750 1751 -1 1751 1750 1752 -1 1751 1752 1753 -1 1753 1754 1751 -1 1751 1754 1755 -1 1751 1755 1756 -1 1757 1758 1759 -1 1760 1761 1762 -1 1762 1761 1763 -1 1760 1764 1761 -1 1761 1764 1765 -1 1761 1765 1766 -1 1766 1767 1761 -1 1761 1767 1768 -1 1761 1768 1763 -1 1769 1770 1771 -1 1771 1770 1772 -1 1771 1772 1773 -1 1768 1774 1763 -1 1763 1774 1775 -1 1763 1775 1771 -1 1771 1775 1769 -1 1773 1772 1759 -1 1759 1772 1776 -1 1759 1776 1757 -1 1756 1777 1751 -1 1751 1777 1759 -1 1751 1759 1778 -1 1778 1759 1758 -1 1779 1680 1679 -1 1780 1730 1680 -1 1781 1682 1730 -1 1782 1783 1784 -1 1784 1783 1785 -1 1786 1787 1788 -1 1788 1787 1789 -1 1789 1787 1790 -1 1790 1787 1791 -1 1790 1791 1792 -1 1792 1791 1793 -1 1793 1791 1794 -1 1793 1794 1795 -1 1795 1794 1796 -1 1796 1794 1797 -1 1796 1797 1798 -1 1798 1797 1799 -1 1798 1799 1800 -1 1801 1802 1803 -1 1803 1802 1804 -1 1803 1804 1799 -1 1799 1804 1805 -1 1799 1805 1800 -1 1806 1807 1808 -1 1808 1807 1809 -1 1810 1811 1812 -1 1812 1811 1813 -1 1814 1815 1816 -1 1817 1818 1819 -1 1819 1818 1820 -1 1821 1822 1819 -1 1819 1822 1823 -1 1819 1823 1817 -1 1824 1825 1826 -1 1826 1825 1827 -1 1826 1827 1821 -1 1821 1827 1828 -1 1821 1828 1822 -1 1829 1830 1831 -1 1832 1833 1830 -1 1830 1833 1834 -1 1830 1834 1831 -1 1835 1836 1837 -1 1837 1836 1838 -1 1837 1838 1832 -1 1832 1838 1839 -1 1832 1839 1833 -1 1840 1841 1842 -1 1842 1841 1843 -1 1842 1843 1844 -1 1840 1842 1845 -1 1845 1842 1846 -1 1845 1846 1738 -1 1843 1835 1844 -1 1844 1835 1837 -1 1844 1837 1847 -1 1847 1837 1832 -1 1847 1832 1848 -1 1848 1832 1830 -1 1848 1830 1849 -1 1849 1830 1829 -1 1849 1829 1850 -1 1850 1829 1851 -1 1850 1851 1852 -1 1852 1851 1853 -1 1852 1853 1854 -1 1854 1853 1814 -1 1854 1814 1812 -1 1812 1814 1816 -1 1812 1816 1810 -1 1831 1824 1829 -1 1829 1824 1826 -1 1829 1826 1851 -1 1851 1826 1821 -1 1851 1821 1853 -1 1853 1821 1819 -1 1853 1819 1814 -1 1814 1819 1820 -1 1814 1820 1815 -1 1682 1781 1855 -1 1855 1781 1856 -1 1855 1856 1801 -1 1680 1779 1780 -1 1780 1779 1857 -1 1780 1857 1858 -1 1858 1857 1808 -1 1858 1808 1784 -1 1784 1808 1809 -1 1784 1809 1782 -1 1730 1780 1781 -1 1781 1780 1858 -1 1781 1858 1856 -1 1856 1858 1784 -1 1856 1784 1801 -1 1801 1784 1785 -1 1801 1785 1802 -1 1786 1698 1787 -1 1787 1698 1700 -1 1787 1700 1791 -1 1791 1700 1693 -1 1791 1693 1794 -1 1794 1693 1695 -1 1794 1695 1797 -1 1797 1695 1692 -1 1797 1692 1799 -1 1799 1692 1690 -1 1799 1690 1803 -1 1803 1690 1688 -1 1803 1688 1801 -1 1801 1688 1686 -1 1801 1686 1855 -1 1855 1686 1684 -1 1855 1684 1682 -1 1704 1738 1706 -1 1706 1738 1846 -1 1706 1846 1707 -1 1707 1846 1842 -1 1707 1842 1736 -1 1736 1842 1844 -1 1736 1844 1737 -1 1737 1844 1847 -1 1737 1847 1718 -1 1718 1847 1848 -1 1718 1848 1721 -1 1721 1848 1849 -1 1721 1849 1724 -1 1724 1849 1850 -1 1724 1850 1679 -1 1679 1850 1852 -1 1679 1852 1779 -1 1779 1852 1854 -1 1779 1854 1857 -1 1857 1854 1812 -1 1857 1812 1808 -1 1808 1812 1813 -1 1808 1813 1806 -1 1859 1699 1698 -1 1860 1861 1862 -1 1862 1861 1863 -1 1862 1863 1698 -1 1698 1863 1864 -1 1698 1864 1859 -1 1865 1866 1862 -1 1862 1866 1867 -1 1862 1867 1868 -1 1868 1869 1862 -1 1862 1869 1870 -1 1862 1870 1860 -1 1862 1698 1786 -1 1871 1872 1873 -1 1874 1875 1873 -1 1876 1877 1873 -1 1876 1873 1878 -1 1879 1873 1880 -1 1880 1873 1881 -1 1879 1882 1873 -1 1873 1882 1883 -1 1873 1883 1884 -1 1885 1886 1873 -1 1885 1873 1887 -1 1884 1888 1873 -1 1873 1888 1889 -1 1873 1889 1887 -1 1886 1890 1873 -1 1873 1890 1891 -1 1873 1891 1878 -1 1877 1892 1873 -1 1873 1892 1893 -1 1873 1893 1894 -1 1894 1895 1873 -1 1873 1895 1896 -1 1873 1896 1874 -1 1875 1897 1873 -1 1873 1897 1898 -1 1873 1898 1899 -1 1899 1900 1873 -1 1873 1900 1901 -1 1873 1901 1871 -1 1873 1902 1903 -1 1903 1904 1873 -1 1873 1904 1905 -1 1873 1905 1906 -1 1906 1907 1873 -1 1873 1907 1908 -1 1873 1908 1881 -1 1909 1910 1873 -1 1873 1910 1911 -1 1873 1911 1902 -1 1788 1909 1786 -1 1786 1909 1873 -1 1786 1873 1862 -1 1862 1873 1872 -1 1862 1872 1865 -1 1912 1913 1914 -1 576 577 1915 -1 1915 577 578 -1 1915 578 1916 -1 1916 578 579 -1 1916 579 1917 -1 574 1918 1919 -1 1919 1918 575 -1 1919 575 1920 -1 1920 575 576 -1 1920 576 1921 -1 1921 576 1915 -1 1922 1923 570 -1 570 571 1922 -1 1922 571 572 -1 1922 572 1919 -1 1919 572 573 -1 1919 573 574 -1 1924 563 564 -1 1924 564 1925 -1 1925 564 565 -1 1925 565 1926 -1 565 566 1926 -1 1926 566 567 -1 1926 567 1927 -1 1927 567 568 -1 1927 568 1923 -1 1923 568 569 -1 1923 569 570 -1 563 1924 562 -1 562 1924 1928 -1 562 1928 561 -1 561 1928 1929 -1 561 1929 560 -1 560 1929 1930 -1 560 1930 559 -1 559 1930 1931 -1 559 1931 558 -1 558 1931 557 -1 557 1931 1932 -1 557 1932 1933 -1 1934 554 1935 -1 1935 554 1936 -1 1935 1936 1933 -1 1933 1936 556 -1 1933 556 557 -1 1937 1938 1939 -1 1939 1938 553 -1 1939 553 1934 -1 1934 553 1940 -1 1934 1940 554 -1 1939 1941 1937 -1 1937 1941 1942 -1 1937 1942 1943 -1 1943 1942 1944 -1 1943 1944 1945 -1 1945 1944 1946 -1 1945 1946 1947 -1 1947 1946 1948 -1 1947 1948 1949 -1 1949 1948 1950 -1 1950 1948 1951 -1 1950 1951 598 -1 598 1951 1952 -1 598 1952 1953 -1 1953 1952 1954 -1 1953 1954 602 -1 602 1954 1955 -1 1955 1954 1956 -1 1955 1956 1957 -1 1956 1958 1957 -1 1957 1958 1959 -1 1957 1959 1960 -1 1959 1961 1960 -1 1960 1961 1962 -1 1960 1962 1963 -1 1963 1962 1964 -1 1963 1964 1965 -1 1913 1966 1914 -1 1914 1966 1967 -1 1914 1967 1968 -1 1968 1967 605 -1 1968 605 1969 -1 1912 1914 638 -1 638 1914 1970 -1 638 1970 1971 -1 1972 1973 1974 -1 1974 1973 640 -1 1974 640 1970 -1 1970 640 1975 -1 1970 1975 1971 -1 1976 621 1977 -1 1977 621 1978 -1 1977 1978 1972 -1 1972 1978 622 -1 1972 622 1973 -1 629 630 1979 -1 1979 630 631 -1 1979 631 1980 -1 1980 631 633 -1 1980 633 1981 -1 1981 633 634 -1 1981 634 1982 -1 1982 634 635 -1 1982 635 1976 -1 1976 635 636 -1 1976 636 621 -1 627 628 1983 -1 624 625 1983 -1 1983 625 626 -1 1983 626 627 -1 1984 1985 1986 -1 1987 1988 1984 -1 1986 1989 1984 -1 1984 1989 1990 -1 1984 1990 1987 -1 628 629 1983 -1 1983 629 1979 -1 1983 1979 1991 -1 1991 1979 1992 -1 1993 1985 1992 -1 1992 1985 1984 -1 1992 1984 1991 -1 1991 1984 1994 -1 1991 1994 1983 -1 1983 1994 1995 -1 1983 1995 624 -1 1980 1996 1979 -1 1979 1996 1997 -1 1979 1997 1992 -1 1992 1997 1998 -1 1992 1998 1993 -1 1970 1999 1974 -1 1974 1999 2000 -1 1974 2000 1972 -1 1972 2000 2001 -1 1972 2001 1977 -1 1977 2001 2002 -1 1977 2002 1976 -1 1976 2002 2003 -1 1976 2003 1982 -1 1982 2003 2004 -1 1982 2004 1981 -1 1981 2004 2005 -1 1981 2005 1980 -1 1980 2005 2006 -1 1980 2006 1996 -1 1965 1964 1969 -1 1969 1964 2007 -1 1969 2007 1968 -1 1968 2007 2008 -1 1968 2008 1914 -1 2008 2009 1914 -1 1914 2009 2010 -1 1914 2010 1970 -1 1970 2010 2011 -1 1970 2011 1999 -1 1681 2012 2013 -1 1701 1699 667 -1 667 1699 1859 -1 667 1859 2014 -1 2014 1859 1864 -1 2014 1864 2015 -1 2015 1864 1863 -1 2015 1863 2016 -1 2016 1863 1861 -1 2016 1861 665 -1 665 1861 1860 -1 665 1860 1870 -1 1869 2017 1870 -1 1870 2017 2018 -1 1870 2018 665 -1 1869 1868 2017 -1 2017 1868 1867 -1 2017 1867 661 -1 661 1867 1866 -1 661 1866 2019 -1 1865 2020 1866 -1 1866 2020 659 -1 1866 659 2019 -1 1865 1872 2020 -1 2020 1872 2021 -1 2020 2021 658 -1 658 2021 2022 -1 658 2022 656 -1 656 2022 2023 -1 656 2023 654 -1 654 2023 2024 -1 654 2024 653 -1 649 650 2025 -1 2025 650 651 -1 2025 651 2024 -1 2024 651 652 -1 2024 652 653 -1 2025 2026 649 -1 649 2026 2027 -1 649 2027 580 -1 580 2027 1917 -1 580 1917 579 -1 2028 1702 2029 -1 2029 1702 1701 -1 2029 1701 2030 -1 2030 1701 667 -1 2031 1689 2032 -1 2032 1689 1691 -1 2032 1691 2033 -1 2033 1691 1697 -1 2033 1697 2034 -1 2034 1697 1696 -1 2034 1696 2028 -1 2028 1696 1694 -1 2028 1694 1702 -1 2012 1681 684 -1 684 1681 1683 -1 684 1683 2035 -1 2035 1683 1685 -1 2035 1685 2031 -1 2031 1685 1687 -1 2031 1687 1689 -1 1984 1988 2036 -1 1994 620 1995 -1 1995 620 623 -1 1995 623 624 -1 2037 619 2038 -1 2038 619 620 -1 2038 620 2036 -1 2036 620 1994 -1 2036 1994 1984 -1 2039 617 2040 -1 2040 617 618 -1 2040 618 2037 -1 2037 618 2041 -1 2037 2041 619 -1 2042 2043 2039 -1 2039 2043 616 -1 2039 616 617 -1 2042 2044 2043 -1 2043 2044 2045 -1 2043 2045 614 -1 2045 2046 614 -1 614 2046 2047 -1 614 2047 613 -1 613 2047 2048 -1 613 2048 612 -1 612 2048 608 -1 608 2048 2049 -1 608 2049 610 -1 610 2049 2050 -1 610 2050 611 -1 611 2050 2051 -1 611 2051 2052 -1 2052 2051 2053 -1 2052 2053 2054 -1 2055 2056 2057 -1 2057 2056 2058 -1 2057 2058 2053 -1 2053 2058 2059 -1 2053 2059 2054 -1 2060 2061 2055 -1 2055 2061 2062 -1 2055 2062 2056 -1 2063 679 2064 -1 2064 679 2065 -1 2065 2066 2064 -1 2064 2066 2067 -1 2064 2067 2060 -1 2060 2067 2068 -1 2060 2068 2061 -1 2069 2070 2071 -1 2071 2070 678 -1 2071 678 2063 -1 2063 678 2072 -1 2063 2072 679 -1 2071 2073 2069 -1 2069 2073 2074 -1 2069 2074 682 -1 682 2074 2075 -1 682 2075 2076 -1 2075 2077 2076 -1 2076 2077 2078 -1 2076 2078 2079 -1 2078 2080 2079 -1 2079 2080 2081 -1 2079 2081 2013 -1 2013 2081 2082 -1 2013 2082 1681 -1 1887 1889 1924 -1 1910 1934 1935 -1 1774 1768 2083 -1 2083 1768 1767 -1 2083 1767 1766 -1 1770 1769 2083 -1 1769 1775 2083 -1 2083 1775 1774 -1 1770 2083 1772 -1 1772 2083 2084 -1 1772 2084 1776 -1 1758 1757 2085 -1 1758 2085 1778 -1 1749 2086 1746 -1 1746 2086 2087 -1 1746 2087 1743 -1 1743 2087 2088 -1 1743 2088 1740 -1 1843 1841 2089 -1 1841 1840 2089 -1 2089 1840 1845 -1 2089 1845 2090 -1 2090 1845 1738 -1 2090 1738 2088 -1 2088 1738 1739 -1 2088 1739 1740 -1 1839 1838 2091 -1 2091 1838 1836 -1 2091 1836 2089 -1 2089 1836 1835 -1 2089 1835 1843 -1 1824 1831 2092 -1 2092 1831 1834 -1 2092 1834 2091 -1 2091 1834 1833 -1 2091 1833 1839 -1 2093 1828 1827 -1 2093 1827 2092 -1 2092 1827 1825 -1 2092 1825 1824 -1 2094 1823 2093 -1 2093 1823 1822 -1 2093 1822 1828 -1 1815 1820 2095 -1 2095 1820 1818 -1 2095 1818 2094 -1 2094 1818 1817 -1 2094 1817 1823 -1 1956 1816 1958 -1 1958 1816 1815 -1 1806 1813 1954 -1 1954 1813 1811 -1 1954 1811 1956 -1 1956 1811 1810 -1 1956 1810 1816 -1 1952 1782 1809 -1 1952 1809 1954 -1 1954 1809 1807 -1 1954 1807 1806 -1 1948 1805 1804 -1 1948 1804 1951 -1 1804 1802 1951 -1 1951 1802 1785 -1 1951 1785 1952 -1 1952 1785 1783 -1 1952 1783 1782 -1 1946 1798 1948 -1 1948 1798 1800 -1 1948 1800 1805 -1 1942 1793 1944 -1 1944 1793 1795 -1 1944 1795 1946 -1 1946 1795 1796 -1 1946 1796 1798 -1 1910 1909 1934 -1 1934 1909 1788 -1 1934 1788 1939 -1 1939 1788 1789 -1 1939 1789 1941 -1 1941 1789 1790 -1 1941 1790 1942 -1 1942 1790 1792 -1 1942 1792 1793 -1 2096 1905 2097 -1 2097 1905 1904 -1 2097 1904 1903 -1 2096 1881 1908 -1 1908 1907 2096 -1 2096 1907 1906 -1 2096 1906 1905 -1 1924 1889 1928 -1 1889 1888 1928 -1 1928 1888 1884 -1 1928 1884 1883 -1 1883 1882 1928 -1 1928 1882 1879 -1 1928 1879 1929 -1 1929 1879 1880 -1 1929 1880 1930 -1 1892 1877 1922 -1 1922 1877 1876 -1 1922 1876 1923 -1 1923 1876 1878 -1 1923 1878 1927 -1 1927 1878 1891 -1 1927 1891 1926 -1 1926 1891 1890 -1 1926 1890 1925 -1 1925 1890 1886 -1 1925 1886 1924 -1 1924 1886 1885 -1 1924 1885 1887 -1 1922 1919 1892 -1 1892 1919 1920 -1 1892 1920 1893 -1 1893 1920 1921 -1 1893 1921 1915 -1 1916 1917 2098 -1 1915 1916 1893 -1 1893 1916 2098 -1 1893 2098 1894 -1 1894 2098 1895 -1 2099 2100 2101 -1 1993 1998 2102 -1 2102 1998 2085 -1 2102 2085 2084 -1 2084 2085 1757 -1 2084 1757 1776 -1 1989 1986 2102 -1 2102 1986 1985 -1 2102 1985 1993 -1 2103 1988 1987 -1 2103 1987 2102 -1 2102 1987 1990 -1 2102 1990 1989 -1 1998 1997 2085 -1 2085 1997 2104 -1 2085 2104 1778 -1 1778 2104 2105 -1 1778 2105 1751 -1 1751 2105 2106 -1 1751 2106 1749 -1 1749 2106 2107 -1 1749 2107 2086 -1 1997 1996 2104 -1 2104 1996 2006 -1 2104 2006 2105 -1 2105 2006 2005 -1 2105 2005 2106 -1 2106 2005 2004 -1 2106 2004 2107 -1 2107 2004 2003 -1 2107 2003 2086 -1 2086 2003 2002 -1 2086 2002 2087 -1 2087 2002 2001 -1 2087 2001 2088 -1 2001 2000 2088 -1 2088 2000 1999 -1 2088 1999 2090 -1 2090 1999 2011 -1 2090 2011 2089 -1 1880 1881 1930 -1 1930 1881 2096 -1 1930 2096 1931 -1 1931 2096 2097 -1 1931 2097 1932 -1 1932 2097 1903 -1 1932 1903 1933 -1 1933 1903 1902 -1 1933 1902 1935 -1 1935 1902 1911 -1 1935 1911 1910 -1 2100 2099 2108 -1 2083 2108 2099 -1 2083 2099 2084 -1 2084 2099 2101 -1 2084 2101 2102 -1 2102 2101 2109 -1 2102 2109 2103 -1 2011 2010 2089 -1 2089 2010 2009 -1 2089 2009 2091 -1 2091 2009 2008 -1 2091 2008 2092 -1 2092 2008 2007 -1 2092 2007 2093 -1 2093 2007 1964 -1 2093 1964 2094 -1 2094 1964 1962 -1 2094 1962 2095 -1 2095 1962 1961 -1 2095 1961 1815 -1 1815 1961 1959 -1 1815 1959 1958 -1 1729 2110 1725 -1 1735 1734 2082 -1 2082 1734 1733 -1 2082 1733 1681 -1 1735 2082 1731 -1 1731 2082 2081 -1 1731 2081 1732 -1 1732 2081 2080 -1 1732 2080 2111 -1 1728 1727 2111 -1 2111 1727 1678 -1 2111 1678 1732 -1 2075 1728 2077 -1 2077 1728 2111 -1 2077 2111 2078 -1 2078 2111 2080 -1 2112 1722 2110 -1 2110 1722 1726 -1 2110 1726 1725 -1 1720 1719 2112 -1 2112 1719 1723 -1 2112 1723 1722 -1 2113 1713 1711 -1 1711 1710 2113 -1 2113 1710 1717 -1 2113 1717 2112 -1 2112 1717 1716 -1 2112 1716 1720 -1 1703 1705 2114 -1 2114 1705 1709 -1 2114 1709 2113 -1 2113 1709 1708 -1 2113 1708 1713 -1 1741 2115 1742 -1 1742 2115 2116 -1 1742 2116 1744 -1 1744 2116 2117 -1 2118 1747 1745 -1 1747 2118 1748 -1 1748 2118 2119 -1 1748 2119 1750 -1 1750 2119 2120 -1 1750 2120 1752 -1 2121 1754 2120 -1 2120 1754 1753 -1 2120 1753 1752 -1 2121 2122 1754 -1 1754 2122 2123 -1 1754 2123 1755 -1 1773 2124 2108 -1 1773 1759 2124 -1 2124 1759 1777 -1 2124 1777 2123 -1 2123 1777 1756 -1 2123 1756 1755 -1 2083 1766 1765 -1 1760 1762 2108 -1 2083 1765 2108 -1 2108 1765 1764 -1 2108 1764 1760 -1 1762 1763 2108 -1 2108 1763 1771 -1 2108 1771 1773 -1 2057 2118 2117 -1 2117 2118 1745 -1 2117 1745 1744 -1 2045 2124 2046 -1 2046 2124 2123 -1 2046 2123 2047 -1 2047 2123 2122 -1 2047 2122 2048 -1 2048 2122 2121 -1 2048 2121 2049 -1 2049 2121 2120 -1 2049 2120 2050 -1 2050 2120 2119 -1 2050 2119 2051 -1 2051 2119 2118 -1 2051 2118 2053 -1 2053 2118 2057 -1 2071 2063 2115 -1 2115 2063 2064 -1 2115 2064 2116 -1 2116 2064 2060 -1 2116 2060 2117 -1 2117 2060 2055 -1 2117 2055 2057 -1 2036 1988 2103 -1 2036 2103 2038 -1 2039 2040 2103 -1 2103 2040 2037 -1 2103 2037 2038 -1 2045 2044 2103 -1 2103 2044 2042 -1 2103 2042 2039 -1 1741 1703 2115 -1 2115 1703 2114 -1 2115 2114 2071 -1 2071 2114 2113 -1 2071 2113 2073 -1 2073 2113 2112 -1 2073 2112 2074 -1 2074 2112 2110 -1 2074 2110 2075 -1 2075 2110 1729 -1 2075 1729 1728 -1 2103 2109 2125 -1 2125 2109 2101 -1 2125 2101 2100 -1 2045 2103 2124 -1 2124 2103 2125 -1 2124 2125 2108 -1 2108 2125 2100 -1 1895 2098 1896 -1 1896 2098 2126 -1 1896 2126 1874 -1 1874 2126 2127 -1 1874 2127 1875 -1 1875 2127 2128 -1 1875 2128 1897 -1 1897 2128 2129 -1 1897 2129 1898 -1 1898 2129 2130 -1 1898 2130 1899 -1 1872 1871 2021 -1 2021 1871 1901 -1 2021 1901 2022 -1 2022 1901 1900 -1 2022 1900 2023 -1 2098 1917 2027 -1 2098 2027 2126 -1 2126 2027 2026 -1 2126 2026 2127 -1 2127 2026 2025 -1 2127 2025 2128 -1 2128 2025 2024 -1 2128 2024 2129 -1 2129 2024 2023 -1 2129 2023 2130 -1 2130 2023 1900 -1 2130 1900 1899 -1 1940 553 555 -1 1940 555 554 -1 554 555 2131 -1 554 2131 1936 -1 580 579 2131 -1 2131 579 578 -1 578 577 2131 -1 2131 577 576 -1 2131 576 575 -1 575 1918 2131 -1 2131 1918 574 -1 2131 574 573 -1 573 572 2131 -1 2131 572 571 -1 2131 571 570 -1 570 569 2131 -1 2131 569 568 -1 2131 568 567 -1 567 566 2131 -1 2131 566 565 -1 2131 565 564 -1 564 563 2131 -1 2131 563 562 -1 2131 562 561 -1 561 560 2131 -1 2131 560 559 -1 2131 559 558 -1 558 557 2131 -1 2131 557 556 -1 2131 556 1936 -1 1957 2132 2133 -1 624 623 2134 -1 636 635 2134 -1 2134 635 634 -1 634 633 2134 -1 2134 633 631 -1 2134 631 630 -1 636 2134 621 -1 621 2134 623 -1 621 623 1978 -1 630 629 2134 -1 2134 629 628 -1 2134 628 627 -1 627 626 2134 -1 2134 626 625 -1 2134 625 624 -1 619 2041 622 -1 1978 623 622 -1 622 623 620 -1 622 620 619 -1 2041 618 622 -1 622 618 617 -1 622 617 616 -1 616 2043 622 -1 622 2043 614 -1 622 614 613 -1 613 612 622 -1 622 612 608 -1 622 608 610 -1 610 611 622 -1 622 611 609 -1 622 609 1973 -1 1975 640 585 -1 638 1971 586 -1 638 586 1912 -1 1967 1966 2135 -1 2135 1966 1913 -1 2135 1913 637 -1 1963 1965 2136 -1 2136 1965 1969 -1 2136 1969 2135 -1 2135 1969 605 -1 2135 605 1967 -1 2132 1957 2136 -1 2136 1957 1960 -1 2136 1960 1963 -1 1953 602 2133 -1 2133 602 1955 -1 2133 1955 1957 -1 1950 598 2137 -1 2137 598 1953 -1 2137 1953 2138 -1 2138 1953 2133 -1 1947 590 1945 -1 1945 590 589 -1 1945 589 1943 -1 555 553 1938 -1 555 1938 592 -1 1913 1912 637 -1 637 1912 586 -1 637 586 2135 -1 2135 586 587 -1 2135 587 2136 -1 2136 587 582 -1 2136 582 2132 -1 2132 582 2139 -1 2132 2139 2133 -1 2133 2139 583 -1 2133 583 2138 -1 2138 583 599 -1 2138 599 2137 -1 2137 599 597 -1 2137 597 1950 -1 1950 597 590 -1 1950 590 1949 -1 1949 590 1947 -1 640 1973 585 -1 585 1973 609 -1 585 609 584 -1 584 609 648 -1 584 648 581 -1 581 648 647 -1 581 647 2140 -1 2140 647 2141 -1 2140 2141 645 -1 645 2141 646 -1 645 646 2142 -1 2142 646 644 -1 2142 644 2143 -1 2143 644 643 -1 2143 643 642 -1 1971 1975 586 -1 586 1975 585 -1 586 585 587 -1 587 585 584 -1 587 584 582 -1 582 584 581 -1 582 581 2139 -1 2139 581 2140 -1 2139 2140 583 -1 583 2140 645 -1 599 645 2142 -1 599 2142 597 -1 597 2142 2143 -1 597 2143 590 -1 590 2143 642 -1 590 642 589 -1 589 642 593 -1 589 593 1943 -1 1943 593 592 -1 1943 592 1937 -1 1937 592 1938 -1 2015 2016 2131 -1 2131 2016 665 -1 665 2018 2131 -1 2131 2018 2017 -1 2131 2017 661 -1 661 2019 2131 -1 2131 2019 659 -1 2131 659 2020 -1 2020 658 2131 -1 2131 658 656 -1 2131 656 654 -1 654 653 2131 -1 2131 653 652 -1 2131 652 651 -1 651 650 2131 -1 2131 650 649 -1 2131 649 580 -1 2015 2131 2014 -1 2014 2131 555 -1 2014 555 667 -1 667 555 2030 -1 2030 555 592 -1 2030 592 2029 -1 593 2033 2034 -1 593 2034 592 -1 592 2034 2028 -1 592 2028 2029 -1 2141 2013 646 -1 646 2013 2012 -1 646 2012 644 -1 644 2012 684 -1 644 684 643 -1 643 684 2035 -1 643 2035 642 -1 642 2035 2031 -1 642 2031 593 -1 593 2031 2032 -1 593 2032 2033 -1 682 2076 2141 -1 2141 2076 2079 -1 2141 2079 2013 -1 2070 2069 648 -1 648 2069 682 -1 648 682 647 -1 647 682 2141 -1 2062 2061 609 -1 2059 2058 609 -1 609 2058 2056 -1 609 2056 2062 -1 611 2052 609 -1 609 2052 2054 -1 609 2054 2059 -1 2070 648 678 -1 678 609 2072 -1 2061 2068 609 -1 609 2068 2067 -1 609 2067 2066 -1 2066 2065 609 -1 609 2065 679 -1 609 679 2072 -1 "
						                >
							<Coordinate DEF="coords_ME_OMLV4_Packing_-_For_Xander_-_Param_Wing_V5_Cut_PDR-1"
							            point="339.630646 84.392891 418.793762 338.265045 84.398346 419.159698 342.083496 88.452538 418.674622 273.781219 86.333733 427.050110 273.781219 88.225174 427.383636 279.136688 85.934113 427.177551 279.297211 88.240646 427.579529 284.451508 85.614899 427.188751 284.247192 88.254921 427.635803 284.570251 88.255867 427.635345 289.726135 85.354759 427.073242 289.616608 88.270851 427.560089 294.452362 85.156761 426.852814 293.851105 88.283760 427.394043 294.452484 88.285622 427.362579 311.611938 88.341499 425.591125 310.603058 84.696648 425.186218 307.859039 88.328804 426.125946 305.421448 84.810753 425.880676 302.905792 88.312454 426.704437 303.557220 84.859192 426.093079 299.094025 88.300194 427.051788 300.167755 84.957718 426.429138 294.963074 85.137215 426.822083 320.222015 88.371597 424.056519 316.371216 84.605148 424.234406 312.014648 84.670799 424.970520 329.107788 88.403915 422.067993 321.994995 84.519386 423.127625 319.954163 84.548416 423.548492 334.798065 88.425110 420.627411 331.812408 84.431824 420.840607 327.911560 84.453362 421.795685 349.125122 88.479042 416.780334 345.920166 84.505203 417.122284 343.136078 84.425522 417.856293 362.466125 85.151413 413.201691 371.908722 86.609962 411.702484 367.352966 85.383240 412.292725 371.908691 85.610619 411.577515 381.973053 86.134445 410.475311 380.364746 86.049706 410.606903 380.364746 86.659836 410.675964 377.102875 85.878693 410.925720 372.243011 85.627640 411.530243 386.040527 86.349220 410.216003 389.467072 86.707405 410.085571 391.817352 86.650681 409.996155 390.145508 88.620613 410.169983 402.933228 88.658669 409.919098 399.177399 87.016884 409.881958 410.144836 88.678986 409.903168 410.144836 87.530190 409.873535 380.799896 88.590988 410.771210 372.645844 88.563797 411.750977 371.908722 88.561272 411.861176 364.358673 88.534897 413.188293 358.419281 84.969955 414.055450 355.766144 88.503746 415.093140 352.880554 84.749077 415.350403 347.092865 84.546135 416.816711 266.702118 86.983368 425.390778 269.752747 86.663071 426.099091 265.640106 87.116890 425.147675 263.493530 87.464943 424.668488 262.261078 87.762268 424.408539 262.157593 87.795937 424.388092 261.839966 87.921303 424.328796 261.465637 88.124382 424.267700 303.556641 91.466263 424.391998 349.124298 94.031296 414.451538 356.417908 94.187477 412.780731 356.417938 92.318710 413.633057 363.969513 92.440857 412.097931 371.908142 92.573936 410.840271 371.908447 90.576828 411.430450 306.245087 94.535065 421.792419 308.920258 94.640327 421.493256 307.858002 91.533318 423.955536 345.993073 94.847893 414.710602 348.631866 94.721237 414.183655 410.144836 90.588509 409.819519 399.401001 91.407829 409.727844 399.346375 90.851311 409.800568 394.028717 91.814003 409.692535 389.465088 90.763496 409.960419 391.342102 92.011436 409.690460 389.463501 92.147118 409.699036 385.968201 92.395554 409.745117 380.363800 90.665840 410.472992 380.747986 92.759872 409.918060 380.362671 92.722260 409.955933 375.226624 93.137779 410.267059 371.908051 93.360115 410.560699 359.215027 94.158615 412.239349 361.871399 93.999260 411.820374 364.532471 93.835449 411.434387 369.997864 93.485992 410.758118 351.272308 94.593719 413.665192 353.915833 94.458420 413.164642 332.818268 95.111481 417.491333 335.450470 95.129723 416.918610 334.795837 93.723015 417.955780 336.479584 95.133423 416.691498 341.959869 93.878784 416.208954 340.717194 95.077446 415.778229 343.354675 94.974571 415.239380 330.180756 95.096260 418.039398 327.503143 93.558929 419.600800 327.538055 95.079552 418.561798 316.925018 94.891541 420.412384 319.584869 94.955948 419.990112 319.952179 93.386879 421.070557 322.240112 95.010223 419.538757 324.891083 95.052040 419.061584 314.260712 94.817871 420.803741 312.013153 93.208183 422.294708 311.592285 94.734406 421.163910 303.567261 94.418144 422.062256 299.093384 91.398476 424.732208 300.887360 94.289177 422.303955 298.205750 94.147652 422.518921 294.452026 91.330048 424.967316 295.523071 93.992676 422.709259 289.616364 91.261055 425.088531 290.156250 93.638832 423.024902 292.839783 93.823357 422.877136 279.429108 92.726761 423.470215 282.108795 92.985283 423.372894 284.570129 91.191589 425.087006 284.790375 93.221054 423.269806 287.472992 93.438324 423.154968 279.297150 91.121742 424.953979 273.781219 90.171410 425.518433 273.781219 92.081192 423.691254 356.563263 94.312553 412.688324 363.969543 90.495842 412.753754 349.124542 92.203194 415.349823 356.418030 90.420616 414.349213 349.124847 90.348907 416.123077 341.960358 92.090004 417.152405 334.796509 91.974838 418.945007 327.503845 91.854530 420.637573 319.952820 91.729202 422.156616 312.013641 91.599548 423.431610 312.014343 89.976738 424.503052 319.953674 90.055977 423.164062 327.504791 90.132820 421.583160 334.797363 90.206978 419.831177 341.960999 90.278442 417.981628 434.223694 88.705872 409.903168 434.236115 88.699532 409.903168 434.208160 88.647469 409.903168 434.238251 88.698250 409.903168 434.243805 88.694427 409.903168 434.247009 88.691772 409.903168 434.247864 88.690956 409.903168 434.250580 88.687920 409.903168 434.253906 88.678986 409.903168 434.253723 88.677078 409.903168 434.253204 88.675179 409.903168 434.253082 88.674835 409.903168 434.253571 88.681984 409.903168 434.253876 88.680176 409.903168 434.252747 88.684334 409.903168 434.253510 88.682312 409.903168 434.250458 88.670380 409.903168 434.252014 88.672638 409.903168 434.242340 88.663147 409.903168 434.233002 88.657661 409.903168 434.252228 88.685356 409.903168 434.246796 88.666557 409.903168 434.250214 88.670067 409.903168 434.251587 88.686455 409.903168 434.229279 88.655861 409.903168 427.087616 89.285194 409.894653 428.995636 89.164780 409.897705 431.101501 88.428108 409.901703 432.678253 88.905571 409.901978 433.471802 88.551575 409.902802 433.828003 88.786827 409.902893 434.062500 88.614975 409.903076 433.976196 88.764503 409.903015 434.201172 88.645157 409.903137 434.176727 88.722519 409.903137 434.191528 88.717979 409.903137 421.171600 89.696037 409.879211 270.367767 91.819748 422.844330 261.420593 88.143257 424.234406 264.514679 89.949631 423.048950 260.580414 88.261673 423.880829 259.951996 88.355896 423.608032 259.665894 88.400719 423.481049 259.471832 88.431908 423.393768 259.131897 88.488258 423.238434 258.836731 88.539223 423.100708 258.573456 88.586571 422.975220 258.332611 88.631721 422.857910 258.091736 88.678986 422.737701 257.402679 88.827759 422.375458 256.929413 88.944450 422.107056 256.232239 89.147209 421.670258 255.841827 89.286942 421.390991 255.300995 89.633949 420.809052 255.300552 89.638153 420.803680 255.537491 89.424141 421.136719 255.457336 89.469658 421.057770 255.370728 89.530907 420.957275 255.325455 89.577942 420.885895 255.307739 89.608810 420.842346 255.301514 89.660896 420.775513 255.308350 89.684837 420.747498 255.321320 89.710495 420.719086 267.120667 91.543671 422.103485 264.061523 91.251076 421.473267 257.243652 90.380852 420.443756 258.510742 90.586388 420.568268 261.222809 90.941154 420.960815 255.348068 89.748283 420.679413 255.398651 89.800896 420.627991 255.459732 89.849129 420.585114 255.527313 89.892410 420.550323 255.653900 89.958504 420.504089 255.757004 90.003487 420.477631 256.040405 90.103745 420.434692 256.437958 90.212700 420.415039 272.830933 91.742027 425.619476 271.308929 91.647751 424.234406 268.616547 91.237427 424.234406 331.697571 94.897652 428.674347 340.558655 94.836334 428.949036 336.499268 94.936546 424.234406 372.224243 93.655151 430.274109 370.722015 93.737213 430.014069 363.577728 94.098892 429.868958 429.560150 89.262779 434.848724 431.437561 89.124825 435.054291 430.434906 89.155838 430.014069 433.513214 88.954613 435.321594 434.063232 88.900726 435.410004 433.430237 88.906616 430.014069 434.669708 88.828087 435.532715 434.829437 88.803314 435.575623 434.345764 88.796074 430.014069 435.093567 88.733894 435.699371 435.097168 88.730957 435.704742 434.895203 88.710060 432.903900 434.895203 88.709969 432.903900 435.099091 88.729103 435.708130 435.099792 88.728294 435.709625 435.102417 88.724533 435.716522 435.103729 88.720940 435.723145 435.103882 88.720047 435.724792 435.089722 88.736511 435.694611 435.054260 88.752579 435.665497 435.062653 88.749458 435.671112 434.659760 88.722229 430.014069 435.082031 88.740898 435.686615 434.669281 88.716484 430.014069 435.085419 88.739082 435.689941 434.632660 88.733925 430.014069 434.595062 88.745872 430.014069 435.003632 88.767738 435.638336 434.934662 88.783638 435.610138 434.428070 88.859734 435.478729 432.684753 89.026627 435.206451 413.483582 90.598015 430.014069 416.024811 90.412987 433.367859 423.685455 89.670784 430.014069 422.449585 89.823410 434.084747 426.728943 89.468796 434.556519 383.521332 92.960251 430.874420 391.860809 92.376381 431.386414 392.072327 92.349052 430.014069 401.177551 91.663200 432.049133 406.353790 91.230820 432.480621 352.824524 94.544769 424.234406 347.383911 94.719940 424.234406 350.163910 94.617332 429.304047 341.942078 94.852188 424.234406 340.381195 94.881523 424.234406 327.347565 94.870369 428.562592 324.684784 94.925842 424.234406 322.560944 94.802032 428.446991 314.727692 94.726753 424.234406 313.134369 94.566917 428.203156 309.158966 94.426727 428.085327 308.375519 94.519669 424.234406 300.586426 94.038361 427.773163 303.848053 94.332024 424.234406 293.015900 93.734718 424.234406 292.684052 93.566147 427.382568 282.124329 92.881897 424.234406 285.389801 93.021431 426.895203 279.328857 92.468407 426.377167 280.573303 92.734055 424.234406 276.709015 92.327248 424.234406 273.781219 91.853638 425.806122 265.176086 90.538124 424.602356 267.335297 90.957016 424.771149 269.659454 91.324745 425.073517 265.938782 90.747200 424.234406 264.612274 90.458557 424.234406 263.866791 90.213219 424.594269 263.295837 90.107895 424.234406 263.517487 90.107399 424.615997 263.123749 89.973839 424.658112 263.071045 90.037682 424.234406 262.485229 89.711075 424.782806 262.328827 89.776390 424.234406 262.193665 89.722511 424.234406 262.361084 89.645058 424.824738 262.021210 89.646515 424.234406 262.304413 89.610397 424.849152 261.863251 89.565849 424.234406 262.176147 89.516594 424.922241 261.759308 89.505722 424.234406 261.699860 89.468666 424.234406 261.438477 89.278114 424.234406 261.974518 89.297157 425.120789 262.067078 89.413567 425.011414 261.246735 89.092674 424.234406 261.909210 89.176788 425.242340 261.934937 89.231064 425.186523 261.867828 88.960945 425.481018 261.872192 89.045441 425.384399 261.154755 88.972122 424.234406 261.875122 89.063393 425.364410 261.882904 89.098907 425.325378 261.869293 88.939423 425.506317 261.100739 88.875008 424.234406 261.876587 88.890404 425.564941 261.071014 88.795387 424.234406 261.892090 88.834343 425.633911 261.912048 88.785667 425.695435 261.060364 88.749748 424.234406 261.931274 88.748978 425.742920 261.978760 88.678986 425.836243 261.057007 88.727524 424.234406 261.053925 88.678986 424.234406 434.253906 88.678986 424.234406 434.253815 88.680885 424.234406 434.467712 88.689407 427.124237 434.253387 88.682724 424.234406 434.252594 88.684685 424.234406 434.251343 88.686882 424.234406 434.248779 88.690033 424.234406 434.675964 88.710960 430.013947 434.467712 88.689308 427.124237 434.681458 88.699638 430.014069 434.248474 88.690331 424.234406 434.243927 88.694366 424.234406 434.241516 88.696106 424.234406 434.233582 88.701004 424.234406 434.226105 88.704811 424.234406 434.204193 88.713837 424.234406 434.181763 88.721329 424.234406 434.109528 88.740166 424.234406 433.129852 88.873962 424.234406 429.928223 89.142624 424.234406 390.865082 92.388527 424.234406 352.553894 94.541679 429.399384 354.500916 94.474380 429.478851 357.716858 94.354240 424.234406 369.137604 93.801384 424.234406 377.694794 93.296150 424.234406 423.862518 89.598076 424.234406 420.837311 89.863556 424.234406 412.663666 90.608261 424.234406 395.260590 92.057724 424.234406 261.056915 88.632454 424.234406 311.638824 84.871033 434.327606 305.762238 84.989693 433.750000 299.992004 85.141731 433.079865 294.332336 85.327972 432.314056 288.789124 85.547722 431.449799 285.755829 85.685921 430.924835 283.367004 85.805878 430.483917 278.070648 86.113152 429.414459 273.781219 86.411011 428.448425 269.864349 86.747688 427.522278 267.239075 87.036522 426.912292 265.477570 87.279671 426.510864 264.293243 87.495171 426.249237 263.493530 87.680412 426.078796 263.081238 87.800194 425.994781 262.869720 87.879684 425.954590 262.630157 87.989639 425.912201 262.364136 88.145767 425.870605 262.343353 88.160187 425.867706 262.219147 88.257164 425.852142 261.281799 88.258942 424.234406 261.992920 88.655617 425.859436 261.993164 88.661308 425.860413 261.060638 88.609016 424.234406 261.995148 88.606964 425.852173 261.996338 88.598427 425.851074 261.065369 88.587379 424.234406 262.008209 88.546516 425.845703 261.111023 88.472031 424.234406 262.029388 88.492119 425.842255 261.102722 88.487938 424.234406 261.080139 88.539650 424.234406 262.194519 88.279350 425.849518 262.132477 88.342018 425.844025 261.192474 88.353477 424.234406 262.106720 88.372032 425.842377 261.135559 88.430611 424.234406 262.055420 88.443939 425.841064 262.038879 88.473030 425.841583 317.618958 84.785805 434.816864 323.700470 84.735687 435.222473 325.714691 84.562912 424.234406 331.784241 84.726845 435.633850 330.497864 84.582977 424.234406 339.893341 84.808868 435.923645 336.576721 84.660690 424.234406 348.105560 84.988281 436.112030 345.329681 84.860641 424.234406 353.143402 85.137161 436.181763 347.436096 84.921753 424.234406 352.743256 85.094719 424.234406 363.139252 85.501648 436.234222 369.144501 85.763329 424.234406 373.661835 85.961075 436.197876 384.831573 86.509308 436.104553 390.843109 86.834778 424.234406 396.889923 87.120338 435.994476 404.436798 87.472229 435.934387 412.644867 87.796738 424.234406 421.281586 88.173645 435.841858 419.201263 88.080170 424.234406 423.044373 88.241440 424.234406 427.381683 88.390800 435.816620 429.926727 88.426819 424.234406 432.004852 88.489357 424.234406 433.483795 88.558701 435.793793 428.151428 88.409637 435.812775 432.975922 88.531082 424.234406 433.909088 88.597847 424.234406 434.297852 88.601791 435.794830 434.164154 88.636406 424.234406 435.022339 88.678986 435.801941 435.033875 88.681824 435.796509 434.202789 88.646652 424.234406 435.070099 88.692894 435.775482 434.230835 88.657166 424.234406 435.083679 88.698685 435.764557 434.240784 88.662514 424.234406 435.093445 88.704277 435.754089 434.244720 88.665215 424.234406 435.099060 88.708847 435.745544 434.247986 88.667938 424.234406 434.250549 88.670670 424.234406 435.101685 88.712067 435.739563 434.251099 88.671410 424.234406 435.102509 88.713387 435.737122 435.102081 88.712708 435.738373 434.253021 88.674812 424.234406 435.103088 88.714706 435.734650 434.252380 88.673424 424.234406 434.251526 88.672050 424.234406 435.103851 88.717369 435.729736 435.103668 88.716484 435.731384 435.103546 88.716034 435.732208 434.253815 88.677589 424.234406 434.253510 88.676193 424.234406 435.103973 88.718712 435.727264 434.239838 88.697227 416.917847 434.228790 88.703430 416.917847 351.714508 94.594467 416.917847 433.868011 88.782150 416.917847 432.821899 88.897842 416.917847 429.440796 89.154213 416.917847 422.072083 89.681610 416.917847 434.154297 88.728806 416.917847 434.197571 88.716003 416.917847 434.247711 88.691086 416.917847 434.253906 88.679070 420.576141 434.252411 88.685036 416.914429 434.253906 88.678986 413.259583 259.563934 88.678986 423.481567 256.055389 90.034760 420.576141 257.446045 90.371971 420.576141 339.932587 95.077850 416.917847 345.823181 94.862816 416.917847 363.498688 93.995697 416.917847 375.285278 93.284332 416.917847 387.072418 92.481155 416.917847 410.739014 90.645248 416.917847 434.253906 88.678947 420.604370 434.253906 88.678986 420.576141 434.253906 88.678986 416.974304 434.253906 88.678986 416.917847 434.253906 88.678940 413.344238 259.566803 88.632996 423.481567 259.644501 88.433479 423.481567 259.612000 88.490150 423.481567 259.589661 88.541260 423.481567 259.575134 88.588440 423.481567 434.206085 88.647224 416.974304 369.868744 85.611229 416.974304 341.515320 84.546303 420.604370 353.807739 84.843567 416.974304 402.004303 87.248802 416.974304 385.939301 86.450966 416.974304 434.226746 88.654999 416.974304 434.234924 88.658928 416.974304 434.241669 88.662880 416.974304 434.246948 88.666862 416.974304 417.937256 87.965759 416.974304 434.068359 88.617157 416.974304 433.550690 88.561653 416.974304 431.738068 88.465721 416.974304 426.536224 88.307198 416.974304 434.250702 88.670792 416.974304 267.741669 88.660286 427.312012 273.781219 88.678986 428.848328 313.924561 93.914391 429.002441 313.898621 91.976242 431.218750 324.030487 91.726913 432.069794 284.499817 92.291130 427.499146 293.726624 92.542465 428.620789 283.696259 90.688248 428.989258 303.793640 92.248093 430.083771 344.336395 91.295853 433.079041 334.179321 91.500114 432.677032 374.809784 92.322647 431.664642 354.498840 92.730988 431.398407 395.126648 92.036583 431.708771 395.166382 90.612724 433.329834 395.207916 89.500542 434.843506 395.184662 88.678986 436.269318 434.763489 88.793190 435.593994 374.827667 90.818329 433.424164 354.497925 91.114128 433.312561 374.846313 89.607323 435.072021 354.496948 89.762634 435.107147 344.326904 89.858490 434.947266 334.162292 89.966476 434.616821 324.007355 90.086594 434.077484 313.871490 90.218826 433.288940 303.765533 90.363182 432.209259 293.701599 90.519653 430.792480 374.810333 88.678986 436.633789 354.451630 88.678986 436.813782 344.278198 88.678986 436.725403 334.111359 88.678986 436.463715 323.955597 88.678986 435.988861 313.821167 88.678986 435.258789 303.719757 88.678986 434.229950 293.664581 88.678986 432.854462 283.673584 88.678986 431.080933 273.781219 91.853638 297.962708 269.347229 91.279099 298.741608 273.781219 88.678986 294.920502 266.621674 90.828506 299.067596 264.910583 90.478981 299.176666 263.812897 90.197578 299.172028 263.517212 90.107315 299.152802 263.088135 89.960899 299.105835 262.536987 89.735748 299.000183 262.455322 89.696167 298.977081 262.360992 89.645004 298.944031 262.299286 89.607094 298.917267 262.171204 89.512459 298.843170 262.150177 89.494385 298.828064 262.119781 89.466682 298.804382 262.040588 89.383881 298.730316 261.957336 89.270317 298.621643 261.943665 89.247047 298.598419 261.893799 89.135788 298.483185 261.882904 89.098923 298.443451 261.869995 89.027863 298.364685 261.867493 88.987892 298.319092 261.879547 88.877243 298.187866 261.897461 88.819633 298.116486 261.921204 88.767288 298.049713 261.931152 88.749199 298.026184 261.978760 88.678986 297.932587 261.993164 88.661308 297.908417 354.496887 89.773705 288.676941 354.497925 91.141327 290.488586 334.179565 91.530045 291.126801 374.846100 89.617119 288.710785 395.207489 89.509453 288.938110 395.165619 90.636307 290.466187 374.827271 90.843414 290.374268 296.415497 93.803673 296.186279 293.727051 92.579704 295.187531 303.794098 92.283272 293.723663 280.851166 92.617813 297.251434 283.673584 88.678986 292.687866 293.664581 88.678986 290.914337 288.482880 93.265968 296.648956 283.712799 92.879074 297.006256 304.651703 94.237518 295.834778 313.899078 92.009521 292.587585 313.198395 94.568932 295.562531 324.030884 91.758438 291.735321 319.090240 94.730995 295.406128 332.894867 94.898445 295.059387 331.554718 94.897324 295.096588 392.992676 92.293495 292.305237 378.050873 93.312157 293.194427 368.250519 93.869003 293.683197 355.954956 94.420929 294.227478 344.155060 94.771164 294.690674 435.074280 88.694511 287.996399 395.184662 88.678986 287.499481 435.057556 88.688560 287.985138 435.022339 88.678986 287.966888 435.086395 88.700050 288.006805 435.094086 88.704720 288.015564 435.098907 88.708702 288.022980 435.099609 88.709435 288.024353 435.101929 88.712440 288.029938 435.103088 88.714706 288.034149 435.103516 88.715935 288.036407 435.103851 88.717369 288.039093 435.103973 88.718704 288.041534 434.409546 88.861969 288.293793 432.144470 89.070221 288.630280 435.103943 88.719368 288.042755 435.103882 88.720047 288.044037 435.102844 88.723694 288.050751 435.102173 88.725014 288.053162 435.098969 88.729202 288.060852 435.097168 88.730957 288.064056 435.093842 88.733688 288.069061 435.089722 88.736511 288.074219 435.083405 88.740196 288.080902 435.079590 88.742134 288.084412 435.068970 88.746941 288.093140 435.026062 88.761589 288.119476 434.963348 88.777443 288.147675 434.582275 88.840149 288.256714 395.125610 92.080574 292.103882 404.834564 91.359451 291.416595 412.413574 90.720123 290.744232 423.041870 89.770447 289.614532 427.031555 89.446190 289.180176 303.719757 88.678986 289.538849 313.821167 88.678986 288.510010 323.955597 88.678986 287.779968 334.162415 89.979210 289.168579 334.111359 88.678986 287.305084 354.451630 88.678986 286.955017 374.810333 88.678986 287.135040 261.994690 88.610992 297.916138 262.002197 88.568390 297.921112 262.010101 88.540619 297.923584 262.020660 88.511948 297.925537 262.038910 88.472984 297.927246 262.055298 88.444092 297.927765 262.080139 88.406708 297.927551 262.115814 88.361076 297.925934 262.194336 88.279503 297.919312 262.201935 88.272522 297.918549 262.402985 88.119904 297.892639 262.703949 87.953239 297.843964 262.729950 87.940971 297.839417 263.081360 87.800156 297.773987 263.347198 87.719330 297.720398 264.557343 87.441902 297.462067 264.667755 87.420609 297.437866 267.789398 86.970261 296.729584 273.781219 86.411011 295.320404 418.884216 88.062386 287.918976 422.252075 88.216698 287.930237 431.265228 88.517830 287.964966 431.993408 88.505859 287.972351 433.533173 88.560875 287.975037 434.689301 88.632774 287.971832 425.233704 88.329613 287.941956 427.842072 88.402176 287.954498 430.093658 88.455658 287.965240 370.503632 85.816353 287.552673 395.258392 87.039131 287.760254 415.137817 87.902870 287.902374 336.097839 84.757401 287.967102 347.615662 84.975266 287.665344 355.500854 85.215508 287.565094 325.082489 84.729340 288.466187 314.472565 84.826187 289.197632 306.985077 84.962112 289.890259 298.055420 85.201210 290.938416 289.525879 85.516266 292.197235 281.434052 85.911057 293.660156 440.955719 88.448334 3.584426 437.909180 88.311737 3.584426 437.697205 90.517967 3.584426 434.850494 89.973251 3.584426 439.235962 90.717796 3.584426 440.768829 90.862015 3.584426 443.995178 88.695946 3.584426 443.857605 90.970459 3.584426 444.293701 88.725784 3.584426 445.564484 90.939552 3.584426 450.059082 89.351982 3.584426 450.028137 90.626862 3.584426 453.114166 89.574562 3.584426 452.980591 90.237045 3.584426 454.573639 89.657745 3.584426 455.246552 89.890099 3.584426 455.540009 89.686699 3.584426 455.626923 89.839264 3.584426 455.966339 89.705063 3.584426 432.229095 88.440208 3.584426 432.201782 88.447861 3.584426 431.926697 88.734749 3.584426 435.776489 88.270485 3.584426 434.554443 88.273338 3.584426 434.106445 89.778725 3.584426 433.335815 88.311211 3.584426 456.030701 89.710411 3.584426 456.082214 89.764069 3.584426 456.098663 89.718987 3.584426 456.097870 89.759979 3.584426 456.118469 89.753700 3.584426 456.117584 89.722748 3.584426 456.126740 89.750664 3.584426 456.128571 89.749908 3.584426 456.141907 89.731453 3.584426 456.140442 89.730522 3.584426 456.133545 89.747704 3.584426 431.939728 88.774673 3.584426 431.950806 88.798859 3.584426 432.576141 88.375565 3.584426 431.963867 88.822433 3.584426 431.977570 88.843506 3.584426 456.138214 89.745232 3.584426 456.142059 89.742584 3.584426 456.143707 89.732918 3.584426 456.142731 89.742020 3.584426 456.144287 89.733566 3.584426 456.138428 89.729431 3.584426 456.132782 89.727081 3.584426 456.129974 89.726112 3.584426 431.931244 88.751167 3.584426 431.997833 88.870041 3.584426 432.025818 88.900185 3.584426 432.045990 88.919037 3.584426 432.061279 88.932449 3.584426 432.136993 88.992371 3.584426 432.634827 88.368164 3.584426 432.216858 89.047310 3.584426 432.299255 89.097786 3.584426 432.467163 89.187775 3.584426 432.953644 89.401077 3.584426 433.182800 89.486526 3.584426 456.143219 89.732491 3.584426 431.951782 88.593437 3.584426 431.941254 88.609596 3.584426 431.933960 88.623596 3.584426 431.930664 88.631348 3.584426 431.926086 88.645050 3.584426 431.923615 88.655334 3.584426 431.921661 88.667473 3.584426 431.920746 88.678986 3.584426 456.145660 89.736542 3.584426 456.145538 89.735886 3.584426 456.145386 89.735397 3.584426 456.145325 89.735199 3.584426 456.144958 89.734444 3.584426 456.144714 89.734146 3.584426 432.106995 88.480705 3.584426 432.067719 88.499382 3.584426 432.037445 88.516884 3.584426 432.003479 88.540810 3.584426 431.990082 88.551964 3.584426 431.959991 88.582802 3.584426 431.921234 88.702042 3.584426 431.924927 88.726929 3.584426 456.145660 89.736664 3.584426 456.143829 89.740906 3.584426 456.144775 89.739677 3.584426 456.145203 89.738831 3.584426 456.145508 89.738083 3.584426 456.145630 89.737381 3.584426 450.547363 89.437897 77.571907 450.600769 89.445770 77.571907 445.199249 89.205261 151.559402 445.198883 89.204414 151.559402 450.672150 89.469864 77.571907 408.085999 87.392014 151.559402 395.715637 86.808846 151.559402 419.507324 87.724426 77.571907 410.730438 88.450966 40.578167 410.768188 88.428581 40.578167 389.522186 88.336479 77.571907 421.241547 88.678986 22.081278 367.990479 88.427528 114.565666 389.306305 88.480492 77.571907 389.356171 88.438095 77.571907 303.777222 88.624168 225.546921 303.772675 88.651497 225.546921 303.770630 88.678986 225.546921 346.487335 88.678986 151.559402 303.793396 88.570076 225.546921 303.818390 88.516884 225.546921 303.851379 88.464790 225.546921 303.891510 88.413971 225.546921 303.938019 88.364571 225.546921 304.046936 88.270638 225.546921 304.171509 88.184235 225.546921 304.304535 88.107040 225.546921 304.570953 87.984802 225.546921 305.604034 87.696869 225.546921 307.724426 87.339668 225.546921 312.003998 86.881592 225.546921 320.581543 86.305313 225.546921 329.160553 85.941147 225.546921 340.405945 85.075195 262.540649 320.960876 85.268051 262.540649 359.810516 85.417999 262.540649 379.165070 86.189781 262.540649 398.473114 87.161957 262.540649 436.363220 88.743698 225.546921 431.010925 88.598923 225.546921 422.913300 88.248108 225.546921 439.687042 88.917564 225.546921 439.656982 88.909378 225.546921 439.458649 88.878654 225.546921 438.733307 88.825668 225.546921 439.708862 88.925957 225.546921 439.716583 88.930237 225.546921 439.719666 88.932396 225.546921 439.722198 88.934570 225.546921 439.724182 88.936760 225.546921 439.724976 88.937859 225.546921 439.725647 88.938957 225.546921 439.726135 88.940063 225.546921 439.726501 88.941177 225.546921 439.726776 88.942284 225.546921 346.501770 88.598053 151.559402 367.855621 88.611908 114.565666 367.868195 88.579178 114.565666 346.518585 88.558548 151.559402 367.885315 88.547119 114.565666 346.541046 88.519852 151.559402 346.600861 88.445412 151.559402 367.931427 88.485451 114.565666 346.568665 88.482109 151.559402 389.245819 88.550247 77.571907 389.230743 88.574913 77.571907 389.218750 88.600204 77.571907 389.210114 88.626030 77.571907 389.466339 88.365776 77.571907 346.952728 88.203140 151.559402 389.410400 88.399673 77.571907 346.857452 88.253357 151.559402 346.763824 88.311165 151.559402 346.676605 88.375565 151.559402 389.263672 88.526253 77.571907 389.283936 88.502983 77.571907 347.226868 88.094429 151.559402 389.631348 88.289505 77.571907 347.410492 88.038002 151.559402 389.742676 88.250229 77.571907 347.787262 87.941071 151.559402 346.495636 88.618073 151.559402 389.205109 88.652321 77.571907 389.207153 88.639122 77.571907 410.562927 88.659691 40.578167 410.565857 88.640686 40.578167 421.277710 88.577103 22.081278 410.626068 88.535461 40.578167 410.611847 88.551765 40.578167 421.268402 88.590599 22.081278 410.599030 88.568604 40.578167 421.260284 88.604485 22.081278 410.587830 88.585945 40.578167 421.253540 88.618744 22.081278 410.578461 88.603760 40.578167 410.571075 88.622025 40.578167 410.658112 88.504585 40.578167 410.693390 88.476318 40.578167 421.311493 88.539124 22.081278 421.288086 88.564011 22.081278 421.394684 88.476410 22.081278 421.365692 88.495209 22.081278 421.337708 88.516129 22.081278 410.805817 88.409035 40.578167 349.311737 87.676636 151.559402 389.970490 88.185272 77.571907 410.920410 88.361366 40.578167 410.843536 88.391670 40.578167 396.560913 87.585106 77.571907 420.939758 87.848366 40.578167 404.167206 87.406418 77.571907 426.264496 87.936058 40.578167 411.818512 87.446579 77.571907 431.620728 88.199699 40.578167 383.335205 86.505623 151.559402 370.950287 86.558212 151.559402 358.571228 86.945213 151.559402 392.779449 87.812157 77.571907 352.391724 87.346878 151.559402 391.837250 87.899269 77.571907 350.849274 87.492210 151.559402 390.899017 88.013603 77.571907 445.186554 89.194435 151.559402 450.664246 89.462914 77.571907 445.192230 89.197716 151.559402 450.667908 89.465202 77.571907 445.194489 89.199379 151.559402 450.669312 89.466354 77.571907 445.196350 89.201042 151.559402 450.670532 89.467514 77.571907 445.197815 89.202721 151.559402 450.671448 89.468689 77.571907 445.198425 89.203568 151.559402 427.230835 88.184319 77.571907 420.451111 88.093384 151.559402 434.994568 88.708366 77.571907 432.879486 88.685654 151.559402 442.845703 89.123192 77.571907 438.809021 88.949593 151.559402 446.607086 89.300262 77.571907 442.733368 89.056763 151.559402 449.103485 89.369820 77.571907 444.471100 89.118073 151.559402 450.208954 89.410477 77.571907 445.003021 89.158272 151.559402 453.386139 89.590469 40.578167 453.395996 89.593811 40.578167 453.399933 89.595520 40.578167 453.408295 89.601707 40.578167 453.407593 89.600800 40.578167 453.406769 89.599907 40.578167 453.405762 89.599014 40.578167 453.404572 89.598129 40.578167 453.403198 89.597252 40.578167 453.408752 89.602615 40.578167 450.672546 89.471054 77.571907 453.409058 89.603531 40.578167 453.401672 89.596382 40.578167 450.659637 89.460663 77.571907 445.179321 89.191200 151.559402 450.639984 89.454102 77.571907 450.654053 89.458443 77.571907 445.170532 89.188004 151.559402 445.148499 89.181740 151.559402 442.429108 89.024803 40.578167 447.936249 89.340034 114.565666 450.672729 89.472244 77.571907 453.409180 89.604454 40.578167 445.199554 89.206116 151.559402 445.199738 89.206970 151.559402 445.199799 89.207825 151.559402 405.907684 87.478401 225.546921 388.941162 86.599701 225.546921 346.488373 88.658554 151.559402 389.204041 88.678986 77.571907 346.491180 88.638245 151.559402 389.204071 88.665611 77.571907 410.562408 88.678986 40.578167 305.078369 87.825775 225.546921 347.046570 88.160637 151.559402 337.733398 85.709999 225.546921 354.851959 85.564674 225.546921 371.923920 85.893265 225.546921 436.990387 88.811203 262.540649 439.726868 88.943405 225.546921 442.463318 89.075615 188.553162 420.733215 91.029823 40.578167 426.717865 88.930107 12.832851 426.586761 88.734962 12.832851 416.104736 88.988518 31.329741 421.410858 88.959541 22.081278 421.362244 88.916916 22.081278 426.677124 88.890633 12.832851 400.068848 88.985962 59.075035 400.109497 89.018257 59.075035 410.734619 88.968292 40.578167 410.799469 89.017067 40.578167 416.048096 88.942795 31.329741 400.157623 91.163200 77.571907 396.372162 90.695915 77.571907 358.394043 91.404556 151.559402 367.923248 88.884384 114.565666 346.592590 88.926010 151.559402 346.663300 89.004265 151.559402 447.913116 89.358360 114.565666 445.171539 89.229332 151.559402 445.187256 89.221985 151.559402 320.415955 92.113197 225.546921 311.862854 91.085976 225.546921 309.733765 90.746529 225.546921 307.617126 90.342430 225.546921 305.530609 89.818245 225.546921 304.527527 89.443375 225.546921 305.017792 89.644180 225.546921 304.276489 89.300751 225.546921 304.150696 89.212021 225.546921 304.032990 89.114410 225.546921 304.403870 89.378357 225.546921 303.929688 89.010094 225.546921 303.885468 88.956108 225.546921 303.792084 88.790176 225.546921 303.815857 88.845871 225.546921 303.847229 88.901276 225.546921 303.776733 88.734451 225.546921 439.658539 88.981079 225.546921 439.688293 88.971336 225.546921 439.709717 88.961807 225.546921 439.717285 88.957123 225.546921 436.363739 89.316658 225.546921 438.736145 89.112450 225.546921 439.461182 89.022057 225.546921 422.927490 90.497383 225.546921 431.017517 89.738739 225.546921 405.920074 91.922279 225.546921 398.491669 92.145721 262.540649 379.152954 93.404358 262.540649 359.751862 94.213974 262.540649 330.556702 94.188065 262.540649 340.297058 94.388504 262.540649 320.812042 93.820168 262.540649 328.993652 92.827950 225.546921 445.196625 89.214928 151.559540 447.933716 89.346077 114.565781 447.925995 89.352097 114.565666 445.149719 89.236847 151.559402 450.664398 89.482323 77.573822 450.670532 89.477196 77.575134 452.025726 89.551765 59.075035 453.403473 89.612289 40.578243 453.396667 89.616173 40.578167 450.654785 89.487328 77.571907 450.640900 89.492615 77.571907 453.386963 89.620285 40.578167 453.374573 89.624504 40.578167 453.359589 89.628815 40.578167 442.841858 90.329315 77.571907 442.401550 90.869667 40.578167 434.973145 91.093102 77.571907 436.931824 91.273888 40.578167 427.164337 91.643951 77.571907 431.489655 91.476425 40.578167 419.386322 91.950439 77.571907 411.648315 91.924904 77.571907 450.601898 89.503548 77.571907 450.548615 89.514938 77.571907 450.209381 89.564598 77.571907 449.099579 89.677773 77.571907 446.604462 89.911964 77.571907 347.007019 89.255211 151.559402 347.352905 89.413101 151.559402 368.518097 89.298714 114.565666 347.716431 89.550133 151.559402 346.562500 88.885620 151.559402 367.900330 88.850731 114.565666 346.536713 88.844658 151.559402 367.880890 88.816628 114.565666 367.865234 88.782249 114.565666 346.515778 88.803314 151.559402 367.853882 88.747742 114.565666 346.500153 88.761795 151.559402 367.847198 88.713264 114.565666 346.490509 88.720284 151.559402 346.488068 88.699593 151.559402 389.215637 88.760757 77.571907 389.208252 88.733406 77.571907 389.204254 88.706108 77.571907 389.203644 88.692520 77.571907 368.379272 89.234016 114.565666 368.245056 89.162071 114.565666 346.920410 89.204674 151.559402 368.177155 89.118698 114.565666 346.831635 89.145195 151.559402 368.107880 89.068184 114.565666 346.744476 89.077850 151.559402 368.040161 89.011429 114.565666 367.977448 88.949745 114.565666 389.255463 88.841927 77.571907 389.239594 88.815132 77.571907 389.226196 88.788040 77.571907 349.204193 89.968102 151.559402 350.719147 90.292877 151.559402 369.992035 89.782837 114.565666 391.704498 89.839226 77.571907 352.245850 90.567139 151.559402 392.628845 90.048302 77.571907 445.004913 89.268501 151.559402 444.472778 89.338524 151.559402 442.731659 89.497215 151.559402 438.810974 89.825356 151.559402 432.884674 90.413353 151.559402 420.446594 91.507690 151.559402 408.042358 92.339127 151.559402 395.620758 92.845200 151.559402 383.190674 92.899277 151.559402 370.772614 92.424995 151.559402 426.084320 91.410057 40.578167 412.873779 89.775467 40.578167 414.159729 90.072601 40.578167 415.459198 90.322830 40.578167 412.238373 89.600754 40.578167 422.522858 89.476578 22.081278 422.036499 89.294708 22.081278 389.902191 89.282013 77.571907 390.791290 89.593773 77.571907 400.822266 89.366356 59.075035 401.198792 89.496620 59.075035 411.613342 89.397095 40.578167 400.028137 88.949295 59.075035 410.671082 88.907997 40.578167 399.988892 88.908890 59.075035 410.640991 88.873268 40.578167 399.953094 88.865562 59.075035 410.613800 88.836319 40.578167 410.590942 88.797798 40.578167 400.276276 89.122078 59.075035 400.454437 89.212463 59.075035 411.307648 89.279449 40.578167 421.799622 89.190063 22.081278 421.462341 88.997581 22.081278 410.867493 89.060699 40.578167 421.571014 89.067978 22.081278 411.010437 89.141228 40.578167 421.684052 89.131844 22.081278 421.248871 88.742874 22.081278 410.573822 88.758324 40.578167 421.254059 88.758904 22.081278 410.581573 88.778145 40.578167 421.260376 88.774849 22.081278 415.944672 88.821404 31.329741 415.967712 88.855087 31.329741 415.993347 88.886917 31.329741 410.702698 88.939842 40.578167 421.316101 88.865532 22.081278 421.294861 88.836647 22.081278 421.276001 88.806259 22.081278 426.595612 88.763107 12.832851 426.657837 88.868172 12.832851 426.639465 88.843803 12.832851 426.622559 88.817909 12.832851 426.607727 88.790878 12.832851 421.241150 88.694809 22.081278 410.561951 88.698677 40.578167 421.242310 88.710770 22.081278 410.563812 88.718513 40.578167 421.244904 88.726807 22.081278 410.567841 88.738419 40.578167 400.191071 89.073006 59.075035 399.899628 88.773354 59.075035 399.910156 88.796860 59.075035 399.922699 88.820122 59.075035 389.293610 88.894127 77.571907 389.338226 88.943680 77.571907 389.386810 88.989639 77.571907 389.436920 89.030998 77.571907 389.486481 89.067055 77.571907 389.585266 89.127640 77.571907 389.688049 89.182014 77.571907 368.806244 89.417419 114.565666 403.968842 91.511589 77.571907 364.575623 91.995575 151.559402 337.576416 93.338402 225.546921 346.157501 93.681511 225.546921 354.733032 93.873650 225.546921 439.722534 88.952629 225.547012 388.920441 93.034294 225.546921 371.855164 93.739960 225.546921 268.653717 91.173920 424.930237 272.003082 91.640282 425.464905 262.119812 89.466682 424.964447 263.130066 89.976112 424.657257 263.517426 90.107384 424.616028 265.675323 90.643532 424.629272 435.096832 88.706825 435.749329 404.123260 91.419327 432.289490 387.094849 92.716377 431.085907 367.065735 93.929520 430.027954 325.545227 94.848892 428.518890 327.348480 94.870377 428.562592 337.266907 94.876572 428.839874 349.572418 94.634827 429.280823 300.489838 94.033279 427.769073 311.767883 94.521523 428.164062 290.343231 93.403259 427.241577 284.925598 91.977089 427.893127 281.163330 92.647522 426.545135 292.770905 85.386055 432.082550 285.520782 85.697266 430.882538 278.483978 86.086952 429.502686 315.696533 84.809296 434.669800 307.869537 84.943123 433.968781 300.224854 85.134872 433.109009 330.234894 84.722687 435.565308 326.645294 84.724365 435.388214 337.294189 84.771210 435.842682 381.014252 86.317032 436.139679 366.618408 85.646103 436.230591 353.238129 85.140205 436.182770 434.777100 88.641876 435.797821 433.987122 88.583160 435.794067 450.059082 89.351982 720.184387 453.114166 89.574562 720.184387 452.980591 90.237045 720.184387 454.573639 89.657745 720.184387 455.246552 89.890099 720.184387 455.626923 89.839264 720.184387 456.133545 89.747704 720.184387 456.128571 89.749908 720.184387 456.142242 89.731712 720.184387 456.141907 89.731453 720.184387 432.106995 88.480705 720.184387 432.201782 88.447861 720.184387 432.045990 88.919037 720.184387 431.990082 88.551964 720.184387 431.926697 88.734749 720.184387 431.924927 88.726929 720.184387 432.229095 88.440208 720.184387 432.576141 88.375565 720.184387 432.061279 88.932449 720.184387 456.117584 89.722748 720.184387 456.129974 89.726112 720.184387 456.132782 89.727081 720.184387 456.126740 89.750664 720.184387 456.118469 89.753700 720.184387 456.098663 89.718987 720.184387 456.097870 89.759979 720.184387 456.030701 89.710411 720.184387 456.082214 89.764069 720.184387 455.966339 89.705063 720.184387 455.540009 89.686699 720.184387 450.028137 90.626862 720.184387 445.565430 90.939522 720.184387 444.293701 88.725784 720.184387 443.857605 90.970459 720.184387 443.995178 88.695946 720.184387 440.768829 90.862015 720.184387 440.955719 88.448334 720.184387 439.237854 90.718010 720.184387 437.909180 88.311737 720.184387 437.697205 90.517967 720.184387 435.776489 88.270485 720.184387 434.851196 89.973419 720.184387 434.554443 88.273338 720.184387 434.104340 89.778137 720.184387 433.335815 88.311211 720.184387 433.182800 89.486526 720.184387 432.634827 88.368164 720.184387 432.949371 89.399422 720.184387 432.466034 89.187202 720.184387 432.299255 89.097786 720.184387 432.216858 89.047310 720.184387 432.136993 88.992371 720.184387 431.997833 88.870041 720.184387 431.977570 88.843506 720.184387 431.963867 88.822433 720.184387 431.950806 88.798859 720.184387 432.003479 88.540810 720.184387 432.037445 88.516884 720.184387 432.067719 88.499382 720.184387 456.138428 89.729431 720.184387 456.140442 89.730522 720.184387 432.025818 88.900185 720.184387 431.939728 88.774673 720.184387 431.931244 88.751167 720.184387 456.142059 89.742584 720.184387 456.143707 89.732918 720.184387 456.142731 89.742020 720.184387 456.144287 89.733566 720.184387 456.144714 89.734146 720.184387 456.143219 89.732491 720.184387 456.138214 89.745232 720.184387 431.921661 88.667473 720.184387 431.920746 88.678986 720.184387 431.921234 88.702042 720.184387 431.923615 88.655334 720.184387 431.926086 88.645050 720.184387 431.930664 88.631348 720.184387 431.933960 88.623596 720.184387 431.941254 88.609596 720.184387 431.951782 88.593437 720.184387 431.959991 88.582802 720.184387 431.984314 88.557152 720.184387 456.144958 89.734444 720.184387 456.145325 89.735199 720.184387 456.145386 89.735397 720.184387 456.145538 89.735886 720.184387 456.145660 89.736542 720.184387 456.145660 89.736664 720.184387 456.145203 89.738831 720.184387 456.145508 89.738083 720.184387 456.145630 89.737381 720.184387 456.144775 89.739677 720.184387 456.143829 89.740906 720.184387 450.672546 89.471054 646.196899 450.672729 89.472244 646.196899 453.409180 89.604454 683.190674 453.409058 89.603531 683.190674 453.408752 89.602615 683.190674 450.672150 89.469864 646.196899 450.669312 89.466354 646.196899 450.670532 89.467514 646.196899 453.407593 89.600800 683.190674 389.283936 88.502983 646.196899 389.306305 88.480492 646.196899 410.626068 88.535461 683.190674 436.990387 88.811195 461.228149 439.726868 88.943405 498.221893 439.726776 88.942284 498.221893 312.003998 86.881592 498.221893 307.724426 87.339668 498.221893 398.473114 87.161957 461.228149 439.656982 88.909378 498.221893 439.458649 88.878654 498.221893 438.733307 88.825668 498.221893 436.363220 88.743698 498.221893 431.010925 88.598923 498.221893 379.165070 86.189781 461.228149 359.810516 85.417999 461.228149 340.405945 85.075195 461.228149 320.960876 85.268051 461.228149 320.581543 86.305313 498.221893 329.160553 85.941147 498.221893 305.604034 87.696869 498.221893 305.078369 87.825775 498.221893 304.570953 87.984802 498.221893 304.304535 88.107040 498.221893 304.171509 88.184235 498.221893 304.046936 88.270638 498.221893 303.938019 88.364571 498.221893 303.891510 88.413971 498.221893 303.851379 88.464790 498.221893 303.818390 88.516884 498.221893 303.793396 88.570076 498.221893 303.777222 88.624168 498.221893 303.772675 88.651497 498.221893 439.726501 88.941177 498.221893 439.726135 88.940063 498.221893 439.725647 88.938957 498.221893 439.724976 88.937859 498.221893 439.724182 88.936760 498.221893 439.722198 88.934570 498.221893 439.719666 88.932396 498.221893 439.716583 88.930237 498.221893 439.708862 88.925957 498.221893 439.687042 88.917564 498.221893 389.205109 88.652321 646.196899 389.204071 88.665611 646.196899 346.488373 88.658554 572.209412 367.931427 88.485451 609.203125 367.990479 88.427528 609.203125 389.356171 88.438095 646.196899 389.631348 88.289505 646.196899 347.226868 88.094429 572.209412 389.742676 88.250229 646.196899 347.410492 88.038002 572.209412 389.970490 88.185272 646.196899 347.787262 87.941071 572.209412 390.899017 88.013603 646.196899 349.311737 87.676636 572.209412 391.837250 87.899269 646.196899 350.849274 87.492210 572.209412 392.779449 87.812157 646.196899 352.391724 87.346878 572.209412 396.560913 87.585106 646.196899 410.562927 88.659691 683.190674 389.207153 88.639122 646.196899 410.565857 88.640686 683.190674 389.210114 88.626030 646.196899 410.571075 88.622025 683.190674 389.218750 88.600204 646.196899 410.578461 88.603760 683.190674 389.230743 88.574913 646.196899 410.587830 88.585945 683.190674 421.241547 88.678986 701.687561 410.562408 88.678986 683.190674 421.268402 88.590599 701.687561 421.260284 88.604485 701.687561 421.253540 88.618744 701.687561 410.658112 88.504585 683.190674 410.693390 88.476318 683.190674 421.337708 88.516129 701.687561 389.245819 88.550247 646.196899 389.263672 88.526253 646.196899 410.599030 88.568604 683.190674 410.611847 88.551765 683.190674 421.277710 88.577103 701.687561 421.288086 88.564011 701.687561 421.311493 88.539124 701.687561 346.763824 88.311165 572.209412 346.857452 88.253357 572.209412 389.410400 88.399673 646.196899 389.466339 88.365776 646.196899 410.730438 88.450966 683.190674 410.768188 88.428581 683.190674 421.394684 88.476410 701.687561 367.885315 88.547119 609.203125 367.868195 88.579178 609.203125 367.855621 88.611908 609.203125 346.495636 88.618073 572.209412 346.952728 88.203140 572.209412 389.522186 88.336479 646.196899 410.805817 88.409035 683.190674 346.568665 88.482109 572.209412 346.600861 88.445412 572.209412 346.676605 88.375565 572.209412 421.365692 88.495209 701.687561 346.501770 88.598053 572.209412 346.518585 88.558548 572.209412 346.541046 88.519852 572.209412 410.920410 88.361366 683.190674 410.843536 88.391670 683.190674 420.939758 87.848366 683.190674 445.197815 89.202721 572.209412 445.198425 89.203568 572.209412 445.196350 89.201042 572.209412 445.194489 89.199379 572.209412 445.192230 89.197716 572.209412 442.845703 89.123192 646.196899 432.879486 88.685654 572.209412 446.607086 89.300262 646.196899 438.809021 88.949593 572.209412 449.103485 89.369820 646.196899 442.733368 89.056763 572.209412 450.208954 89.410477 646.196899 444.471100 89.118073 572.209412 450.547363 89.437897 646.196899 445.003021 89.158272 572.209412 420.451111 88.093384 572.209412 434.994568 88.708366 646.196899 408.085999 87.392014 572.209412 427.230835 88.184319 646.196899 395.715637 86.808846 572.209412 419.507324 87.724426 646.196899 383.335205 86.505623 572.209412 411.818512 87.446579 646.196899 370.950287 86.558212 572.209412 404.167206 87.406418 646.196899 358.571228 86.945213 572.209412 450.600769 89.445770 646.196899 445.148499 89.181740 572.209412 450.659637 89.460663 646.196899 453.395996 89.593811 683.190674 450.654053 89.458443 646.196899 453.386139 89.590469 683.190674 450.639984 89.454102 646.196899 450.664246 89.462914 646.196899 453.401672 89.596382 683.190674 453.399933 89.595520 683.190674 453.406769 89.599907 683.190674 453.405762 89.599014 683.190674 450.667908 89.465202 646.196899 453.404572 89.598129 683.190674 453.403198 89.597252 683.190674 450.671448 89.468689 646.196899 453.408295 89.601707 683.190674 445.170532 89.188004 572.209412 445.179321 89.191200 572.209412 445.186554 89.194435 572.209412 442.429108 89.024803 683.190674 431.620728 88.199699 683.190674 447.936249 89.340034 609.203125 445.198883 89.204414 572.209412 445.199249 89.205261 572.209412 445.199554 89.206116 572.209412 445.199738 89.206970 572.209412 445.199799 89.207825 572.209412 442.463318 89.075615 535.215637 371.923920 85.893265 498.221893 388.941162 86.599701 498.221893 405.907684 87.478401 498.221893 422.913300 88.248108 498.221893 389.204041 88.678986 646.196899 346.487335 88.678986 572.209412 303.770630 88.678986 498.221893 346.491180 88.638245 572.209412 347.046570 88.160637 572.209412 426.264496 87.936058 683.190674 354.851959 85.564674 498.221893 337.733398 85.709999 498.221893 340.297058 94.388504 461.228149 354.733032 93.873650 498.221893 371.855164 93.739960 498.221893 426.595612 88.763107 710.935974 421.462341 88.997581 701.687561 421.571014 89.067978 701.687561 411.010437 89.141228 683.190674 364.575623 91.995575 572.209412 358.394043 91.404556 572.209412 396.372162 90.695915 646.196899 389.338226 88.943680 646.196899 389.386810 88.989639 646.196899 368.107880 89.068184 609.203125 447.925995 89.352097 609.203125 445.187256 89.221985 572.209412 445.171539 89.229332 572.209412 439.709717 88.961807 498.221893 320.812042 93.820168 461.228149 320.415955 92.113197 498.221893 328.993652 92.827950 498.221893 309.733765 90.746529 498.221893 311.862854 91.085976 498.221893 303.776733 88.734451 498.221893 303.792084 88.790176 498.221893 303.815857 88.845871 498.221893 303.847229 88.901276 498.221893 304.032990 89.114410 498.221893 303.929688 89.010094 498.221893 303.885468 88.956108 498.221893 304.150696 89.212021 498.221893 304.276489 89.300751 498.221893 304.527527 89.443375 498.221893 304.403870 89.378357 498.221893 305.017792 89.644180 498.221893 305.530609 89.818245 498.221893 307.617126 90.342430 498.221893 330.556702 94.188065 461.228149 359.751862 94.213974 461.228149 379.152954 93.404358 461.228149 398.491669 92.145721 461.228149 431.017517 89.738739 498.221893 422.927490 90.497383 498.221893 436.363739 89.316658 498.221893 438.736145 89.112450 498.221893 439.461182 89.022057 498.221893 439.658539 88.981079 498.221893 439.688293 88.971336 498.221893 450.640900 89.492615 646.196899 450.654785 89.487328 646.196899 447.913116 89.358360 609.203125 450.664398 89.482323 646.195007 450.601898 89.503548 646.196899 445.149719 89.236847 572.209412 445.004913 89.268501 572.209412 446.604462 89.911964 646.196899 449.099579 89.677773 646.196899 442.731659 89.497215 572.209412 453.386963 89.620285 683.190674 453.396667 89.616173 683.190674 452.025726 89.551765 664.693787 453.403473 89.612289 683.190552 450.670532 89.477196 646.193665 453.374573 89.624504 683.190674 444.472778 89.338524 572.209412 450.209381 89.564598 646.196899 450.548615 89.514938 646.196899 453.359589 89.628815 683.190674 419.386322 91.950439 646.196899 436.931824 91.273888 683.190674 427.164337 91.643951 646.196899 442.401550 90.869667 683.190674 434.973145 91.093102 646.196899 442.841858 90.329315 646.196899 370.772614 92.424995 572.209412 400.157623 91.163200 646.196899 368.379272 89.234016 609.203125 368.518097 89.298714 609.203125 347.352905 89.413101 572.209412 368.806244 89.417419 609.203125 347.716431 89.550133 572.209412 369.992035 89.782837 609.203125 368.245056 89.162071 609.203125 347.007019 89.255211 572.209412 368.177155 89.118698 609.203125 346.920410 89.204674 572.209412 391.704498 89.839226 646.196899 390.791290 89.593773 646.196899 389.902191 89.282013 646.196899 392.628845 90.048302 646.196899 352.245850 90.567139 572.209412 350.719147 90.292877 572.209412 349.204193 89.968102 572.209412 403.968842 91.511589 646.196899 383.190674 92.899277 572.209412 411.648315 91.924904 646.196899 395.620758 92.845200 572.209412 408.042358 92.339127 572.209412 420.446594 91.507690 572.209412 432.884674 90.413353 572.209412 438.810974 89.825356 572.209412 431.489655 91.476425 683.190674 426.084320 91.410057 683.190674 420.733215 91.029823 683.190674 401.198792 89.496620 664.693787 412.238373 89.600754 683.190674 412.873779 89.775467 683.190674 414.159729 90.072601 683.190674 415.459198 90.322830 683.190674 389.436920 89.030998 646.196899 389.486481 89.067055 646.196899 389.585266 89.127640 646.196899 389.688049 89.182014 646.196899 400.454437 89.212463 664.693787 400.822266 89.366356 664.693787 389.204254 88.706108 646.196899 410.561951 88.698677 683.190674 389.208252 88.733406 646.196899 410.563812 88.718513 683.190674 389.215637 88.760757 646.196899 346.744476 89.077850 572.209412 346.663300 89.004265 572.209412 367.977448 88.949745 609.203125 346.592590 88.926010 572.209412 367.923248 88.884384 609.203125 367.900330 88.850731 609.203125 389.239594 88.815132 646.196899 389.226196 88.788040 646.196899 399.899628 88.773354 664.693787 410.567841 88.738419 683.190674 400.028137 88.949295 664.693787 410.671082 88.907997 683.190674 400.068848 88.985962 664.693787 410.702698 88.939842 683.190674 400.109497 89.018257 664.693787 410.734619 88.968292 683.190674 400.191071 89.073006 664.693787 410.799469 89.017067 683.190674 400.276276 89.122078 664.693787 422.522858 89.476578 701.687561 411.613342 89.397095 683.190674 422.036499 89.294708 701.687561 411.307648 89.279449 683.190674 421.799622 89.190063 701.687561 421.684052 89.131844 701.687561 421.410858 88.959541 701.687561 426.717865 88.930107 710.935974 421.362244 88.916916 701.687561 426.677124 88.890633 710.935974 415.993347 88.886917 692.439087 416.048096 88.942795 692.439087 416.104736 88.988518 692.439087 410.867493 89.060699 683.190674 421.294861 88.836647 701.687561 415.967712 88.855087 692.439087 410.640991 88.873268 683.190674 399.988892 88.908890 664.693787 421.316101 88.865532 701.687561 346.831635 89.145195 572.209412 368.040161 89.011429 609.203125 389.293610 88.894127 646.196899 389.255463 88.841927 646.196899 399.910156 88.796860 664.693787 410.573822 88.758324 683.190674 421.244904 88.726807 701.687561 399.953094 88.865562 664.693787 410.613800 88.836319 683.190674 415.944672 88.821404 692.439087 421.276001 88.806259 701.687561 399.922699 88.820122 664.693787 410.590942 88.797798 683.190674 421.260376 88.774849 701.687561 426.607727 88.790878 710.935974 426.622559 88.817909 710.935974 426.639465 88.843803 710.935974 426.657837 88.868172 710.935974 426.586761 88.734962 710.935974 410.581573 88.778145 683.190674 421.248871 88.742874 701.687561 421.254059 88.758904 701.687561 421.242310 88.710770 701.687561 421.241150 88.694809 701.687561 346.562500 88.885620 572.209412 367.880890 88.816628 609.203125 367.865234 88.782249 609.203125 367.853882 88.747742 609.203125 367.847198 88.713264 609.203125 389.203644 88.692520 646.196899 346.536713 88.844658 572.209412 346.515778 88.803314 572.209412 346.500153 88.761795 572.209412 346.490509 88.720284 572.209412 346.488068 88.699593 572.209412 346.157501 93.681511 498.221893 337.576416 93.338402 498.221893 439.717285 88.957123 498.221893 439.722534 88.952629 498.221802 447.933716 89.346077 609.203064 445.196625 89.214928 572.209290 388.920441 93.034294 498.221893 405.920074 91.922279 498.221893 337.189545 84.405357 304.322266 342.084900 88.452538 305.094574 334.798065 88.425110 303.141418 316.371216 84.605148 299.534393 320.222626 88.371597 299.712433 311.157013 84.686234 298.665894 311.612427 88.341499 298.177765 305.946289 84.797821 297.951508 307.859039 88.328804 297.642853 303.557220 84.859192 297.675720 302.906158 88.312462 297.064392 300.702576 84.941238 297.388458 299.094025 88.300194 296.717041 295.397430 85.120865 296.973938 293.851349 88.283760 296.374786 284.247345 88.254921 296.133026 284.802124 85.596085 296.583679 289.616608 88.270851 296.208740 290.006531 85.342140 296.705475 294.452271 85.156769 296.915985 273.781219 88.225174 296.385193 273.781219 86.333733 296.718689 279.297211 88.240646 296.189301 279.221069 85.928490 296.590179 284.570160 85.608505 296.581238 410.144836 87.530190 313.895294 410.144836 88.678986 313.865631 404.248505 87.257149 313.903595 402.937439 88.658676 313.849762 390.148102 88.620621 313.598938 393.313141 86.727020 313.807983 398.649536 86.991364 313.882904 380.364746 86.049706 313.161926 383.264099 86.202591 313.386963 380.364746 86.664383 313.092407 388.201874 86.462914 313.652649 389.467072 86.711914 313.682800 371.908722 86.614548 312.065826 373.670593 85.700760 312.432159 378.581818 85.956055 312.996307 364.360992 88.534904 310.580994 368.721558 85.450516 311.704742 371.908783 85.610619 312.191315 355.768463 88.503754 308.676239 362.954773 85.174004 310.664276 363.683044 85.207909 310.806549 349.125122 88.479042 306.988495 350.876190 84.678322 307.920532 357.183258 84.917236 309.436127 339.628815 84.392899 304.974548 342.526367 84.413605 305.750366 347.570068 84.563080 307.075836 329.108551 88.403915 301.701019 327.600189 84.455887 301.899261 332.057617 84.430916 302.989990 319.954224 84.548416 300.220337 321.028595 84.532845 300.439270 326.479492 84.466003 301.636719 380.802399 88.590996 312.997833 372.648163 88.563805 312.018188 410.144836 90.588509 313.949310 418.942261 89.876770 313.898834 422.323608 89.608055 313.885651 416.759216 87.859619 313.881195 425.312103 88.238014 313.870148 430.437012 89.070953 313.869202 425.877045 88.256210 313.869781 431.490662 88.443840 313.866913 433.309814 88.847198 313.866302 433.478668 88.552116 313.866028 433.726044 88.573761 313.865906 434.025177 88.756050 313.865784 434.154510 88.632660 313.865692 434.201416 88.714653 313.865662 434.201172 88.645157 313.865662 434.213623 88.649406 313.865662 434.229370 88.655891 313.865662 434.241455 88.662529 313.865662 434.243256 88.663788 313.865662 434.238251 88.698250 313.865662 434.230011 88.702858 313.865662 434.248108 88.667801 313.865631 434.252930 88.674492 313.865631 434.252380 88.674507 313.865631 434.252289 88.673157 313.865631 434.250854 88.670891 313.865631 434.253571 88.676338 313.865631 434.253876 88.678123 313.865631 434.253906 88.678986 313.865631 434.253815 88.680893 313.865631 434.253357 88.682808 313.865631 434.250488 88.687988 313.865631 434.247223 88.691582 313.865631 434.250458 88.670380 313.865631 434.247009 88.691772 313.865631 434.248779 88.668472 313.865631 434.253235 88.683151 313.865631 434.252228 88.685364 313.865631 434.242950 88.695107 313.865662 434.246246 88.666122 313.865631 434.226074 88.704773 313.865662 334.797363 90.206955 303.937653 327.504791 90.132797 302.185669 319.953674 90.055954 300.604736 313.963074 94.809059 302.923340 311.294220 94.724442 302.566650 312.013153 93.208122 301.474060 308.621826 94.629143 302.240692 273.781219 90.171410 298.250397 279.297150 91.121712 298.814819 273.781219 92.081192 300.077576 279.130188 92.696274 300.287781 281.809601 92.957642 300.384918 284.570129 91.191559 298.681763 284.490997 93.195717 300.487030 287.173553 93.414917 300.600311 289.616364 91.261017 298.680267 289.856781 93.617264 300.728546 292.540253 93.803528 300.874237 294.452026 91.330009 298.801453 295.223602 93.974510 301.039764 299.093384 91.398438 299.036591 297.906403 94.131042 301.227448 307.858002 91.533279 299.813263 305.946320 94.522606 301.944855 303.556641 91.466225 299.376770 303.268250 94.404358 301.678223 300.588104 94.274017 301.439575 321.943970 95.004738 304.178314 319.288208 94.949234 303.730072 319.952179 93.386810 302.698212 316.627869 94.883774 303.311218 329.886047 95.094658 305.669891 327.242828 95.077164 305.150177 327.503143 93.558861 304.167999 324.595428 95.048073 304.652832 334.795837 93.722946 305.813019 335.156860 95.128059 306.785522 332.524170 95.109512 306.214935 343.059479 94.987816 308.469879 340.422211 95.086197 307.929108 341.959869 93.878716 307.559814 339.432159 95.110321 307.720398 349.124298 94.031227 309.317261 348.336578 94.735336 309.526459 345.697906 94.862282 308.999176 358.918091 94.176155 311.480652 356.266815 94.329330 311.028503 356.417908 94.187408 310.988068 353.619843 94.474121 310.549286 350.976746 94.608238 310.046326 356.417938 92.318657 310.135742 363.969513 92.440804 311.670868 361.573914 94.017319 311.903137 371.908142 92.573891 312.928528 369.451782 93.521660 312.950500 364.234467 93.854004 312.292969 385.667694 92.416702 314.017487 380.134003 92.802307 313.820526 380.362671 92.722206 313.812866 374.926392 93.158058 313.477783 371.908112 93.360115 313.208130 393.728363 91.836296 314.077209 391.041687 92.033249 314.077606 389.465088 90.763466 313.808380 389.463470 92.147118 314.069763 380.363800 90.665817 313.295807 396.414673 91.635139 314.064270 399.346375 90.851280 313.968231 371.908447 90.576805 312.338379 363.969543 90.495811 311.015076 356.418030 90.420593 309.419617 349.124847 90.348885 307.645752 349.124542 92.203140 308.418976 341.960999 90.278419 305.787170 341.960358 92.089958 306.616394 334.796509 91.974792 304.823761 312.014343 89.976715 299.265747 312.013641 91.599510 300.337189 327.503845 91.854492 303.131226 319.952820 91.729164 301.612183 272.879059 86.400986 296.932861 265.476929 87.138809 298.658295 266.098053 87.057617 298.516571 264.213745 88.139259 298.809662 266.700928 86.983505 298.378296 269.741882 86.664078 297.672272 261.465637 88.124382 299.501129 261.545227 88.074417 299.489197 261.931396 87.881554 299.423523 262.157654 87.795921 299.380737 262.422455 87.715271 299.327515 263.809906 87.403214 299.031342 260.783630 88.232292 299.801361 261.420593 88.143257 299.534393 264.514313 89.949623 300.719971 258.803589 88.545082 300.683777 258.820709 88.542053 300.675690 256.441620 89.081421 301.960876 256.568726 89.043755 301.880280 256.062225 89.204803 302.215912 255.320862 89.709740 303.048920 255.356628 89.758484 303.099731 255.403549 89.805244 303.144867 255.306839 89.680916 303.016846 255.300949 89.657066 302.988678 255.300552 89.653038 302.983765 255.348450 89.551399 302.843353 255.395737 89.511063 302.779816 255.320847 89.584503 302.892426 255.301529 89.630348 302.955109 255.308548 89.606895 302.923828 255.507584 89.440353 302.660583 255.893616 89.266716 302.338562 256.916199 88.947914 301.669525 257.459351 88.814651 301.362366 257.600677 88.782692 301.286133 258.091736 88.678986 301.031128 258.327148 88.632759 300.913605 259.119019 88.490433 300.536316 259.462585 88.433411 300.379242 259.666840 88.400566 300.287354 259.947784 88.356552 300.162659 260.582642 88.261345 299.887024 260.754425 90.885139 302.884094 258.249695 90.547157 303.230621 256.954376 90.325806 303.342407 256.098724 90.121536 303.339325 255.778809 90.012260 303.295837 255.578751 89.921089 303.239563 255.474655 89.859390 303.192291 271.481323 91.907829 300.655365 266.761749 91.511131 301.742889 264.392090 91.284470 302.230988 395.973663 92.070992 292.102386 392.369171 92.339264 292.346436 392.072327 92.349052 293.754761 261.060364 88.749748 299.534393 261.057007 88.727524 299.534393 261.053925 88.678986 299.534393 261.867828 88.960854 298.287689 261.154755 88.972130 299.534393 261.100739 88.875015 299.534393 261.071014 88.795387 299.534393 261.246735 89.092674 299.534393 261.386658 89.233299 299.534393 262.021210 89.646515 299.534393 261.759308 89.505714 299.534393 261.699860 89.468666 299.534393 261.438477 89.278114 299.534393 262.193665 89.722511 299.534393 262.328827 89.776390 299.534393 263.071014 90.037674 299.534393 263.295837 90.107895 299.534393 264.612274 90.458557 299.534393 265.938782 90.747200 299.534393 271.308929 91.647751 299.534393 268.616547 91.237427 299.534393 266.968018 90.891960 299.035217 282.497894 92.771126 297.107483 276.877899 92.211067 297.631805 276.709015 92.327248 299.534393 270.662231 91.465202 298.536835 280.572876 92.734016 299.534393 282.124329 92.881897 299.534393 288.290131 93.251343 296.662140 292.977814 93.732208 299.534393 294.254944 93.669388 296.298187 293.015472 93.734688 299.534393 300.392944 94.028137 296.003052 303.848053 94.332024 299.534393 303.819244 94.199005 295.865631 306.706299 94.327766 295.762360 308.375244 94.519661 299.534393 314.727692 94.726753 299.534393 322.087952 94.793350 295.331757 324.684784 94.925842 299.534393 332.664734 94.898521 295.065887 336.499268 94.936546 299.534393 341.100677 94.827873 294.799194 340.381439 94.881523 299.534393 341.942078 94.852188 299.534393 349.856567 94.626472 294.474792 347.383911 94.719940 299.534393 352.824524 94.544769 299.534393 358.913116 94.304100 294.102142 357.717377 94.354218 299.534393 359.941711 94.261009 294.057770 384.724579 92.879318 292.821869 373.448273 93.585976 293.431580 370.722015 93.737213 293.754761 366.658295 93.949989 293.757385 413.483582 90.598015 293.754761 406.613586 91.208794 291.263123 430.434906 89.155838 293.754761 426.330658 89.499016 289.253021 423.685455 89.670784 293.754761 416.066101 90.409409 290.394928 434.345764 88.796074 293.754761 433.430237 88.906616 293.754761 432.709778 89.024551 288.558868 434.669281 88.716484 293.754761 434.659760 88.722229 293.754761 434.632660 88.733925 293.754761 434.595062 88.745872 293.754761 434.895203 88.710060 290.864929 434.467712 88.689308 296.644592 434.248779 88.690033 299.534393 434.251343 88.686882 299.534393 434.253815 88.680885 299.534393 434.253906 88.678986 299.534393 434.252594 88.684685 299.534393 434.253387 88.682724 299.534393 434.675964 88.710960 293.754883 434.467712 88.689407 296.644592 434.248474 88.690331 299.534393 434.681458 88.699638 293.754761 434.895203 88.709969 290.864899 434.233582 88.701004 299.534393 434.241516 88.696106 299.534393 434.243927 88.694366 299.534393 420.837585 89.863525 299.534393 423.862396 89.598083 299.534393 429.928223 89.142624 299.534393 433.129852 88.873962 299.534393 434.109528 88.740166 299.534393 434.181763 88.721329 299.534393 434.204193 88.713837 299.534393 434.226105 88.704811 299.534393 369.137604 93.801384 299.534393 377.695648 93.296097 299.534393 390.865082 92.388527 299.534393 395.260284 92.057747 299.534393 412.663666 90.608261 299.534393 322.529572 84.742500 288.617676 330.838562 84.723923 288.176270 270.927979 86.647446 295.996613 267.607910 86.991737 296.771515 266.904022 87.078568 296.933563 263.081360 87.800148 297.773987 263.353912 87.717484 297.719025 262.517609 88.050293 297.875092 262.343781 88.159882 297.901062 261.262482 88.277557 299.534393 261.203339 88.340622 299.534393 261.152527 88.405518 299.534393 261.111053 88.472046 299.534393 261.080048 88.539955 299.534393 261.060638 88.609016 299.534393 261.055634 88.643898 299.534393 285.008789 85.722305 292.979218 283.685760 85.789253 293.224640 278.971344 86.056564 294.163177 304.611481 85.017097 290.144043 297.841095 85.208069 290.966827 293.685242 85.351685 291.549622 291.300568 85.443443 291.912720 311.632965 84.871132 289.441772 434.253815 88.677589 299.534393 434.253021 88.674812 299.534393 434.253510 88.676193 299.534393 434.251526 88.672050 299.534393 434.252380 88.673424 299.534393 435.103546 88.716034 288.036621 434.251099 88.671410 299.534393 435.101685 88.712067 288.029236 434.250549 88.670670 299.534393 434.247986 88.667938 299.534393 434.244720 88.665215 299.534393 434.240784 88.662514 299.534393 434.230835 88.657166 299.534393 434.202789 88.646652 299.534393 434.164154 88.636406 299.534393 433.909088 88.597847 299.534393 434.825348 88.647461 287.970459 432.975922 88.531082 299.534393 434.085876 88.588707 287.974579 429.926727 88.426819 299.534393 430.559998 88.467110 287.967224 432.004852 88.489357 299.534393 431.941101 88.504303 287.972198 433.119049 88.543732 287.974762 423.044373 88.241440 299.534393 427.200134 88.386192 287.951294 428.979523 88.429222 287.960114 412.644867 87.796738 299.534393 419.201263 88.080170 299.534393 417.983185 88.021828 287.915527 420.613739 88.142899 287.924805 423.024628 88.249039 287.932983 425.217590 88.329094 287.941864 366.620605 85.646194 287.538239 381.002655 86.316452 287.629028 390.843109 86.834778 299.534393 410.208771 87.709724 287.873810 369.144501 85.763329 299.534393 360.155304 85.375046 299.534393 352.743256 85.094719 299.534393 348.297607 84.993462 287.653534 347.436096 84.921753 299.534393 345.329681 84.860641 299.534393 339.313690 84.799599 287.862305 336.576721 84.660690 299.534393 330.497864 84.582977 299.534393 325.714691 84.562912 299.534393 434.253906 88.678986 310.509186 434.247681 88.691101 306.850922 434.239838 88.697227 306.850922 432.821899 88.897842 306.850922 429.440796 89.154213 306.850922 422.072083 89.681610 306.850922 387.072449 92.481155 306.850922 410.739014 90.645248 306.850922 375.285309 93.284332 306.850922 363.498718 93.995697 306.850922 351.714539 94.594460 306.850922 345.823242 94.862808 306.850922 339.932678 95.077850 306.850922 256.055450 90.034760 303.192657 257.446106 90.371971 303.192657 259.563934 88.678986 300.287262 434.252411 88.685028 306.854370 434.253906 88.678986 306.850922 434.253906 88.678986 306.825897 434.253906 88.679070 303.192657 434.253906 88.678947 303.180145 434.228790 88.703430 306.850922 434.197571 88.716003 306.850922 434.154297 88.728806 306.850922 433.868011 88.782150 306.850922 434.253906 88.678940 310.471649 434.253906 88.678986 303.192657 353.780792 84.841339 306.825897 341.498962 84.544968 303.180145 369.847076 85.609436 306.825897 385.923004 86.449570 306.825897 401.993439 87.247841 306.825897 417.931946 87.965279 306.825897 426.533203 88.306961 306.825897 431.736938 88.465622 306.825897 433.550385 88.561607 306.825897 434.068237 88.617142 306.825897 434.206055 88.647209 306.825897 434.226746 88.654991 306.825897 434.234924 88.658920 306.825897 434.241638 88.662880 306.825897 434.246948 88.666862 306.825897 434.250702 88.670784 306.825897 259.566803 88.632996 300.287262 259.575134 88.588440 300.287262 259.589661 88.541260 300.287262 259.612000 88.490150 300.287262 259.644501 88.433479 300.287262 267.739075 88.660286 296.457489 344.345703 93.030228 292.737152 334.195984 93.312325 293.219177 434.753296 88.795235 288.178345 374.809326 92.368256 292.151886 354.498840 92.778847 292.422485 313.925201 93.968636 294.827179 324.053162 93.625130 293.903564 344.336548 91.324333 290.723480 344.326935 89.870346 288.837494 344.278198 88.678986 287.043427 324.007538 90.100296 289.708496 313.871735 90.233604 290.497589 "
							            />
						</IndexedFaceSet>
					</Shape>
				</Group>
			</Transform>
		</Transform>
	</Scene>
</X3D>