<?xml version="1.0" encoding="UTF-8"?>
<!DOCTYPE X3D PUBLIC "ISO//Web3D//DTD X3D 3.0//EN" "http://www.web3d.org/specifications/x3d-3.0.dtd">
<X3D version="3.0" profile="Immersive" xmlns:xsd="http://www.w3.org/2001/XMLSchema-instance" xsd:noNamespaceSchemaLocation="http://www.web3d.org/specifications/x3d-3.0.xsd">
	<head>
		<meta name="filename" content="OMLV4_Packing - For Xander - Param_Fuselage_V4_Cut_PDR-1.x3d" />
		<meta name="created" content="2026-04-19 20:21:18" />
		<meta name="generator" content="Blender 4.3.2" />
		<meta name="translator" content="Web3D X3D/VRML2 format v2.5.1" />
	</head>
	<Scene>
		<NavigationInfo headlight="true"
		                visibilityLimit="0.0"
		                type='"EXAMINE", "ANY"'
		                avatarSize="0.25, 1.75, 0.75"
		                />
		<Background DEF="WO_World"
		            groundColor="0.051 0.051 0.051"
		            skyColor="0.051 0.051 0.051"
		            />
		<Transform DEF="OMLV4_Packing_-_For_Xander_-_Param_Fuselage_V4_Cut_PDR-1_TRANSFORM"
		           translation="0.000000 0.000000 0.000000"
		           scale="1.000000 1.000000 1.000000"
		           rotation="-1.000000 0.000000 0.000000 1.570796"
		           >
			<Transform DEF="OMLV4_Packing_-_For_Xander_-_Param_Fuselage_V4_Cut_PDR-1_ifs_TRANSFORM"
			           translation="0.000000 0.000000 0.000000"
			           scale="1.000000 1.000000 1.000000"
			           rotation="0.000000 1.000000 0.000000 0.000000"
			           >
				<Group DEF="group_ME_OMLV4_Packing_-_For_Xander_-_Param_Fuselage_V4_Cut_PDR-1">
					<Shape>
						<Appearance>
						</Appearance>
						<IndexedFaceSet solid="false"
						                coordIndex="0 1 2 -1 3 1 0 -1 0 4 5 -1 6 4 0 -1 2 6 0 -1 0 7 8 -1 9 7 0 -1 5 9 0 -1 0 10 11 -1 12 10 0 -1 8 12 0 -1 0 13 14 -1 15 13 0 -1 11 15 0 -1 0 16 17 -1 18 16 0 -1 14 18 0 -1 0 19 20 -1 21 19 0 -1 17 21 0 -1 0 22 23 -1 24 22 0 -1 20 24 0 -1 0 25 26 -1 27 25 0 -1 23 27 0 -1 0 28 29 -1 30 28 0 -1 26 30 0 -1 0 31 32 -1 33 31 0 -1 29 33 0 -1 0 34 35 -1 36 34 0 -1 32 36 0 -1 0 37 38 -1 39 37 0 -1 35 39 0 -1 0 40 41 -1 42 40 0 -1 38 42 0 -1 0 43 44 -1 45 43 0 -1 41 45 0 -1 0 46 47 -1 48 46 0 -1 44 48 0 -1 0 49 50 -1 51 49 0 -1 47 51 0 -1 0 52 53 -1 54 52 0 -1 50 54 0 -1 53 3 0 -1 55 56 57 -1 57 56 58 -1 57 58 59 -1 59 58 60 -1 59 60 61 -1 61 60 62 -1 61 62 63 -1 63 62 64 -1 63 64 65 -1 65 64 66 -1 65 66 67 -1 67 66 68 -1 67 68 69 -1 69 68 70 -1 69 70 71 -1 71 70 72 -1 71 72 73 -1 73 72 74 -1 73 74 75 -1 75 74 76 -1 75 76 77 -1 77 76 78 -1 77 78 79 -1 79 78 80 -1 79 80 81 -1 81 80 82 -1 81 82 83 -1 83 82 84 -1 83 84 85 -1 85 84 86 -1 85 86 87 -1 87 86 88 -1 87 88 89 -1 89 88 90 -1 89 90 91 -1 91 90 92 -1 91 92 93 -1 93 92 94 -1 93 94 95 -1 95 94 96 -1 95 96 97 -1 97 96 98 -1 97 98 99 -1 99 98 100 -1 99 100 101 -1 101 100 102 -1 101 102 103 -1 103 102 104 -1 103 104 105 -1 105 104 106 -1 105 106 107 -1 107 106 108 -1 107 108 109 -1 109 108 110 -1 109 110 111 -1 111 110 112 -1 111 112 113 -1 113 112 114 -1 113 114 115 -1 115 114 116 -1 115 116 117 -1 117 116 118 -1 117 118 119 -1 119 118 120 -1 119 120 121 -1 121 120 122 -1 121 122 123 -1 123 122 124 -1 123 124 125 -1 125 124 126 -1 125 126 127 -1 127 126 128 -1 127 128 129 -1 129 128 130 -1 129 130 131 -1 131 130 132 -1 131 132 133 -1 133 132 134 -1 133 134 135 -1 135 134 136 -1 135 136 137 -1 137 136 138 -1 137 138 139 -1 139 138 140 -1 139 140 141 -1 141 140 142 -1 141 142 143 -1 143 142 144 -1 143 144 145 -1 145 144 146 -1 145 146 147 -1 147 146 148 -1 147 148 149 -1 149 148 150 -1 149 150 151 -1 151 150 152 -1 151 152 153 -1 153 152 154 -1 153 154 155 -1 155 154 156 -1 155 156 157 -1 157 156 158 -1 157 158 159 -1 159 158 160 -1 159 160 161 -1 161 160 162 -1 161 162 163 -1 163 162 55 -1 163 55 57 -1 87 164 85 -1 85 164 165 -1 85 165 83 -1 83 165 166 -1 83 166 81 -1 81 166 167 -1 81 167 79 -1 79 167 168 -1 79 168 77 -1 77 168 169 -1 77 169 75 -1 75 169 170 -1 75 170 73 -1 73 170 171 -1 73 171 71 -1 71 171 172 -1 71 172 69 -1 69 172 173 -1 69 173 67 -1 67 173 174 -1 67 174 65 -1 65 174 175 -1 65 175 63 -1 63 175 176 -1 63 176 61 -1 61 176 177 -1 61 177 59 -1 59 177 178 -1 59 178 57 -1 57 178 179 -1 57 179 163 -1 163 179 180 -1 163 180 161 -1 161 180 181 -1 161 181 159 -1 159 181 182 -1 159 182 157 -1 157 182 183 -1 157 183 155 -1 155 183 184 -1 155 184 153 -1 153 184 185 -1 153 185 151 -1 151 185 186 -1 151 186 149 -1 149 186 187 -1 149 187 147 -1 147 187 188 -1 147 188 145 -1 145 188 189 -1 145 189 143 -1 143 189 190 -1 143 190 141 -1 141 190 191 -1 141 191 139 -1 139 191 192 -1 139 192 137 -1 137 192 193 -1 137 193 135 -1 135 193 194 -1 135 194 133 -1 133 194 195 -1 133 195 131 -1 131 195 196 -1 131 196 129 -1 129 196 197 -1 129 197 127 -1 127 197 198 -1 127 198 125 -1 125 198 199 -1 125 199 123 -1 123 199 200 -1 123 200 121 -1 121 200 201 -1 121 201 119 -1 119 201 202 -1 119 202 117 -1 117 202 203 -1 117 203 115 -1 115 203 204 -1 115 204 113 -1 113 204 205 -1 113 205 111 -1 111 205 206 -1 111 206 109 -1 109 206 207 -1 109 207 107 -1 107 207 208 -1 107 208 105 -1 105 208 209 -1 105 209 103 -1 103 209 210 -1 103 210 101 -1 101 210 211 -1 101 211 99 -1 99 211 212 -1 99 212 97 -1 97 212 213 -1 97 213 95 -1 95 213 214 -1 95 214 93 -1 93 214 215 -1 93 215 91 -1 91 215 216 -1 91 216 89 -1 89 216 217 -1 89 217 87 -1 87 217 164 -1 217 218 164 -1 164 218 219 -1 164 219 165 -1 165 219 220 -1 165 220 166 -1 166 220 221 -1 166 221 167 -1 167 221 222 -1 167 222 168 -1 168 222 223 -1 168 223 169 -1 169 223 224 -1 169 224 170 -1 170 224 225 -1 170 225 171 -1 171 225 226 -1 171 226 172 -1 172 226 227 -1 172 227 173 -1 173 227 228 -1 173 228 174 -1 174 228 229 -1 174 229 175 -1 175 229 230 -1 175 230 176 -1 176 230 231 -1 176 231 177 -1 177 231 232 -1 177 232 178 -1 178 232 233 -1 178 233 179 -1 179 233 234 -1 179 234 180 -1 180 234 235 -1 180 235 181 -1 181 235 236 -1 181 236 182 -1 182 236 237 -1 182 237 183 -1 183 237 238 -1 183 238 184 -1 184 238 239 -1 184 239 185 -1 185 239 240 -1 185 240 186 -1 186 240 241 -1 186 241 187 -1 187 241 242 -1 187 242 188 -1 188 242 243 -1 188 243 189 -1 189 243 244 -1 189 244 190 -1 190 244 245 -1 190 245 191 -1 191 245 246 -1 191 246 192 -1 192 246 247 -1 192 247 193 -1 193 247 248 -1 193 248 194 -1 194 248 249 -1 194 249 195 -1 195 249 250 -1 195 250 196 -1 196 250 251 -1 196 251 197 -1 197 251 252 -1 197 252 198 -1 198 252 253 -1 198 253 199 -1 199 253 254 -1 199 254 200 -1 200 254 255 -1 200 255 201 -1 201 255 256 -1 201 256 202 -1 202 256 257 -1 202 257 203 -1 203 257 258 -1 203 258 204 -1 204 258 259 -1 204 259 205 -1 205 259 260 -1 205 260 206 -1 206 260 261 -1 206 261 207 -1 207 261 262 -1 207 262 208 -1 208 262 263 -1 208 263 209 -1 209 263 264 -1 209 264 210 -1 210 264 265 -1 210 265 211 -1 211 265 266 -1 211 266 212 -1 212 266 267 -1 212 267 213 -1 213 267 268 -1 213 268 214 -1 214 268 269 -1 214 269 215 -1 215 269 270 -1 215 270 216 -1 216 270 271 -1 216 271 217 -1 217 271 218 -1 271 272 218 -1 218 272 273 -1 218 273 219 -1 219 273 274 -1 219 274 220 -1 220 274 275 -1 220 275 221 -1 221 275 276 -1 221 276 222 -1 222 276 277 -1 222 277 223 -1 223 277 278 -1 223 278 224 -1 224 278 279 -1 224 279 225 -1 225 279 280 -1 225 280 226 -1 226 280 281 -1 226 281 227 -1 227 281 282 -1 227 282 228 -1 228 282 283 -1 228 283 229 -1 229 283 284 -1 229 284 230 -1 230 284 285 -1 230 285 231 -1 231 285 286 -1 231 286 232 -1 232 286 287 -1 232 287 233 -1 233 287 288 -1 233 288 234 -1 234 288 289 -1 234 289 235 -1 235 289 290 -1 235 290 236 -1 236 290 291 -1 236 291 237 -1 237 291 292 -1 237 292 238 -1 238 292 293 -1 238 293 239 -1 239 293 294 -1 239 294 240 -1 240 294 295 -1 240 295 241 -1 241 295 296 -1 241 296 242 -1 242 296 297 -1 242 297 243 -1 243 297 298 -1 243 298 244 -1 244 298 299 -1 244 299 245 -1 245 299 300 -1 245 300 246 -1 246 300 301 -1 246 301 247 -1 247 301 302 -1 247 302 248 -1 248 302 303 -1 248 303 249 -1 249 303 304 -1 249 304 250 -1 250 304 305 -1 250 305 251 -1 251 305 306 -1 251 306 252 -1 252 306 307 -1 252 307 253 -1 253 307 308 -1 253 308 254 -1 254 308 309 -1 254 309 255 -1 255 309 310 -1 255 310 256 -1 256 310 311 -1 256 311 257 -1 257 311 312 -1 257 312 258 -1 258 312 313 -1 258 313 259 -1 259 313 314 -1 259 314 260 -1 260 314 315 -1 260 315 261 -1 261 315 316 -1 261 316 262 -1 262 316 317 -1 262 317 263 -1 263 317 318 -1 263 318 264 -1 264 318 319 -1 264 319 265 -1 265 319 320 -1 265 320 266 -1 266 320 321 -1 266 321 267 -1 267 321 322 -1 267 322 268 -1 268 322 323 -1 268 323 269 -1 269 323 324 -1 269 324 270 -1 270 324 325 -1 270 325 271 -1 271 325 272 -1 325 326 272 -1 272 326 327 -1 272 327 273 -1 273 327 328 -1 273 328 274 -1 274 328 329 -1 274 329 275 -1 275 329 330 -1 275 330 276 -1 276 330 331 -1 276 331 277 -1 277 331 332 -1 277 332 278 -1 278 332 333 -1 278 333 279 -1 279 333 334 -1 279 334 280 -1 280 334 335 -1 280 335 281 -1 281 335 336 -1 281 336 282 -1 282 336 337 -1 282 337 283 -1 283 337 338 -1 283 338 284 -1 284 338 339 -1 284 339 285 -1 285 339 340 -1 285 340 286 -1 286 340 341 -1 286 341 287 -1 287 341 342 -1 287 342 288 -1 288 342 343 -1 288 343 289 -1 289 343 344 -1 289 344 290 -1 290 344 345 -1 290 345 291 -1 291 345 346 -1 291 346 292 -1 292 346 347 -1 292 347 293 -1 293 347 348 -1 293 348 294 -1 294 348 349 -1 294 349 295 -1 295 349 350 -1 295 350 296 -1 296 350 351 -1 296 351 297 -1 297 351 352 -1 297 352 298 -1 298 352 353 -1 298 353 299 -1 299 353 354 -1 299 354 300 -1 300 354 355 -1 300 355 301 -1 301 355 356 -1 301 356 302 -1 302 356 357 -1 302 357 303 -1 303 357 358 -1 303 358 304 -1 304 358 359 -1 304 359 305 -1 305 359 360 -1 305 360 306 -1 306 360 361 -1 306 361 307 -1 307 361 362 -1 307 362 308 -1 308 362 363 -1 308 363 309 -1 309 363 364 -1 309 364 310 -1 310 364 365 -1 310 365 311 -1 311 365 366 -1 311 366 312 -1 312 366 367 -1 312 367 313 -1 313 367 368 -1 313 368 314 -1 314 368 369 -1 314 369 315 -1 315 369 370 -1 315 370 316 -1 316 370 371 -1 316 371 317 -1 317 371 372 -1 317 372 318 -1 318 372 373 -1 318 373 319 -1 319 373 374 -1 319 374 320 -1 320 374 375 -1 320 375 321 -1 321 375 376 -1 321 376 322 -1 322 376 377 -1 322 377 323 -1 323 377 378 -1 323 378 324 -1 324 378 379 -1 324 379 325 -1 325 379 326 -1 379 380 326 -1 326 380 381 -1 326 381 327 -1 327 381 382 -1 327 382 328 -1 328 382 383 -1 328 383 329 -1 329 383 384 -1 329 384 330 -1 330 384 385 -1 330 385 331 -1 331 385 386 -1 331 386 332 -1 332 386 387 -1 332 387 333 -1 333 387 388 -1 333 388 334 -1 334 388 389 -1 334 389 335 -1 335 389 390 -1 335 390 336 -1 336 390 391 -1 336 391 337 -1 337 391 392 -1 337 392 338 -1 338 392 393 -1 338 393 339 -1 339 393 394 -1 339 394 340 -1 340 394 395 -1 340 395 341 -1 341 395 396 -1 341 396 342 -1 342 396 397 -1 342 397 343 -1 343 397 398 -1 343 398 344 -1 344 398 399 -1 344 399 345 -1 345 399 400 -1 345 400 346 -1 346 400 401 -1 346 401 347 -1 347 401 402 -1 347 402 348 -1 348 402 403 -1 348 403 349 -1 349 403 404 -1 349 404 350 -1 350 404 405 -1 350 405 351 -1 351 405 406 -1 351 406 352 -1 352 406 407 -1 352 407 353 -1 353 407 408 -1 353 408 354 -1 354 408 409 -1 354 409 355 -1 355 409 410 -1 355 410 356 -1 356 410 411 -1 356 411 357 -1 357 411 412 -1 357 412 358 -1 358 412 413 -1 358 413 359 -1 359 413 414 -1 359 414 360 -1 360 414 415 -1 360 415 361 -1 361 415 416 -1 361 416 362 -1 362 416 417 -1 362 417 363 -1 363 417 418 -1 363 418 364 -1 364 418 419 -1 364 419 365 -1 365 419 420 -1 365 420 366 -1 366 420 421 -1 366 421 367 -1 367 421 422 -1 367 422 368 -1 368 422 423 -1 368 423 369 -1 369 423 424 -1 369 424 370 -1 370 424 425 -1 370 425 371 -1 371 425 426 -1 371 426 372 -1 372 426 427 -1 372 427 373 -1 373 427 428 -1 373 428 374 -1 374 428 429 -1 374 429 375 -1 375 429 430 -1 375 430 376 -1 376 430 431 -1 376 431 377 -1 377 431 432 -1 377 432 378 -1 378 432 433 -1 378 433 379 -1 379 433 380 -1 433 434 380 -1 380 434 435 -1 380 435 381 -1 381 435 436 -1 381 436 382 -1 382 436 437 -1 382 437 383 -1 383 437 438 -1 383 438 384 -1 384 438 439 -1 384 439 385 -1 385 439 440 -1 385 440 386 -1 386 440 441 -1 386 441 387 -1 387 441 442 -1 387 442 388 -1 388 442 443 -1 388 443 389 -1 389 443 444 -1 389 444 390 -1 390 444 445 -1 390 445 391 -1 391 445 446 -1 391 446 392 -1 392 446 447 -1 392 447 393 -1 393 447 448 -1 393 448 394 -1 394 448 449 -1 394 449 395 -1 395 449 450 -1 395 450 396 -1 396 450 451 -1 396 451 397 -1 397 451 452 -1 397 452 398 -1 398 452 453 -1 398 453 399 -1 399 453 454 -1 399 454 400 -1 400 454 455 -1 400 455 401 -1 401 455 456 -1 401 456 402 -1 402 456 457 -1 402 457 403 -1 403 457 458 -1 403 458 404 -1 404 458 459 -1 404 459 405 -1 405 459 460 -1 405 460 406 -1 406 460 461 -1 406 461 407 -1 407 461 462 -1 407 462 408 -1 408 462 463 -1 408 463 409 -1 409 463 464 -1 409 464 410 -1 410 464 465 -1 410 465 411 -1 411 465 466 -1 411 466 412 -1 412 466 467 -1 412 467 413 -1 413 467 468 -1 413 468 414 -1 414 468 469 -1 414 469 415 -1 415 469 470 -1 415 470 416 -1 416 470 471 -1 416 471 417 -1 417 471 472 -1 417 472 418 -1 418 472 473 -1 418 473 419 -1 419 473 474 -1 419 474 420 -1 420 474 475 -1 420 475 421 -1 421 475 476 -1 421 476 422 -1 422 476 477 -1 422 477 423 -1 423 477 478 -1 423 478 424 -1 424 478 479 -1 424 479 425 -1 425 479 480 -1 425 480 426 -1 426 480 481 -1 426 481 427 -1 427 481 482 -1 427 482 428 -1 428 482 483 -1 428 483 429 -1 429 483 484 -1 429 484 430 -1 430 484 485 -1 430 485 431 -1 431 485 486 -1 431 486 432 -1 432 486 487 -1 432 487 433 -1 433 487 434 -1 487 488 434 -1 434 488 489 -1 434 489 435 -1 435 489 490 -1 435 490 436 -1 436 490 491 -1 436 491 437 -1 437 491 492 -1 437 492 438 -1 438 492 493 -1 438 493 439 -1 439 493 494 -1 439 494 440 -1 440 494 495 -1 440 495 441 -1 441 495 496 -1 441 496 442 -1 442 496 497 -1 442 497 443 -1 443 497 498 -1 443 498 444 -1 444 498 499 -1 444 499 445 -1 445 499 500 -1 445 500 446 -1 446 500 501 -1 446 501 447 -1 447 501 502 -1 447 502 448 -1 448 502 503 -1 448 503 449 -1 449 503 504 -1 449 504 450 -1 450 504 505 -1 450 505 451 -1 451 505 506 -1 451 506 452 -1 452 506 507 -1 452 507 453 -1 453 507 508 -1 453 508 454 -1 454 508 509 -1 454 509 455 -1 455 509 510 -1 455 510 456 -1 456 510 511 -1 456 511 457 -1 457 511 512 -1 457 512 458 -1 458 512 513 -1 458 513 459 -1 459 513 514 -1 459 514 460 -1 460 514 515 -1 460 515 461 -1 461 515 516 -1 461 516 462 -1 462 516 517 -1 462 517 463 -1 463 517 518 -1 463 518 464 -1 464 518 519 -1 464 519 465 -1 465 519 520 -1 465 520 466 -1 466 520 521 -1 466 521 467 -1 467 521 522 -1 467 522 468 -1 468 522 523 -1 468 523 469 -1 469 523 524 -1 469 524 470 -1 470 524 525 -1 470 525 471 -1 471 525 526 -1 471 526 472 -1 472 526 527 -1 472 527 473 -1 473 527 528 -1 473 528 474 -1 474 528 529 -1 474 529 475 -1 475 529 530 -1 475 530 476 -1 476 530 531 -1 476 531 477 -1 477 531 532 -1 477 532 478 -1 478 532 533 -1 478 533 479 -1 479 533 534 -1 479 534 480 -1 480 534 535 -1 480 535 481 -1 481 535 536 -1 481 536 482 -1 482 536 537 -1 482 537 483 -1 483 537 538 -1 483 538 484 -1 484 538 539 -1 484 539 485 -1 485 539 540 -1 485 540 486 -1 486 540 541 -1 486 541 487 -1 487 541 488 -1 541 542 488 -1 488 542 543 -1 488 543 489 -1 489 543 544 -1 489 544 490 -1 490 544 545 -1 490 545 491 -1 491 545 546 -1 491 546 492 -1 492 546 547 -1 492 547 493 -1 493 547 548 -1 493 548 494 -1 494 548 549 -1 494 549 495 -1 495 549 550 -1 495 550 496 -1 496 550 551 -1 496 551 497 -1 497 551 552 -1 497 552 498 -1 498 552 553 -1 498 553 499 -1 499 553 554 -1 499 554 500 -1 500 554 555 -1 500 555 501 -1 501 555 556 -1 501 556 502 -1 502 556 557 -1 502 557 503 -1 503 557 558 -1 503 558 504 -1 504 558 559 -1 504 559 505 -1 505 559 560 -1 505 560 506 -1 506 560 561 -1 506 561 507 -1 507 561 562 -1 507 562 508 -1 508 562 563 -1 508 563 509 -1 509 563 564 -1 509 564 510 -1 510 564 565 -1 510 565 511 -1 511 565 566 -1 511 566 512 -1 512 566 567 -1 512 567 513 -1 513 567 568 -1 513 568 514 -1 514 568 569 -1 514 569 515 -1 515 569 570 -1 515 570 516 -1 516 570 571 -1 516 571 517 -1 517 571 572 -1 517 572 518 -1 518 572 573 -1 518 573 519 -1 519 573 574 -1 519 574 520 -1 520 574 575 -1 520 575 521 -1 521 575 576 -1 521 576 522 -1 522 576 577 -1 522 577 523 -1 523 577 578 -1 523 578 524 -1 524 578 579 -1 524 579 525 -1 525 579 580 -1 525 580 526 -1 526 580 581 -1 526 581 527 -1 527 581 582 -1 527 582 528 -1 528 582 583 -1 528 583 529 -1 529 583 584 -1 529 584 530 -1 530 584 585 -1 530 585 531 -1 531 585 586 -1 531 586 532 -1 532 586 587 -1 532 587 533 -1 533 587 588 -1 533 588 534 -1 534 588 589 -1 534 589 535 -1 535 589 590 -1 535 590 536 -1 536 590 591 -1 536 591 537 -1 537 591 592 -1 537 592 538 -1 538 592 593 -1 538 593 539 -1 539 593 594 -1 539 594 540 -1 540 594 595 -1 540 595 541 -1 541 595 542 -1 595 596 542 -1 542 596 597 -1 542 597 543 -1 543 597 598 -1 543 598 544 -1 544 598 599 -1 544 599 545 -1 545 599 600 -1 545 600 546 -1 546 600 601 -1 546 601 547 -1 547 601 602 -1 547 602 548 -1 548 602 603 -1 548 603 549 -1 549 603 604 -1 549 604 550 -1 550 604 605 -1 550 605 551 -1 551 605 606 -1 551 606 552 -1 552 606 607 -1 552 607 553 -1 553 607 608 -1 553 608 554 -1 554 608 609 -1 554 609 555 -1 555 609 610 -1 555 610 556 -1 556 610 611 -1 556 611 557 -1 557 611 612 -1 557 612 558 -1 558 612 613 -1 558 613 559 -1 559 613 614 -1 559 614 560 -1 560 614 615 -1 560 615 561 -1 561 615 616 -1 561 616 562 -1 562 616 617 -1 562 617 563 -1 563 617 618 -1 563 618 564 -1 564 618 619 -1 564 619 565 -1 565 619 620 -1 565 620 566 -1 566 620 621 -1 566 621 567 -1 567 621 622 -1 567 622 568 -1 568 622 623 -1 568 623 569 -1 569 623 624 -1 569 624 570 -1 570 624 625 -1 570 625 571 -1 571 625 626 -1 571 626 572 -1 572 626 627 -1 572 627 573 -1 573 627 628 -1 573 628 574 -1 574 628 629 -1 574 629 575 -1 575 629 630 -1 575 630 576 -1 576 630 631 -1 576 631 577 -1 577 631 632 -1 577 632 578 -1 578 632 633 -1 578 633 579 -1 579 633 634 -1 579 634 580 -1 580 634 635 -1 580 635 581 -1 581 635 636 -1 581 636 582 -1 582 636 637 -1 582 637 583 -1 583 637 638 -1 583 638 584 -1 584 638 639 -1 584 639 585 -1 585 639 640 -1 585 640 586 -1 586 640 641 -1 586 641 587 -1 587 641 642 -1 587 642 588 -1 588 642 643 -1 588 643 589 -1 589 643 644 -1 589 644 590 -1 590 644 645 -1 590 645 591 -1 591 645 646 -1 591 646 592 -1 592 646 647 -1 592 647 593 -1 593 647 648 -1 593 648 594 -1 594 648 649 -1 594 649 595 -1 595 649 596 -1 649 650 596 -1 596 650 651 -1 596 651 597 -1 597 651 652 -1 597 652 598 -1 598 652 653 -1 598 653 599 -1 599 653 654 -1 599 654 600 -1 600 654 655 -1 600 655 601 -1 601 655 656 -1 601 656 602 -1 602 656 657 -1 602 657 603 -1 603 657 658 -1 603 658 604 -1 604 658 659 -1 604 659 605 -1 605 659 660 -1 605 660 606 -1 606 660 661 -1 606 661 607 -1 607 661 662 -1 607 662 608 -1 608 662 663 -1 608 663 609 -1 609 663 664 -1 609 664 610 -1 610 664 665 -1 610 665 611 -1 611 665 666 -1 611 666 612 -1 612 666 667 -1 612 667 613 -1 613 667 668 -1 613 668 614 -1 614 668 669 -1 614 669 615 -1 615 669 670 -1 615 670 616 -1 616 670 671 -1 616 671 617 -1 617 671 672 -1 617 672 618 -1 618 672 673 -1 618 673 619 -1 619 673 674 -1 619 674 620 -1 620 674 675 -1 620 675 621 -1 621 675 676 -1 621 676 622 -1 622 676 677 -1 622 677 623 -1 623 677 678 -1 623 678 624 -1 624 678 679 -1 624 679 625 -1 625 679 680 -1 625 680 626 -1 626 680 681 -1 626 681 627 -1 627 681 682 -1 627 682 628 -1 628 682 683 -1 628 683 629 -1 629 683 684 -1 629 684 630 -1 630 684 685 -1 630 685 631 -1 631 685 686 -1 631 686 632 -1 632 686 687 -1 632 687 633 -1 633 687 688 -1 633 688 634 -1 634 688 689 -1 634 689 635 -1 635 689 690 -1 635 690 636 -1 636 690 691 -1 636 691 637 -1 637 691 692 -1 637 692 638 -1 638 692 693 -1 638 693 639 -1 639 693 694 -1 639 694 640 -1 640 694 695 -1 640 695 641 -1 641 695 696 -1 641 696 642 -1 642 696 697 -1 642 697 643 -1 643 697 698 -1 643 698 644 -1 644 698 699 -1 644 699 645 -1 645 699 700 -1 645 700 646 -1 646 700 701 -1 646 701 647 -1 647 701 702 -1 647 702 648 -1 648 702 703 -1 648 703 649 -1 649 703 650 -1 703 704 650 -1 650 704 705 -1 650 705 651 -1 651 705 706 -1 651 706 652 -1 652 706 707 -1 652 707 653 -1 653 707 708 -1 653 708 654 -1 654 708 709 -1 654 709 655 -1 655 709 710 -1 655 710 656 -1 656 710 711 -1 656 711 657 -1 657 711 712 -1 657 712 658 -1 658 712 713 -1 658 713 659 -1 659 713 714 -1 659 714 660 -1 660 714 715 -1 660 715 661 -1 661 715 716 -1 661 716 662 -1 662 716 717 -1 662 717 663 -1 663 717 718 -1 663 718 664 -1 664 718 719 -1 664 719 665 -1 665 719 720 -1 665 720 666 -1 666 720 721 -1 666 721 667 -1 667 721 722 -1 667 722 668 -1 668 722 723 -1 668 723 669 -1 669 723 724 -1 669 724 670 -1 670 724 725 -1 670 725 671 -1 671 725 726 -1 671 726 672 -1 672 726 727 -1 672 727 673 -1 673 727 728 -1 673 728 674 -1 674 728 729 -1 674 729 675 -1 675 729 730 -1 675 730 676 -1 676 730 731 -1 676 731 677 -1 677 731 732 -1 677 732 678 -1 678 732 733 -1 678 733 679 -1 679 733 734 -1 679 734 680 -1 680 734 735 -1 680 735 681 -1 681 735 736 -1 681 736 682 -1 682 736 737 -1 682 737 683 -1 683 737 738 -1 683 738 684 -1 684 738 739 -1 684 739 685 -1 685 739 740 -1 685 740 686 -1 686 740 741 -1 686 741 687 -1 687 741 742 -1 687 742 688 -1 688 742 743 -1 688 743 689 -1 689 743 744 -1 689 744 690 -1 690 744 745 -1 690 745 691 -1 691 745 746 -1 691 746 692 -1 692 746 747 -1 692 747 693 -1 693 747 748 -1 693 748 694 -1 694 748 749 -1 694 749 695 -1 695 749 750 -1 695 750 696 -1 696 750 751 -1 696 751 697 -1 697 751 752 -1 697 752 698 -1 698 752 753 -1 698 753 699 -1 699 753 754 -1 699 754 700 -1 700 754 755 -1 700 755 701 -1 701 755 756 -1 701 756 702 -1 702 756 757 -1 702 757 703 -1 703 757 704 -1 757 758 704 -1 704 758 759 -1 704 759 705 -1 705 759 760 -1 705 760 706 -1 706 760 761 -1 706 761 707 -1 707 761 762 -1 707 762 708 -1 708 762 763 -1 708 763 709 -1 709 763 764 -1 709 764 710 -1 710 764 765 -1 710 765 711 -1 711 765 766 -1 711 766 712 -1 712 766 767 -1 712 767 713 -1 713 767 768 -1 713 768 714 -1 714 768 769 -1 714 769 715 -1 715 769 770 -1 715 770 716 -1 716 770 771 -1 716 771 717 -1 717 771 772 -1 717 772 718 -1 718 772 773 -1 718 773 719 -1 719 773 774 -1 719 774 720 -1 720 774 775 -1 720 775 721 -1 721 775 776 -1 721 776 722 -1 722 776 777 -1 722 777 723 -1 723 777 778 -1 723 778 724 -1 724 778 779 -1 724 779 725 -1 725 779 780 -1 725 780 726 -1 726 780 781 -1 726 781 727 -1 727 781 782 -1 727 782 728 -1 728 782 783 -1 728 783 729 -1 729 783 784 -1 729 784 730 -1 730 784 785 -1 730 785 731 -1 731 785 786 -1 731 786 732 -1 732 786 787 -1 732 787 733 -1 733 787 788 -1 733 788 734 -1 734 788 789 -1 734 789 735 -1 735 789 790 -1 735 790 736 -1 736 790 791 -1 736 791 737 -1 737 791 792 -1 737 792 738 -1 738 792 793 -1 738 793 739 -1 739 793 794 -1 739 794 740 -1 740 794 795 -1 740 795 741 -1 741 795 796 -1 741 796 742 -1 742 796 797 -1 742 797 743 -1 743 797 798 -1 743 798 744 -1 744 798 799 -1 744 799 745 -1 745 799 800 -1 745 800 746 -1 746 800 801 -1 746 801 747 -1 747 801 802 -1 747 802 748 -1 748 802 803 -1 748 803 749 -1 749 803 804 -1 749 804 750 -1 750 804 805 -1 750 805 751 -1 751 805 806 -1 751 806 752 -1 752 806 807 -1 752 807 753 -1 753 807 808 -1 753 808 754 -1 754 808 809 -1 754 809 755 -1 755 809 810 -1 755 810 756 -1 756 810 811 -1 756 811 757 -1 757 811 758 -1 811 812 758 -1 758 812 813 -1 758 813 759 -1 759 813 814 -1 759 814 760 -1 760 814 815 -1 760 815 761 -1 761 815 816 -1 761 816 762 -1 762 816 817 -1 762 817 763 -1 763 817 818 -1 763 818 764 -1 764 818 819 -1 764 819 765 -1 765 819 820 -1 765 820 766 -1 766 820 821 -1 766 821 767 -1 767 821 822 -1 767 822 768 -1 768 822 823 -1 768 823 769 -1 769 823 824 -1 769 824 770 -1 770 824 825 -1 770 825 771 -1 771 825 826 -1 771 826 772 -1 772 826 827 -1 772 827 773 -1 773 827 828 -1 773 828 774 -1 774 828 829 -1 774 829 775 -1 775 829 830 -1 775 830 776 -1 776 830 831 -1 776 831 777 -1 777 831 832 -1 777 832 778 -1 778 832 833 -1 778 833 779 -1 779 833 834 -1 779 834 780 -1 780 834 835 -1 780 835 781 -1 781 835 836 -1 781 836 782 -1 782 836 837 -1 782 837 783 -1 783 837 838 -1 783 838 784 -1 784 838 839 -1 784 839 785 -1 785 839 840 -1 785 840 786 -1 786 840 841 -1 786 841 787 -1 787 841 842 -1 787 842 788 -1 788 842 843 -1 788 843 789 -1 789 843 844 -1 789 844 790 -1 790 844 845 -1 790 845 791 -1 791 845 846 -1 791 846 792 -1 792 846 847 -1 792 847 793 -1 793 847 848 -1 793 848 794 -1 794 848 849 -1 794 849 795 -1 795 849 850 -1 795 850 796 -1 796 850 851 -1 796 851 797 -1 797 851 852 -1 797 852 798 -1 798 852 853 -1 798 853 799 -1 799 853 854 -1 799 854 800 -1 800 854 855 -1 800 855 801 -1 801 855 856 -1 801 856 802 -1 802 856 857 -1 802 857 803 -1 803 857 858 -1 803 858 804 -1 804 858 859 -1 804 859 805 -1 805 859 860 -1 805 860 806 -1 806 860 861 -1 806 861 807 -1 807 861 862 -1 807 862 808 -1 808 862 863 -1 808 863 809 -1 809 863 864 -1 809 864 810 -1 810 864 865 -1 810 865 811 -1 811 865 812 -1 865 866 812 -1 812 866 867 -1 812 867 813 -1 813 867 868 -1 813 868 814 -1 814 868 869 -1 814 869 815 -1 815 869 870 -1 815 870 816 -1 816 870 871 -1 816 871 817 -1 817 871 872 -1 817 872 818 -1 818 872 873 -1 818 873 819 -1 819 873 874 -1 819 874 820 -1 820 874 875 -1 820 875 821 -1 821 875 876 -1 821 876 822 -1 822 876 877 -1 822 877 823 -1 823 877 878 -1 823 878 824 -1 824 878 879 -1 824 879 825 -1 825 879 880 -1 825 880 826 -1 826 880 881 -1 826 881 827 -1 827 881 882 -1 827 882 828 -1 828 882 883 -1 828 883 829 -1 829 883 884 -1 829 884 830 -1 830 884 885 -1 830 885 831 -1 831 885 886 -1 831 886 832 -1 832 886 887 -1 832 887 833 -1 833 887 888 -1 833 888 834 -1 834 888 889 -1 834 889 835 -1 835 889 890 -1 835 890 836 -1 836 890 891 -1 836 891 837 -1 837 891 892 -1 837 892 838 -1 838 892 893 -1 838 893 839 -1 839 893 894 -1 839 894 840 -1 840 894 895 -1 840 895 841 -1 841 895 896 -1 841 896 842 -1 842 896 897 -1 842 897 843 -1 843 897 898 -1 843 898 844 -1 844 898 899 -1 844 899 845 -1 845 899 900 -1 845 900 846 -1 846 900 901 -1 846 901 847 -1 847 901 902 -1 847 902 848 -1 848 902 903 -1 848 903 849 -1 849 903 904 -1 849 904 850 -1 850 904 905 -1 850 905 851 -1 851 905 906 -1 851 906 852 -1 852 906 907 -1 852 907 853 -1 853 907 908 -1 853 908 854 -1 854 908 909 -1 854 909 855 -1 855 909 910 -1 855 910 856 -1 856 910 911 -1 856 911 857 -1 857 911 912 -1 857 912 858 -1 858 912 913 -1 858 913 859 -1 859 913 914 -1 859 914 860 -1 860 914 915 -1 860 915 861 -1 861 915 916 -1 861 916 862 -1 862 916 917 -1 862 917 863 -1 863 917 918 -1 863 918 864 -1 864 918 919 -1 864 919 865 -1 865 919 866 -1 919 920 866 -1 866 920 921 -1 866 921 867 -1 867 921 922 -1 867 922 868 -1 868 922 923 -1 868 923 869 -1 869 923 924 -1 869 924 870 -1 870 924 925 -1 870 925 871 -1 871 925 926 -1 871 926 872 -1 872 926 927 -1 872 927 873 -1 873 927 928 -1 873 928 874 -1 874 928 929 -1 874 929 875 -1 875 929 930 -1 875 930 876 -1 876 930 931 -1 876 931 877 -1 877 931 932 -1 877 932 878 -1 878 932 933 -1 878 933 879 -1 879 933 934 -1 879 934 880 -1 880 934 935 -1 880 935 881 -1 881 935 936 -1 881 936 882 -1 882 936 937 -1 882 937 883 -1 883 937 938 -1 883 938 884 -1 884 938 939 -1 884 939 885 -1 885 939 940 -1 885 940 886 -1 886 940 941 -1 886 941 887 -1 887 941 942 -1 887 942 888 -1 888 942 943 -1 888 943 889 -1 889 943 944 -1 889 944 890 -1 890 944 945 -1 890 945 891 -1 891 945 946 -1 891 946 892 -1 892 946 947 -1 892 947 893 -1 893 947 948 -1 893 948 894 -1 894 948 949 -1 894 949 895 -1 895 949 950 -1 895 950 896 -1 896 950 951 -1 896 951 897 -1 897 951 952 -1 897 952 898 -1 898 952 953 -1 898 953 899 -1 899 953 954 -1 899 954 900 -1 900 954 955 -1 900 955 901 -1 901 955 956 -1 901 956 902 -1 902 956 957 -1 902 957 903 -1 903 957 958 -1 903 958 904 -1 904 958 959 -1 904 959 905 -1 905 959 960 -1 905 960 906 -1 906 960 961 -1 906 961 907 -1 907 961 962 -1 907 962 908 -1 908 962 963 -1 908 963 909 -1 909 963 964 -1 909 964 910 -1 910 964 965 -1 910 965 911 -1 911 965 966 -1 911 966 912 -1 912 966 967 -1 912 967 913 -1 913 967 968 -1 913 968 914 -1 914 968 969 -1 914 969 915 -1 915 969 970 -1 915 970 916 -1 916 970 971 -1 916 971 917 -1 917 971 972 -1 917 972 918 -1 918 972 973 -1 918 973 919 -1 919 973 920 -1 973 974 920 -1 920 974 975 -1 920 975 921 -1 921 975 976 -1 921 976 922 -1 922 976 977 -1 922 977 923 -1 923 977 978 -1 923 978 924 -1 924 978 979 -1 924 979 925 -1 925 979 980 -1 925 980 926 -1 926 980 981 -1 926 981 927 -1 927 981 982 -1 927 982 928 -1 928 982 983 -1 928 983 929 -1 929 983 984 -1 929 984 930 -1 930 984 985 -1 930 985 931 -1 931 985 986 -1 931 986 932 -1 932 986 987 -1 932 987 933 -1 933 987 988 -1 933 988 934 -1 934 988 989 -1 934 989 935 -1 935 989 990 -1 935 990 936 -1 936 990 991 -1 936 991 937 -1 937 991 992 -1 937 992 938 -1 938 992 993 -1 938 993 939 -1 939 993 994 -1 939 994 940 -1 940 994 995 -1 940 995 941 -1 941 995 996 -1 941 996 942 -1 942 996 997 -1 942 997 943 -1 943 997 998 -1 943 998 944 -1 944 998 999 -1 944 999 945 -1 945 999 1000 -1 945 1000 946 -1 946 1000 1001 -1 946 1001 947 -1 947 1001 1002 -1 947 1002 948 -1 948 1002 1003 -1 948 1003 949 -1 949 1003 1004 -1 949 1004 950 -1 950 1004 1005 -1 950 1005 951 -1 951 1005 1006 -1 951 1006 952 -1 952 1006 1007 -1 952 1007 953 -1 953 1007 1008 -1 953 1008 954 -1 954 1008 1009 -1 954 1009 955 -1 955 1009 1010 -1 955 1010 956 -1 956 1010 1011 -1 956 1011 957 -1 957 1011 1012 -1 957 1012 958 -1 958 1012 1013 -1 958 1013 959 -1 959 1013 1014 -1 959 1014 960 -1 960 1014 1015 -1 960 1015 961 -1 961 1015 1016 -1 961 1016 962 -1 962 1016 1017 -1 962 1017 963 -1 963 1017 1018 -1 963 1018 964 -1 964 1018 1019 -1 964 1019 965 -1 965 1019 1020 -1 965 1020 966 -1 966 1020 1021 -1 966 1021 967 -1 967 1021 1022 -1 967 1022 968 -1 968 1022 1023 -1 968 1023 969 -1 969 1023 1024 -1 969 1024 970 -1 970 1024 1025 -1 970 1025 971 -1 971 1025 1026 -1 971 1026 972 -1 972 1026 1027 -1 972 1027 973 -1 973 1027 974 -1 1027 1028 974 -1 974 1028 1029 -1 974 1029 975 -1 975 1029 1030 -1 975 1030 976 -1 976 1030 1031 -1 976 1031 977 -1 977 1031 1032 -1 977 1032 978 -1 978 1032 1033 -1 978 1033 979 -1 979 1033 1034 -1 979 1034 980 -1 980 1034 1035 -1 980 1035 981 -1 981 1035 1036 -1 981 1036 982 -1 982 1036 1037 -1 982 1037 983 -1 983 1037 1038 -1 983 1038 984 -1 984 1038 1039 -1 984 1039 985 -1 985 1039 1040 -1 985 1040 986 -1 986 1040 1041 -1 986 1041 987 -1 987 1041 1042 -1 987 1042 988 -1 988 1042 1043 -1 988 1043 989 -1 989 1043 1044 -1 989 1044 990 -1 990 1044 1045 -1 990 1045 991 -1 991 1045 1046 -1 991 1046 992 -1 992 1046 1047 -1 992 1047 993 -1 993 1047 1048 -1 993 1048 994 -1 994 1048 1049 -1 994 1049 995 -1 995 1049 1050 -1 995 1050 996 -1 996 1050 1051 -1 996 1051 997 -1 997 1051 1052 -1 997 1052 998 -1 998 1052 1053 -1 998 1053 999 -1 999 1053 1054 -1 999 1054 1000 -1 1000 1054 1055 -1 1000 1055 1001 -1 1001 1055 1056 -1 1001 1056 1002 -1 1002 1056 1057 -1 1002 1057 1003 -1 1003 1057 1058 -1 1003 1058 1004 -1 1004 1058 1059 -1 1004 1059 1005 -1 1005 1059 1060 -1 1005 1060 1006 -1 1006 1060 1061 -1 1006 1061 1007 -1 1007 1061 1062 -1 1007 1062 1008 -1 1008 1062 1063 -1 1008 1063 1009 -1 1009 1063 1064 -1 1009 1064 1010 -1 1010 1064 1065 -1 1010 1065 1011 -1 1011 1065 1066 -1 1011 1066 1012 -1 1012 1066 1067 -1 1012 1067 1013 -1 1013 1067 1068 -1 1013 1068 1014 -1 1014 1068 1069 -1 1014 1069 1015 -1 1015 1069 1070 -1 1015 1070 1016 -1 1016 1070 1071 -1 1016 1071 1017 -1 1017 1071 1072 -1 1017 1072 1018 -1 1018 1072 1073 -1 1018 1073 1019 -1 1019 1073 1074 -1 1019 1074 1020 -1 1020 1074 1075 -1 1020 1075 1021 -1 1021 1075 1076 -1 1021 1076 1022 -1 1022 1076 1077 -1 1022 1077 1023 -1 1023 1077 1078 -1 1023 1078 1024 -1 1024 1078 1079 -1 1024 1079 1025 -1 1025 1079 1080 -1 1025 1080 1026 -1 1026 1080 1081 -1 1026 1081 1027 -1 1027 1081 1028 -1 1081 1082 1028 -1 1028 1082 1083 -1 1028 1083 1029 -1 1029 1083 1084 -1 1029 1084 1030 -1 1030 1084 1085 -1 1030 1085 1031 -1 1031 1085 1086 -1 1031 1086 1032 -1 1032 1086 1087 -1 1032 1087 1033 -1 1033 1087 1088 -1 1033 1088 1034 -1 1034 1088 1089 -1 1034 1089 1035 -1 1035 1089 1090 -1 1035 1090 1036 -1 1036 1090 1091 -1 1036 1091 1037 -1 1037 1091 1092 -1 1037 1092 1038 -1 1038 1092 1093 -1 1038 1093 1039 -1 1039 1093 1094 -1 1039 1094 1040 -1 1040 1094 1095 -1 1040 1095 1041 -1 1041 1095 1096 -1 1041 1096 1042 -1 1042 1096 1097 -1 1042 1097 1043 -1 1043 1097 1098 -1 1043 1098 1044 -1 1044 1098 1099 -1 1044 1099 1045 -1 1045 1099 1100 -1 1045 1100 1046 -1 1046 1100 1101 -1 1046 1101 1047 -1 1047 1101 1102 -1 1047 1102 1048 -1 1048 1102 1103 -1 1048 1103 1049 -1 1049 1103 1104 -1 1049 1104 1050 -1 1050 1104 1105 -1 1050 1105 1051 -1 1051 1105 1106 -1 1051 1106 1052 -1 1052 1106 1107 -1 1052 1107 1053 -1 1053 1107 1108 -1 1053 1108 1054 -1 1054 1108 1109 -1 1054 1109 1055 -1 1055 1109 1110 -1 1055 1110 1056 -1 1056 1110 1111 -1 1056 1111 1057 -1 1057 1111 1112 -1 1057 1112 1058 -1 1058 1112 1113 -1 1058 1113 1059 -1 1059 1113 1114 -1 1059 1114 1060 -1 1060 1114 1115 -1 1060 1115 1061 -1 1061 1115 1116 -1 1061 1116 1062 -1 1062 1116 1117 -1 1062 1117 1063 -1 1063 1117 1118 -1 1063 1118 1064 -1 1064 1118 1119 -1 1064 1119 1065 -1 1065 1119 1120 -1 1065 1120 1066 -1 1066 1120 1121 -1 1066 1121 1067 -1 1067 1121 1122 -1 1067 1122 1068 -1 1068 1122 1123 -1 1068 1123 1069 -1 1069 1123 1124 -1 1069 1124 1070 -1 1070 1124 1125 -1 1070 1125 1071 -1 1071 1125 1126 -1 1071 1126 1072 -1 1072 1126 1127 -1 1072 1127 1073 -1 1073 1127 1128 -1 1073 1128 1074 -1 1074 1128 1129 -1 1074 1129 1075 -1 1075 1129 1130 -1 1075 1130 1076 -1 1076 1130 1131 -1 1076 1131 1077 -1 1077 1131 1132 -1 1077 1132 1078 -1 1078 1132 1133 -1 1078 1133 1079 -1 1079 1133 1134 -1 1079 1134 1080 -1 1080 1134 1135 -1 1080 1135 1081 -1 1081 1135 1082 -1 1135 1136 1082 -1 1082 1136 1137 -1 1082 1137 1083 -1 1083 1137 1138 -1 1083 1138 1084 -1 1084 1138 1139 -1 1084 1139 1085 -1 1085 1139 1140 -1 1085 1140 1086 -1 1086 1140 1141 -1 1086 1141 1087 -1 1087 1141 1142 -1 1087 1142 1088 -1 1088 1142 1143 -1 1088 1143 1089 -1 1089 1143 1144 -1 1089 1144 1090 -1 1090 1144 1145 -1 1090 1145 1091 -1 1091 1145 1146 -1 1091 1146 1092 -1 1092 1146 1147 -1 1092 1147 1093 -1 1093 1147 1148 -1 1093 1148 1094 -1 1094 1148 1149 -1 1094 1149 1095 -1 1095 1149 1150 -1 1095 1150 1096 -1 1096 1150 1151 -1 1096 1151 1097 -1 1097 1151 1152 -1 1097 1152 1098 -1 1098 1152 1153 -1 1098 1153 1099 -1 1099 1153 1154 -1 1099 1154 1100 -1 1100 1154 1155 -1 1100 1155 1101 -1 1101 1155 1156 -1 1101 1156 1102 -1 1102 1156 1157 -1 1102 1157 1103 -1 1103 1157 1158 -1 1103 1158 1104 -1 1104 1158 1159 -1 1104 1159 1105 -1 1105 1159 1160 -1 1105 1160 1106 -1 1106 1160 1161 -1 1106 1161 1107 -1 1107 1161 1162 -1 1107 1162 1108 -1 1108 1162 1163 -1 1108 1163 1109 -1 1109 1163 1164 -1 1109 1164 1110 -1 1110 1164 1165 -1 1110 1165 1111 -1 1111 1165 1166 -1 1111 1166 1112 -1 1112 1166 1167 -1 1112 1167 1113 -1 1113 1167 1168 -1 1113 1168 1114 -1 1114 1168 1169 -1 1114 1169 1115 -1 1115 1169 1170 -1 1115 1170 1116 -1 1116 1170 1171 -1 1116 1171 1117 -1 1117 1171 1172 -1 1117 1172 1118 -1 1118 1172 1173 -1 1118 1173 1119 -1 1119 1173 1174 -1 1119 1174 1120 -1 1120 1174 1175 -1 1120 1175 1121 -1 1121 1175 1176 -1 1121 1176 1122 -1 1122 1176 1177 -1 1122 1177 1123 -1 1123 1177 1178 -1 1123 1178 1124 -1 1124 1178 1179 -1 1124 1179 1125 -1 1125 1179 1180 -1 1125 1180 1126 -1 1126 1180 1181 -1 1126 1181 1127 -1 1127 1181 1182 -1 1127 1182 1128 -1 1128 1182 1183 -1 1128 1183 1129 -1 1129 1183 1184 -1 1129 1184 1130 -1 1130 1184 1185 -1 1130 1185 1131 -1 1131 1185 1186 -1 1131 1186 1132 -1 1132 1186 1187 -1 1132 1187 1133 -1 1133 1187 1188 -1 1133 1188 1134 -1 1134 1188 1189 -1 1134 1189 1135 -1 1135 1189 1136 -1 1189 1190 1136 -1 1136 1190 1191 -1 1136 1191 1137 -1 1137 1191 1192 -1 1137 1192 1138 -1 1138 1192 1193 -1 1138 1193 1139 -1 1139 1193 1194 -1 1139 1194 1140 -1 1140 1194 1195 -1 1140 1195 1141 -1 1141 1195 1196 -1 1141 1196 1142 -1 1142 1196 1197 -1 1142 1197 1143 -1 1143 1197 1198 -1 1143 1198 1144 -1 1144 1198 1199 -1 1144 1199 1145 -1 1145 1199 1200 -1 1145 1200 1146 -1 1146 1200 1201 -1 1146 1201 1147 -1 1147 1201 1202 -1 1147 1202 1148 -1 1148 1202 1203 -1 1148 1203 1149 -1 1149 1203 1204 -1 1149 1204 1150 -1 1150 1204 1205 -1 1150 1205 1151 -1 1151 1205 1206 -1 1151 1206 1152 -1 1152 1206 1207 -1 1152 1207 1153 -1 1153 1207 1208 -1 1153 1208 1154 -1 1154 1208 1209 -1 1154 1209 1155 -1 1155 1209 1210 -1 1155 1210 1156 -1 1156 1210 1211 -1 1156 1211 1157 -1 1157 1211 1212 -1 1157 1212 1158 -1 1158 1212 1213 -1 1158 1213 1159 -1 1159 1213 1214 -1 1159 1214 1160 -1 1160 1214 1215 -1 1160 1215 1161 -1 1161 1215 1216 -1 1161 1216 1162 -1 1162 1216 1217 -1 1162 1217 1163 -1 1163 1217 1218 -1 1163 1218 1164 -1 1164 1218 1219 -1 1164 1219 1165 -1 1165 1219 1220 -1 1165 1220 1166 -1 1166 1220 1221 -1 1166 1221 1167 -1 1167 1221 1222 -1 1167 1222 1168 -1 1168 1222 1223 -1 1168 1223 1169 -1 1169 1223 1224 -1 1169 1224 1170 -1 1170 1224 1225 -1 1170 1225 1171 -1 1171 1225 1226 -1 1171 1226 1172 -1 1172 1226 1227 -1 1172 1227 1173 -1 1173 1227 1228 -1 1173 1228 1174 -1 1174 1228 1229 -1 1174 1229 1175 -1 1175 1229 1230 -1 1175 1230 1176 -1 1176 1230 1231 -1 1176 1231 1177 -1 1177 1231 1232 -1 1177 1232 1178 -1 1178 1232 1233 -1 1178 1233 1179 -1 1179 1233 1234 -1 1179 1234 1180 -1 1180 1234 1235 -1 1180 1235 1181 -1 1181 1235 1236 -1 1181 1236 1182 -1 1182 1236 1237 -1 1182 1237 1183 -1 1183 1237 1238 -1 1183 1238 1184 -1 1184 1238 1239 -1 1184 1239 1185 -1 1185 1239 1240 -1 1185 1240 1186 -1 1186 1240 1241 -1 1186 1241 1187 -1 1187 1241 1242 -1 1187 1242 1188 -1 1188 1242 1243 -1 1188 1243 1189 -1 1189 1243 1190 -1 1243 1244 1190 -1 1190 1244 1245 -1 1190 1245 1191 -1 1191 1245 1246 -1 1191 1246 1192 -1 1192 1246 1247 -1 1192 1247 1193 -1 1193 1247 1248 -1 1193 1248 1194 -1 1194 1248 1249 -1 1194 1249 1195 -1 1195 1249 1250 -1 1195 1250 1196 -1 1196 1250 1251 -1 1196 1251 1197 -1 1197 1251 1252 -1 1197 1252 1198 -1 1198 1252 1253 -1 1198 1253 1199 -1 1199 1253 1254 -1 1199 1254 1200 -1 1200 1254 1255 -1 1200 1255 1201 -1 1201 1255 1256 -1 1201 1256 1202 -1 1202 1256 1257 -1 1202 1257 1203 -1 1203 1257 1258 -1 1203 1258 1204 -1 1204 1258 1259 -1 1204 1259 1205 -1 1205 1259 1260 -1 1205 1260 1206 -1 1206 1260 1261 -1 1206 1261 1207 -1 1207 1261 1262 -1 1207 1262 1208 -1 1208 1262 1263 -1 1208 1263 1209 -1 1209 1263 1264 -1 1209 1264 1210 -1 1210 1264 1265 -1 1210 1265 1211 -1 1211 1265 1266 -1 1211 1266 1212 -1 1212 1266 1267 -1 1212 1267 1213 -1 1213 1267 1268 -1 1213 1268 1214 -1 1214 1268 1269 -1 1214 1269 1215 -1 1215 1269 1270 -1 1215 1270 1216 -1 1216 1270 1271 -1 1216 1271 1217 -1 1217 1271 1272 -1 1217 1272 1218 -1 1218 1272 1273 -1 1218 1273 1219 -1 1219 1273 1274 -1 1219 1274 1220 -1 1220 1274 1275 -1 1220 1275 1221 -1 1221 1275 1276 -1 1221 1276 1222 -1 1222 1276 1277 -1 1222 1277 1223 -1 1223 1277 1278 -1 1223 1278 1224 -1 1224 1278 1279 -1 1224 1279 1225 -1 1225 1279 1280 -1 1225 1280 1226 -1 1226 1280 1281 -1 1226 1281 1227 -1 1227 1281 1282 -1 1227 1282 1228 -1 1228 1282 1283 -1 1228 1283 1229 -1 1229 1283 1284 -1 1229 1284 1230 -1 1230 1284 1285 -1 1230 1285 1231 -1 1231 1285 1286 -1 1231 1286 1232 -1 1232 1286 1287 -1 1232 1287 1233 -1 1233 1287 1288 -1 1233 1288 1234 -1 1234 1288 1289 -1 1234 1289 1235 -1 1235 1289 1290 -1 1235 1290 1236 -1 1236 1290 1291 -1 1236 1291 1237 -1 1237 1291 1292 -1 1237 1292 1238 -1 1238 1292 1293 -1 1238 1293 1239 -1 1239 1293 1294 -1 1239 1294 1240 -1 1240 1294 1295 -1 1240 1295 1241 -1 1241 1295 1296 -1 1241 1296 1242 -1 1242 1296 1297 -1 1242 1297 1243 -1 1243 1297 1244 -1 1297 1298 1244 -1 1244 1298 1299 -1 1244 1299 1245 -1 1245 1299 1300 -1 1245 1300 1246 -1 1246 1300 1301 -1 1246 1301 1247 -1 1247 1301 1302 -1 1247 1302 1248 -1 1248 1302 1303 -1 1248 1303 1249 -1 1249 1303 1304 -1 1249 1304 1250 -1 1250 1304 1305 -1 1250 1305 1251 -1 1251 1305 1306 -1 1251 1306 1252 -1 1252 1306 1307 -1 1252 1307 1253 -1 1253 1307 1308 -1 1253 1308 1254 -1 1254 1308 1309 -1 1254 1309 1255 -1 1255 1309 1310 -1 1255 1310 1256 -1 1256 1310 1311 -1 1256 1311 1257 -1 1257 1311 1312 -1 1257 1312 1258 -1 1258 1312 1313 -1 1258 1313 1259 -1 1259 1313 1314 -1 1259 1314 1260 -1 1260 1314 1315 -1 1260 1315 1261 -1 1261 1315 1316 -1 1261 1316 1262 -1 1262 1316 1317 -1 1262 1317 1263 -1 1263 1317 1318 -1 1263 1318 1264 -1 1264 1318 1319 -1 1264 1319 1265 -1 1265 1319 1320 -1 1265 1320 1266 -1 1266 1320 1321 -1 1266 1321 1267 -1 1267 1321 1322 -1 1267 1322 1268 -1 1268 1322 1323 -1 1268 1323 1269 -1 1269 1323 1324 -1 1269 1324 1270 -1 1270 1324 1325 -1 1270 1325 1271 -1 1271 1325 1326 -1 1271 1326 1272 -1 1272 1326 1327 -1 1272 1327 1273 -1 1273 1327 1328 -1 1273 1328 1274 -1 1274 1328 1329 -1 1274 1329 1275 -1 1275 1329 1330 -1 1275 1330 1276 -1 1276 1330 1331 -1 1276 1331 1277 -1 1277 1331 1332 -1 1277 1332 1278 -1 1278 1332 1333 -1 1278 1333 1279 -1 1279 1333 1334 -1 1279 1334 1280 -1 1280 1334 1335 -1 1280 1335 1281 -1 1281 1335 1336 -1 1281 1336 1282 -1 1282 1336 1337 -1 1282 1337 1283 -1 1283 1337 1338 -1 1283 1338 1284 -1 1284 1338 1339 -1 1284 1339 1285 -1 1285 1339 1340 -1 1285 1340 1286 -1 1286 1340 1341 -1 1286 1341 1287 -1 1287 1341 1342 -1 1287 1342 1288 -1 1288 1342 1343 -1 1288 1343 1289 -1 1289 1343 1344 -1 1289 1344 1290 -1 1290 1344 1345 -1 1290 1345 1291 -1 1291 1345 1346 -1 1291 1346 1292 -1 1292 1346 1347 -1 1292 1347 1293 -1 1293 1347 1348 -1 1293 1348 1294 -1 1294 1348 1349 -1 1294 1349 1295 -1 1295 1349 1350 -1 1295 1350 1296 -1 1296 1350 1351 -1 1296 1351 1297 -1 1297 1351 1298 -1 1351 1352 1298 -1 1298 1352 1353 -1 1298 1353 1299 -1 1299 1353 1354 -1 1299 1354 1300 -1 1300 1354 1355 -1 1300 1355 1301 -1 1301 1355 1356 -1 1301 1356 1302 -1 1302 1356 1357 -1 1302 1357 1303 -1 1303 1357 1358 -1 1303 1358 1304 -1 1304 1358 1359 -1 1304 1359 1305 -1 1305 1359 1360 -1 1305 1360 1306 -1 1306 1360 1361 -1 1306 1361 1307 -1 1307 1361 1362 -1 1307 1362 1308 -1 1308 1362 1363 -1 1308 1363 1309 -1 1309 1363 1364 -1 1309 1364 1310 -1 1310 1364 1365 -1 1310 1365 1311 -1 1311 1365 1366 -1 1311 1366 1312 -1 1312 1366 1367 -1 1312 1367 1313 -1 1313 1367 1368 -1 1313 1368 1314 -1 1314 1368 1369 -1 1314 1369 1315 -1 1315 1369 1370 -1 1315 1370 1316 -1 1316 1370 1371 -1 1316 1371 1317 -1 1317 1371 1372 -1 1317 1372 1318 -1 1318 1372 1373 -1 1318 1373 1319 -1 1319 1373 1374 -1 1319 1374 1320 -1 1320 1374 1375 -1 1320 1375 1321 -1 1321 1375 1376 -1 1321 1376 1322 -1 1322 1376 1377 -1 1322 1377 1323 -1 1323 1377 1378 -1 1323 1378 1324 -1 1324 1378 1379 -1 1324 1379 1325 -1 1325 1379 1380 -1 1325 1380 1326 -1 1326 1380 1381 -1 1326 1381 1327 -1 1327 1381 1382 -1 1327 1382 1328 -1 1328 1382 1383 -1 1328 1383 1329 -1 1329 1383 1384 -1 1329 1384 1330 -1 1330 1384 1385 -1 1330 1385 1331 -1 1331 1385 1386 -1 1331 1386 1332 -1 1332 1386 1387 -1 1332 1387 1333 -1 1333 1387 1388 -1 1333 1388 1334 -1 1334 1388 1389 -1 1334 1389 1335 -1 1335 1389 1390 -1 1335 1390 1336 -1 1336 1390 1391 -1 1336 1391 1337 -1 1337 1391 1392 -1 1337 1392 1338 -1 1338 1392 1393 -1 1338 1393 1339 -1 1339 1393 1394 -1 1339 1394 1340 -1 1340 1394 1395 -1 1340 1395 1341 -1 1341 1395 1396 -1 1341 1396 1342 -1 1342 1396 1397 -1 1342 1397 1343 -1 1343 1397 1398 -1 1343 1398 1344 -1 1344 1398 1399 -1 1344 1399 1345 -1 1345 1399 1400 -1 1345 1400 1346 -1 1346 1400 1401 -1 1346 1401 1347 -1 1347 1401 1402 -1 1347 1402 1348 -1 1348 1402 1403 -1 1348 1403 1349 -1 1349 1403 1404 -1 1349 1404 1350 -1 1350 1404 1405 -1 1350 1405 1351 -1 1351 1405 1352 -1 1405 1406 1352 -1 1352 1406 1407 -1 1352 1407 1353 -1 1353 1407 1408 -1 1353 1408 1354 -1 1354 1408 1409 -1 1354 1409 1355 -1 1355 1409 1410 -1 1355 1410 1356 -1 1356 1410 1411 -1 1356 1411 1357 -1 1357 1411 1412 -1 1357 1412 1358 -1 1358 1412 1413 -1 1358 1413 1359 -1 1359 1413 1414 -1 1359 1414 1360 -1 1360 1414 1415 -1 1360 1415 1361 -1 1361 1415 1416 -1 1361 1416 1362 -1 1362 1416 1417 -1 1362 1417 1363 -1 1363 1417 1418 -1 1363 1418 1364 -1 1364 1418 1419 -1 1364 1419 1365 -1 1365 1419 1420 -1 1365 1420 1366 -1 1366 1420 1421 -1 1366 1421 1367 -1 1367 1421 1422 -1 1367 1422 1368 -1 1368 1422 1423 -1 1368 1423 1369 -1 1369 1423 1424 -1 1369 1424 1370 -1 1370 1424 1425 -1 1370 1425 1371 -1 1371 1425 1426 -1 1371 1426 1372 -1 1372 1426 1427 -1 1372 1427 1373 -1 1373 1427 1428 -1 1373 1428 1374 -1 1374 1428 1429 -1 1374 1429 1375 -1 1375 1429 1430 -1 1375 1430 1376 -1 1376 1430 1431 -1 1376 1431 1377 -1 1377 1431 1432 -1 1377 1432 1378 -1 1378 1432 1433 -1 1378 1433 1379 -1 1379 1433 1434 -1 1379 1434 1380 -1 1380 1434 1435 -1 1380 1435 1381 -1 1381 1435 1436 -1 1381 1436 1382 -1 1382 1436 1437 -1 1382 1437 1383 -1 1383 1437 1438 -1 1383 1438 1384 -1 1384 1438 1439 -1 1384 1439 1385 -1 1385 1439 1440 -1 1385 1440 1386 -1 1386 1440 1441 -1 1386 1441 1387 -1 1387 1441 1442 -1 1387 1442 1388 -1 1388 1442 1443 -1 1388 1443 1389 -1 1389 1443 1444 -1 1389 1444 1390 -1 1390 1444 1445 -1 1390 1445 1391 -1 1391 1445 1446 -1 1391 1446 1392 -1 1392 1446 1447 -1 1392 1447 1393 -1 1393 1447 1448 -1 1393 1448 1394 -1 1394 1448 1449 -1 1394 1449 1395 -1 1395 1449 1450 -1 1395 1450 1396 -1 1396 1450 1451 -1 1396 1451 1397 -1 1397 1451 1452 -1 1397 1452 1398 -1 1398 1452 1453 -1 1398 1453 1399 -1 1399 1453 1454 -1 1399 1454 1400 -1 1400 1454 1455 -1 1400 1455 1401 -1 1401 1455 1456 -1 1401 1456 1402 -1 1402 1456 1457 -1 1402 1457 1403 -1 1403 1457 1458 -1 1403 1458 1404 -1 1404 1458 1459 -1 1404 1459 1405 -1 1405 1459 1406 -1 1459 1460 1406 -1 1406 1460 1461 -1 1406 1461 1407 -1 1407 1461 1462 -1 1407 1462 1408 -1 1408 1462 1463 -1 1408 1463 1409 -1 1409 1463 1464 -1 1409 1464 1410 -1 1410 1464 1465 -1 1410 1465 1411 -1 1411 1465 1466 -1 1411 1466 1412 -1 1412 1466 1467 -1 1412 1467 1413 -1 1413 1467 1468 -1 1413 1468 1414 -1 1414 1468 1469 -1 1414 1469 1415 -1 1415 1469 1470 -1 1415 1470 1416 -1 1416 1470 1471 -1 1416 1471 1417 -1 1417 1471 1472 -1 1417 1472 1418 -1 1418 1472 1473 -1 1418 1473 1419 -1 1419 1473 1474 -1 1419 1474 1420 -1 1420 1474 1475 -1 1420 1475 1421 -1 1421 1475 1476 -1 1421 1476 1422 -1 1422 1476 1477 -1 1422 1477 1423 -1 1423 1477 1478 -1 1423 1478 1424 -1 1424 1478 1479 -1 1424 1479 1425 -1 1425 1479 1480 -1 1425 1480 1426 -1 1426 1480 1481 -1 1426 1481 1427 -1 1427 1481 1482 -1 1427 1482 1428 -1 1428 1482 1483 -1 1428 1483 1429 -1 1429 1483 1484 -1 1429 1484 1430 -1 1430 1484 1485 -1 1430 1485 1431 -1 1431 1485 1486 -1 1431 1486 1432 -1 1432 1486 1487 -1 1432 1487 1433 -1 1433 1487 1488 -1 1433 1488 1434 -1 1434 1488 1489 -1 1434 1489 1435 -1 1435 1489 1490 -1 1435 1490 1436 -1 1436 1490 1491 -1 1436 1491 1437 -1 1437 1491 1492 -1 1437 1492 1438 -1 1438 1492 1493 -1 1438 1493 1439 -1 1439 1493 1494 -1 1439 1494 1440 -1 1440 1494 1495 -1 1440 1495 1441 -1 1441 1495 1496 -1 1441 1496 1442 -1 1442 1496 1497 -1 1442 1497 1443 -1 1443 1497 1498 -1 1443 1498 1444 -1 1444 1498 1499 -1 1444 1499 1445 -1 1445 1499 1500 -1 1445 1500 1446 -1 1446 1500 1501 -1 1446 1501 1447 -1 1447 1501 1502 -1 1447 1502 1448 -1 1448 1502 1503 -1 1448 1503 1449 -1 1449 1503 1504 -1 1449 1504 1450 -1 1450 1504 1505 -1 1450 1505 1451 -1 1451 1505 1506 -1 1451 1506 1452 -1 1452 1506 1507 -1 1452 1507 1453 -1 1453 1507 1508 -1 1453 1508 1454 -1 1454 1508 1509 -1 1454 1509 1455 -1 1455 1509 1510 -1 1455 1510 1456 -1 1456 1510 1511 -1 1456 1511 1457 -1 1457 1511 1512 -1 1457 1512 1458 -1 1458 1512 1513 -1 1458 1513 1459 -1 1459 1513 1460 -1 1513 3 1460 -1 1460 3 53 -1 1460 53 1461 -1 1461 53 52 -1 1461 52 1462 -1 1462 52 54 -1 1462 54 1463 -1 1463 54 50 -1 1463 50 1464 -1 1464 50 49 -1 1464 49 1465 -1 1465 49 51 -1 1465 51 1466 -1 1466 51 47 -1 1466 47 1467 -1 1467 47 46 -1 1467 46 1468 -1 1468 46 48 -1 1468 48 1469 -1 1469 48 44 -1 1469 44 1470 -1 1470 44 43 -1 1470 43 1471 -1 1471 43 45 -1 1471 45 1472 -1 1472 45 41 -1 1472 41 1473 -1 1473 41 40 -1 1473 40 1474 -1 1474 40 42 -1 1474 42 1475 -1 1475 42 38 -1 1475 38 1476 -1 1476 38 37 -1 1476 37 1477 -1 1477 37 39 -1 1477 39 1478 -1 1478 39 35 -1 1478 35 1479 -1 1479 35 34 -1 1479 34 1480 -1 1480 34 36 -1 1480 36 1481 -1 1481 36 32 -1 1481 32 1482 -1 1482 32 31 -1 1482 31 1483 -1 1483 31 33 -1 1483 33 1484 -1 1484 33 29 -1 1484 29 1485 -1 1485 29 28 -1 1485 28 1486 -1 1486 28 30 -1 1486 30 1487 -1 1487 30 26 -1 1487 26 1488 -1 1488 26 25 -1 1488 25 1489 -1 1489 25 27 -1 1489 27 1490 -1 1490 27 23 -1 1490 23 1491 -1 1491 23 22 -1 1491 22 1492 -1 1492 22 24 -1 1492 24 1493 -1 1493 24 20 -1 1493 20 1494 -1 1494 20 19 -1 1494 19 1495 -1 1495 19 21 -1 1495 21 1496 -1 1496 21 17 -1 1496 17 1497 -1 1497 17 16 -1 1497 16 1498 -1 1498 16 18 -1 1498 18 1499 -1 1499 18 14 -1 1499 14 1500 -1 1500 14 13 -1 1500 13 1501 -1 1501 13 15 -1 1501 15 1502 -1 1502 15 11 -1 1502 11 1503 -1 1503 11 10 -1 1503 10 1504 -1 1504 10 12 -1 1504 12 1505 -1 1505 12 8 -1 1505 8 1506 -1 1506 8 7 -1 1506 7 1507 -1 1507 7 9 -1 1507 9 1508 -1 1508 9 5 -1 1508 5 1509 -1 1509 5 4 -1 1509 4 1510 -1 1510 4 6 -1 1510 6 1511 -1 1511 6 2 -1 1511 2 1512 -1 1512 2 1 -1 1512 1 1513 -1 1513 1 3 -1 58 56 1514 -1 64 62 1514 -1 1514 62 60 -1 1514 60 58 -1 70 68 1514 -1 1514 68 66 -1 1514 66 64 -1 76 74 1514 -1 1514 74 72 -1 1514 72 70 -1 82 80 1514 -1 1514 80 78 -1 1514 78 76 -1 88 86 1514 -1 1514 86 84 -1 1514 84 82 -1 94 92 1514 -1 1514 92 90 -1 1514 90 88 -1 100 98 1514 -1 1514 98 96 -1 1514 96 94 -1 106 104 1514 -1 1514 104 102 -1 1514 102 100 -1 112 110 1514 -1 1514 110 108 -1 1514 108 106 -1 118 116 1514 -1 1514 116 114 -1 1514 114 112 -1 124 122 1514 -1 1514 122 120 -1 1514 120 118 -1 130 128 1514 -1 1514 128 126 -1 1514 126 124 -1 136 134 1514 -1 1514 134 132 -1 1514 132 130 -1 142 140 1514 -1 1514 140 138 -1 1514 138 136 -1 148 146 1514 -1 1514 146 144 -1 1514 144 142 -1 154 152 1514 -1 1514 152 150 -1 1514 150 148 -1 160 158 1514 -1 1514 158 156 -1 1514 156 154 -1 56 55 1514 -1 1514 55 162 -1 1514 162 160 -1 1515 1516 1517 -1 1518 1519 1520 -1 1520 1519 1521 -1 1520 1521 1522 -1 1521 1523 1522 -1 1522 1523 1524 -1 1522 1524 1525 -1 1525 1524 1526 -1 1525 1526 1527 -1 1527 1526 1528 -1 1527 1528 1529 -1 1530 1531 1532 -1 1532 1531 1533 -1 1532 1533 1534 -1 1534 1533 1535 -1 1534 1535 1536 -1 1536 1535 1537 -1 1536 1537 1529 -1 1529 1537 1538 -1 1529 1538 1527 -1 1539 1540 1530 -1 1530 1540 1541 -1 1530 1541 1531 -1 1542 1543 1539 -1 1539 1543 1544 -1 1539 1544 1540 -1 1517 1516 1545 -1 1545 1516 1546 -1 1545 1546 1542 -1 1542 1546 1547 -1 1542 1547 1543 -1 1548 1549 1517 -1 1517 1549 1550 -1 1517 1550 1515 -1 1551 1552 1553 -1 1553 1552 1554 -1 1555 1556 1557 -1 1557 1556 1558 -1 1557 1558 1552 -1 1552 1558 1559 -1 1552 1559 1554 -1 1555 1557 1560 -1 1560 1557 1561 -1 1560 1561 1562 -1 1563 1564 1565 -1 1565 1564 1566 -1 1565 1566 1567 -1 1565 1562 1563 -1 1563 1562 1561 -1 1563 1561 1568 -1 1568 1561 1557 -1 1568 1557 1569 -1 1569 1557 1552 -1 1569 1552 1570 -1 1570 1552 1551 -1 1570 1551 1571 -1 1571 1551 1572 -1 1571 1572 1573 -1 1573 1572 1574 -1 1573 1574 1548 -1 1548 1574 1575 -1 1548 1575 1549 -1 1576 1519 1577 -1 1577 1519 1518 -1 1576 1578 1519 -1 1519 1578 1579 -1 1519 1579 1580 -1 1580 1581 1519 -1 1519 1581 1582 -1 1519 1582 1583 -1 1532 1534 1584 -1 1585 1586 1587 -1 1588 1589 1590 -1 1591 1592 1593 -1 1594 1595 1585 -1 1596 1566 1564 -1 1597 1598 1599 -1 1599 1598 1600 -1 1599 1600 1601 -1 1601 1600 1602 -1 1602 1600 1603 -1 1603 1600 1604 -1 1603 1604 1605 -1 1605 1604 1606 -1 1605 1606 1607 -1 1589 1608 1607 -1 1609 1610 1588 -1 1588 1610 1611 -1 1588 1611 1589 -1 1589 1611 1612 -1 1589 1612 1608 -1 1595 1613 1585 -1 1585 1613 1614 -1 1585 1614 1586 -1 1615 1616 1617 -1 1617 1616 1618 -1 1617 1618 1619 -1 1619 1618 1620 -1 1619 1620 1621 -1 1615 1617 1622 -1 1622 1617 1623 -1 1622 1623 1624 -1 1625 1626 1627 -1 1627 1626 1628 -1 1627 1628 1623 -1 1623 1628 1629 -1 1623 1629 1624 -1 1625 1627 1630 -1 1630 1627 1631 -1 1630 1631 1632 -1 1591 1593 1633 -1 1584 1634 1635 -1 1635 1634 1636 -1 1636 1634 1637 -1 1636 1637 1638 -1 1639 1640 1637 -1 1637 1640 1641 -1 1637 1641 1638 -1 1642 1643 1644 -1 1644 1643 1645 -1 1644 1645 1639 -1 1639 1645 1646 -1 1639 1646 1640 -1 1644 1647 1642 -1 1642 1647 1648 -1 1642 1648 1649 -1 1597 1596 1598 -1 1598 1596 1564 -1 1598 1564 1600 -1 1600 1564 1563 -1 1600 1563 1604 -1 1604 1563 1568 -1 1607 1606 1589 -1 1589 1606 1604 -1 1589 1604 1590 -1 1590 1604 1568 -1 1590 1568 1569 -1 1614 1650 1586 -1 1586 1650 1609 -1 1586 1609 1587 -1 1587 1609 1588 -1 1587 1588 1651 -1 1651 1588 1590 -1 1651 1590 1570 -1 1570 1590 1569 -1 1621 1594 1619 -1 1619 1594 1585 -1 1619 1585 1652 -1 1652 1585 1587 -1 1652 1587 1653 -1 1653 1587 1651 -1 1653 1651 1571 -1 1571 1651 1570 -1 1571 1573 1653 -1 1653 1573 1654 -1 1653 1654 1652 -1 1652 1654 1655 -1 1652 1655 1619 -1 1619 1655 1656 -1 1619 1656 1617 -1 1617 1656 1657 -1 1617 1657 1623 -1 1623 1657 1658 -1 1623 1658 1627 -1 1627 1658 1659 -1 1627 1659 1631 -1 1519 1648 1521 -1 1521 1648 1647 -1 1521 1647 1523 -1 1523 1647 1644 -1 1584 1534 1634 -1 1634 1534 1536 -1 1634 1536 1637 -1 1536 1529 1637 -1 1637 1529 1528 -1 1637 1528 1639 -1 1639 1528 1526 -1 1639 1526 1644 -1 1644 1526 1524 -1 1644 1524 1523 -1 1635 1633 1584 -1 1584 1633 1593 -1 1584 1593 1532 -1 1532 1593 1660 -1 1532 1660 1530 -1 1530 1660 1661 -1 1530 1661 1539 -1 1539 1661 1662 -1 1539 1662 1542 -1 1542 1662 1663 -1 1542 1663 1545 -1 1545 1663 1664 -1 1545 1664 1517 -1 1517 1664 1548 -1 1573 1548 1654 -1 1654 1548 1664 -1 1654 1664 1655 -1 1655 1664 1663 -1 1655 1663 1656 -1 1656 1663 1662 -1 1656 1662 1657 -1 1657 1662 1661 -1 1657 1661 1658 -1 1658 1661 1660 -1 1658 1660 1659 -1 1659 1660 1593 -1 1659 1593 1631 -1 1631 1593 1592 -1 1631 1592 1632 -1 1665 1666 1667 -1 1667 1666 1668 -1 1667 1668 1669 -1 1669 1670 1667 -1 1667 1670 1671 -1 1667 1671 1672 -1 1673 1674 1675 -1 1676 1677 1675 -1 1675 1677 1678 -1 1675 1678 1673 -1 1679 1680 1681 -1 1681 1680 1677 -1 1681 1677 1682 -1 1682 1677 1676 -1 1683 1684 1685 -1 1683 1685 1686 -1 1679 1681 1685 -1 1685 1681 1687 -1 1685 1687 1686 -1 1672 1688 1667 -1 1667 1688 1685 -1 1667 1685 1689 -1 1689 1685 1684 -1 1690 1691 1692 -1 1692 1691 1693 -1 1692 1693 1694 -1 1694 1693 1695 -1 1694 1695 1696 -1 1696 1695 1697 -1 1696 1697 1698 -1 1698 1697 1699 -1 1698 1699 1667 -1 1667 1699 1700 -1 1667 1700 1665 -1 1692 1567 1690 -1 1690 1567 1566 -1 1690 1566 1701 -1 1701 1566 1596 -1 1702 1649 1648 -1 1583 1703 1704 -1 1704 1703 1705 -1 1705 1706 1704 -1 1704 1706 1707 -1 1704 1707 1708 -1 1708 1709 1704 -1 1704 1709 1710 -1 1704 1710 1711 -1 1711 1712 1704 -1 1704 1712 1713 -1 1704 1713 1714 -1 1714 1715 1704 -1 1704 1715 1716 -1 1704 1716 1717 -1 1718 1719 1704 -1 1717 1720 1704 -1 1704 1720 1721 -1 1704 1721 1722 -1 1722 1723 1704 -1 1704 1723 1724 -1 1704 1724 1718 -1 1719 1725 1704 -1 1704 1725 1726 -1 1704 1726 1727 -1 1702 1648 1728 -1 1704 1729 1728 -1 1730 1731 1704 -1 1704 1731 1732 -1 1704 1732 1729 -1 1727 1733 1704 -1 1704 1733 1734 -1 1704 1734 1735 -1 1735 1736 1704 -1 1704 1736 1737 -1 1704 1737 1738 -1 1738 1739 1704 -1 1704 1739 1740 -1 1704 1740 1730 -1 1728 1648 1704 -1 1704 1648 1519 -1 1704 1519 1583 -1 1741 1742 1743 -1 1744 1745 1746 -1 1747 1748 1749 -1 1750 1751 1752 -1 1753 1754 1755 -1 1756 1757 1758 -1 1759 1760 1761 -1 1762 1763 1764 -1 1764 1765 1762 -1 1762 1765 1766 -1 1762 1766 1767 -1 1759 1761 1768 -1 1769 1770 1771 -1 1771 1770 1772 -1 1771 1772 1773 -1 1773 1772 1774 -1 1773 1774 1768 -1 1771 1775 1769 -1 1769 1775 1776 -1 1769 1776 1777 -1 1758 1757 1776 -1 1776 1757 1778 -1 1776 1778 1777 -1 1755 1754 1758 -1 1758 1754 1779 -1 1758 1779 1756 -1 1752 1751 1755 -1 1755 1751 1780 -1 1755 1780 1753 -1 1781 1782 1783 -1 1783 1782 1784 -1 1783 1784 1752 -1 1752 1784 1785 -1 1752 1785 1750 -1 1786 1787 1788 -1 1788 1787 1789 -1 1788 1789 1781 -1 1781 1789 1790 -1 1781 1790 1782 -1 1791 1792 1793 -1 1793 1792 1794 -1 1793 1794 1745 -1 1745 1794 1795 -1 1745 1795 1746 -1 1744 1746 1796 -1 1796 1746 1797 -1 1796 1797 1798 -1 1798 1797 1799 -1 1798 1799 1800 -1 1800 1799 1801 -1 1801 1799 1802 -1 1801 1802 1803 -1 1802 1804 1803 -1 1803 1804 1805 -1 1803 1805 1806 -1 1806 1805 1807 -1 1806 1807 1808 -1 1808 1807 1809 -1 1809 1807 1810 -1 1809 1810 1811 -1 1742 1741 1811 -1 1811 1741 1812 -1 1811 1812 1809 -1 1813 1814 1743 -1 1743 1814 1815 -1 1743 1815 1741 -1 1743 1816 1813 -1 1813 1816 1817 -1 1813 1817 1818 -1 1818 1817 1819 -1 1818 1819 1820 -1 1820 1819 1821 -1 1821 1819 1822 -1 1821 1822 1823 -1 1822 1824 1823 -1 1823 1824 1825 -1 1823 1825 1826 -1 1826 1825 1827 -1 1826 1827 1828 -1 1828 1827 1829 -1 1828 1829 1830 -1 1830 1829 1831 -1 1830 1831 1832 -1 1833 1834 1832 -1 1832 1834 1835 -1 1832 1835 1830 -1 1836 1837 1833 -1 1833 1837 1838 -1 1833 1838 1834 -1 1839 1840 1841 -1 1841 1840 1842 -1 1841 1842 1836 -1 1836 1842 1843 -1 1836 1843 1837 -1 1839 1841 1844 -1 1844 1841 1845 -1 1844 1845 1846 -1 1846 1845 1847 -1 1846 1847 1848 -1 1848 1847 1849 -1 1849 1847 1850 -1 1849 1850 1851 -1 1851 1850 1852 -1 1852 1850 1853 -1 1852 1853 1854 -1 1855 1856 1857 -1 1857 1856 1858 -1 1858 1859 1857 -1 1857 1859 1860 -1 1857 1860 1861 -1 1768 1761 1773 -1 1773 1761 1862 -1 1773 1862 1857 -1 1855 1857 1863 -1 1863 1857 1862 -1 1863 1862 1864 -1 1864 1862 1761 -1 1864 1761 1762 -1 1762 1761 1760 -1 1762 1760 1763 -1 1861 1865 1857 -1 1857 1865 1866 -1 1857 1866 1773 -1 1773 1866 1867 -1 1773 1867 1771 -1 1771 1867 1868 -1 1771 1868 1775 -1 1868 1869 1775 -1 1775 1869 1870 -1 1775 1870 1776 -1 1776 1870 1871 -1 1776 1871 1758 -1 1758 1871 1872 -1 1758 1872 1755 -1 1755 1872 1873 -1 1755 1873 1752 -1 1752 1873 1874 -1 1752 1874 1783 -1 1875 1748 1788 -1 1788 1748 1747 -1 1788 1747 1786 -1 1793 1876 1791 -1 1791 1876 1877 -1 1791 1877 1878 -1 1878 1877 1749 -1 1878 1749 1879 -1 1879 1749 1748 -1 1879 1748 1880 -1 1880 1748 1875 -1 1874 1881 1783 -1 1783 1881 1882 -1 1783 1882 1781 -1 1781 1882 1883 -1 1781 1883 1788 -1 1788 1883 1884 -1 1788 1884 1875 -1 1852 1854 1885 -1 1886 1887 1533 -1 1888 1538 1537 -1 1888 1537 1887 -1 1887 1537 1535 -1 1887 1535 1533 -1 1538 1888 1527 -1 1527 1888 1889 -1 1527 1889 1525 -1 1525 1889 1890 -1 1525 1890 1522 -1 1890 1891 1522 -1 1522 1891 1892 -1 1522 1892 1520 -1 1520 1892 1893 -1 1520 1893 1518 -1 1518 1893 1894 -1 1518 1894 1577 -1 1577 1894 1895 -1 1577 1895 1576 -1 1576 1895 1896 -1 1576 1896 1578 -1 1578 1896 1897 -1 1578 1897 1579 -1 1897 1898 1579 -1 1579 1898 1899 -1 1579 1899 1580 -1 1580 1899 1900 -1 1580 1900 1581 -1 1581 1900 1901 -1 1581 1901 1582 -1 1582 1901 1902 -1 1582 1902 1583 -1 1583 1902 1903 -1 1583 1903 1703 -1 1903 1904 1703 -1 1703 1904 1905 -1 1703 1905 1906 -1 1907 1908 1852 -1 1852 1885 1907 -1 1907 1885 1909 -1 1907 1909 1910 -1 1910 1909 1911 -1 1911 1909 1912 -1 1911 1912 1913 -1 1914 1915 1916 -1 1916 1915 1913 -1 1916 1913 1917 -1 1917 1913 1912 -1 1905 1918 1906 -1 1906 1918 1919 -1 1906 1919 1920 -1 1920 1919 1921 -1 1920 1921 1922 -1 1922 1921 1923 -1 1922 1923 1914 -1 1914 1923 1924 -1 1914 1924 1915 -1 1533 1531 1886 -1 1886 1531 1541 -1 1886 1541 1925 -1 1925 1541 1540 -1 1925 1540 1926 -1 1926 1540 1927 -1 1926 1927 1928 -1 1928 1927 1929 -1 1928 1929 1930 -1 1930 1929 1931 -1 1930 1931 1932 -1 1932 1931 1933 -1 1932 1933 1934 -1 1933 1935 1934 -1 1934 1935 1936 -1 1934 1936 1937 -1 1937 1936 1938 -1 1937 1938 1939 -1 1939 1938 1940 -1 1940 1938 1941 -1 1940 1941 1942 -1 1942 1941 1943 -1 1943 1941 1944 -1 1943 1944 1945 -1 1944 1946 1945 -1 1945 1946 1947 -1 1945 1947 1948 -1 1948 1947 1949 -1 1950 1951 1949 -1 1949 1951 1952 -1 1949 1952 1948 -1 1950 1953 1951 -1 1951 1953 1954 -1 1951 1954 1955 -1 1955 1954 1956 -1 1955 1956 1957 -1 1957 1956 1958 -1 1958 1956 1959 -1 1958 1959 1960 -1 1960 1959 1961 -1 1960 1961 1962 -1 1962 1961 1963 -1 1962 1963 1964 -1 1964 1963 1965 -1 1964 1965 1966 -1 1965 1967 1966 -1 1966 1967 1968 -1 1966 1968 1969 -1 1970 1971 1968 -1 1968 1971 1972 -1 1968 1972 1969 -1 1973 1974 1975 -1 1975 1974 1971 -1 1975 1971 1976 -1 1976 1971 1970 -1 1977 1978 1973 -1 1973 1978 1979 -1 1973 1979 1974 -1 1855 1863 1980 -1 1980 1863 1864 -1 1980 1864 1762 -1 1973 1981 1977 -1 1977 1981 1980 -1 1977 1980 1982 -1 1982 1980 1762 -1 1982 1762 1767 -1 1983 1984 1868 -1 1613 1595 1985 -1 1616 1794 1792 -1 1615 1622 1746 -1 1630 1632 1799 -1 1986 1693 1987 -1 1987 1693 1691 -1 1987 1691 1988 -1 1988 1691 1690 -1 1988 1690 1989 -1 1699 1697 1986 -1 1986 1697 1695 -1 1986 1695 1693 -1 1986 1990 1699 -1 1699 1990 1991 -1 1699 1991 1700 -1 1984 1665 1700 -1 1671 1670 1992 -1 1992 1670 1983 -1 1992 1983 1993 -1 1670 1669 1983 -1 1983 1669 1668 -1 1983 1668 1984 -1 1984 1668 1666 -1 1984 1666 1665 -1 1992 1994 1995 -1 1673 1678 1995 -1 1679 1685 1995 -1 1995 1685 1688 -1 1995 1688 1992 -1 1992 1688 1672 -1 1992 1672 1671 -1 1678 1677 1995 -1 1995 1677 1680 -1 1995 1680 1679 -1 1714 1713 1996 -1 1850 1714 1853 -1 1853 1714 1996 -1 1853 1996 1854 -1 1850 1847 1714 -1 1714 1847 1845 -1 1714 1845 1715 -1 1845 1841 1715 -1 1715 1841 1836 -1 1715 1836 1716 -1 1716 1836 1833 -1 1716 1833 1717 -1 1717 1833 1720 -1 1833 1832 1720 -1 1720 1832 1831 -1 1720 1831 1721 -1 1721 1831 1829 -1 1733 1727 1824 -1 1824 1727 1726 -1 1824 1726 1725 -1 1725 1719 1824 -1 1824 1719 1718 -1 1824 1718 1825 -1 1825 1718 1724 -1 1825 1724 1827 -1 1827 1724 1723 -1 1827 1723 1829 -1 1829 1723 1722 -1 1829 1722 1721 -1 1822 1735 1824 -1 1824 1735 1734 -1 1824 1734 1733 -1 1740 1739 1997 -1 1997 1739 1738 -1 1997 1738 1737 -1 1740 1997 1730 -1 1730 1997 1998 -1 1730 1998 1731 -1 1732 1816 1729 -1 1729 1816 1743 -1 1729 1743 1728 -1 1728 1743 1742 -1 1807 1643 1810 -1 1810 1643 1642 -1 1810 1642 1811 -1 1811 1642 1649 -1 1811 1649 1742 -1 1742 1649 1702 -1 1742 1702 1728 -1 1641 1640 1805 -1 1805 1640 1646 -1 1805 1646 1807 -1 1807 1646 1645 -1 1807 1645 1643 -1 1804 1635 1636 -1 1804 1636 1805 -1 1805 1636 1638 -1 1805 1638 1641 -1 1799 1632 1802 -1 1632 1592 1802 -1 1802 1592 1591 -1 1802 1591 1804 -1 1804 1591 1633 -1 1804 1633 1635 -1 1629 1628 1797 -1 1797 1628 1626 -1 1797 1626 1799 -1 1799 1626 1625 -1 1799 1625 1630 -1 1746 1622 1797 -1 1797 1622 1624 -1 1797 1624 1629 -1 1615 1746 1616 -1 1616 1746 1795 -1 1616 1795 1794 -1 1618 1999 1620 -1 1620 1999 2000 -1 1620 2000 1621 -1 1985 1595 2000 -1 2000 1595 1594 -1 2000 1594 1621 -1 1610 1609 2001 -1 2001 1609 1650 -1 2001 1650 1985 -1 1985 1650 1614 -1 1985 1614 1613 -1 2002 1608 1612 -1 2002 1612 2001 -1 2001 1612 1611 -1 2001 1611 1610 -1 2003 1605 2002 -1 2002 1605 1607 -1 2002 1607 1608 -1 1690 1701 1989 -1 1989 1701 1596 -1 1989 1596 2004 -1 2004 1596 1597 -1 2004 1597 2003 -1 2003 1597 1599 -1 2003 1599 1601 -1 1601 1602 2003 -1 2003 1602 1603 -1 2003 1603 1605 -1 1856 1855 2005 -1 2005 1860 1856 -1 1856 1860 1859 -1 1856 1859 1858 -1 1700 1991 1984 -1 1984 1991 1869 -1 1984 1869 1868 -1 1868 1867 1983 -1 1983 1867 1866 -1 1983 1866 1993 -1 1993 1866 1865 -1 1993 1865 2005 -1 2005 1865 1861 -1 2005 1861 1860 -1 1989 1881 1988 -1 1988 1881 1874 -1 1988 1874 1987 -1 1987 1874 1873 -1 1987 1873 1986 -1 1986 1873 1872 -1 1986 1872 1990 -1 1990 1872 1871 -1 1990 1871 1991 -1 1991 1871 1870 -1 1991 1870 1869 -1 2002 1875 2003 -1 2003 1875 1884 -1 2003 1884 2004 -1 2004 1884 1883 -1 2004 1883 1989 -1 1989 1883 1882 -1 1989 1882 1881 -1 1732 1731 1816 -1 1816 1731 1998 -1 1816 1998 1817 -1 1817 1998 1997 -1 1817 1997 1819 -1 1819 1997 1737 -1 1819 1737 1822 -1 1822 1737 1736 -1 1822 1736 1735 -1 2005 2006 1993 -1 1993 2006 2007 -1 1993 2007 1992 -1 1992 2007 2008 -1 1992 2008 1994 -1 1994 2008 2009 -1 1994 2009 1995 -1 1618 1616 1999 -1 1999 1616 1792 -1 1999 1792 2000 -1 2000 1792 1791 -1 2000 1791 1985 -1 1985 1791 1878 -1 1985 1878 2001 -1 2001 1878 1879 -1 2001 1879 2002 -1 2002 1879 1880 -1 2002 1880 1875 -1 1854 1996 2010 -1 2011 1707 1706 -1 1707 2011 1708 -1 1708 2011 2012 -1 1708 2012 1709 -1 1709 2012 2013 -1 1709 2013 1710 -1 1710 2013 2014 -1 1710 2014 1711 -1 1711 2014 2010 -1 1711 2010 1712 -1 1712 2010 1996 -1 1712 1996 1713 -1 1703 1906 1705 -1 1705 1906 1920 -1 1705 1920 1706 -1 1706 1920 1922 -1 1706 1922 2011 -1 2011 1922 1914 -1 2011 1914 2012 -1 1914 1916 2012 -1 2012 1916 1917 -1 2012 1917 2013 -1 2013 1917 1912 -1 2013 1912 2014 -1 2014 1912 1909 -1 2014 1909 2010 -1 2010 1909 1885 -1 2010 1885 1854 -1 1961 1959 2015 -1 1941 1938 2016 -1 1550 1549 2017 -1 1574 2018 1575 -1 2019 2020 1562 -1 1558 1556 2020 -1 1558 2020 1559 -1 1556 1555 2020 -1 2020 1555 1560 -1 2020 1560 1562 -1 1574 1572 2016 -1 1572 1551 2016 -1 2016 1551 1553 -1 2016 1553 1554 -1 1574 2016 2018 -1 2018 2016 1938 -1 2018 1938 1575 -1 1575 1938 1936 -1 1575 1936 1549 -1 1546 1516 2017 -1 2017 1516 1515 -1 2017 1515 1550 -1 1927 1540 1544 -1 1936 1935 1549 -1 1549 1935 1933 -1 1549 1933 2017 -1 2017 1933 1931 -1 2017 1931 1546 -1 1546 1931 1929 -1 1546 1929 1547 -1 1547 1929 1927 -1 1547 1927 1543 -1 1543 1927 1544 -1 1676 1675 1995 -1 1995 1675 1674 -1 1995 1674 1673 -1 1686 1687 2009 -1 2009 1687 1681 -1 2009 1681 1995 -1 1995 1681 1682 -1 1995 1682 1676 -1 2021 1684 2022 -1 2022 1684 1683 -1 2022 1683 2023 -1 2023 1683 1686 -1 2023 1686 2024 -1 2024 1686 2009 -1 1698 1667 2021 -1 2021 1667 1689 -1 2021 1689 1684 -1 1562 1565 2019 -1 2019 1565 1567 -1 2019 1567 2025 -1 2025 1567 1692 -1 1968 1967 2024 -1 2024 1967 2023 -1 2023 1967 1965 -1 2023 1965 2022 -1 2022 1965 1963 -1 2022 1963 2021 -1 2015 1959 2026 -1 2026 1959 1956 -1 2026 1956 2027 -1 1956 1954 2027 -1 2027 1954 1953 -1 2027 1953 2028 -1 1947 2029 1949 -1 1949 2029 2028 -1 1949 2028 1950 -1 1950 2028 1953 -1 1963 1961 2021 -1 2021 1961 2015 -1 2021 2015 1698 -1 1698 2015 2026 -1 1698 2026 1696 -1 1696 2026 2027 -1 1696 2027 1694 -1 1694 2027 2028 -1 1694 2028 1692 -1 1692 2028 2029 -1 1692 2029 2025 -1 2025 2029 1947 -1 1554 1559 2016 -1 2016 1559 2020 -1 2016 2020 1941 -1 1941 2020 2019 -1 1941 2019 1944 -1 1944 2019 2025 -1 1944 2025 1946 -1 1946 2025 1947 -1 2008 2007 2030 -1 2030 2007 2006 -1 2030 2006 2005 -1 1855 1980 2005 -1 2005 1980 1981 -1 2005 1981 1973 -1 1973 1975 2005 -1 2005 1975 1976 -1 2005 1976 1970 -1 1970 1968 2005 -1 2005 1968 2024 -1 2005 2024 2030 -1 2030 2024 2009 -1 2030 2009 2008 -1 1813 1818 2031 -1 1818 1820 2031 -1 2031 1820 1821 -1 2031 1821 1823 -1 1823 1826 2031 -1 2031 1826 1828 -1 2031 1828 1830 -1 1830 1835 2031 -1 2031 1835 1834 -1 2031 1834 1838 -1 1838 1837 2031 -1 2031 1837 1843 -1 2031 1843 1842 -1 1842 1840 2031 -1 2031 1840 1839 -1 2031 1839 1844 -1 1844 1846 2031 -1 2031 1846 1848 -1 2031 1848 1849 -1 1849 1851 2031 -1 2031 1851 1852 -1 2031 1852 1908 -1 1812 1741 2032 -1 2032 1741 1815 -1 2032 1815 2031 -1 2031 1815 1814 -1 2031 1814 1813 -1 1894 2032 1895 -1 1895 2032 2031 -1 1898 1897 2031 -1 2031 1897 1896 -1 2031 1896 1895 -1 1908 1907 2031 -1 2031 1907 1910 -1 2031 1910 1911 -1 1911 1913 2031 -1 2031 1913 1915 -1 2031 1915 1924 -1 1924 1923 2031 -1 2031 1923 1921 -1 2031 1921 1919 -1 1919 1918 2031 -1 2031 1918 1905 -1 2031 1905 1904 -1 1904 1903 2031 -1 2031 1903 1902 -1 2031 1902 1901 -1 1901 1900 2031 -1 2031 1900 1899 -1 2031 1899 1898 -1 2033 2034 2035 -1 1808 2036 2037 -1 1809 1812 2038 -1 1808 2037 1806 -1 1806 2037 2039 -1 1806 2039 1803 -1 2034 2033 2039 -1 2039 2033 1801 -1 2039 1801 1803 -1 1744 1796 2035 -1 2035 1796 1798 -1 2035 1798 2033 -1 2033 1798 1800 -1 2033 1800 1801 -1 1793 1745 2040 -1 2040 1745 1744 -1 2040 1744 2041 -1 2041 1744 2035 -1 1786 1747 2042 -1 2042 1747 1749 -1 2042 1749 2043 -1 2043 1749 1877 -1 2043 1877 1876 -1 1786 2042 1787 -1 1787 2042 2044 -1 1787 2044 1789 -1 2045 1782 1790 -1 2046 1785 1784 -1 1753 1780 2047 -1 2047 1780 1751 -1 2047 1751 1750 -1 2047 1957 1753 -1 1753 1957 1958 -1 1753 1958 1960 -1 1960 1962 1753 -1 1753 1962 1964 -1 1753 1964 1966 -1 1966 1969 1753 -1 1753 1969 1972 -1 1753 1972 1754 -1 1754 1972 1971 -1 1754 1971 1974 -1 1978 1977 2048 -1 2048 1977 1982 -1 1982 1767 2048 -1 2048 1767 1766 -1 2048 1766 1765 -1 1974 1979 1754 -1 1754 1979 1978 -1 1754 1978 1779 -1 1779 1978 2048 -1 1779 2048 1756 -1 1756 2048 1757 -1 1765 1764 2048 -1 2048 1764 1763 -1 2048 1763 1760 -1 1760 1759 2048 -1 2048 1759 1768 -1 2048 1768 1774 -1 1774 1772 2048 -1 2048 1772 1770 -1 2048 1770 1769 -1 1769 1777 2048 -1 2048 1777 1778 -1 2048 1778 1757 -1 1790 1789 2045 -1 2045 1789 2044 -1 2045 2044 2049 -1 2049 2044 2042 -1 2049 2042 2050 -1 2050 2042 2043 -1 2050 2043 2040 -1 2040 2043 1876 -1 2040 1876 1793 -1 1784 1782 2046 -1 2046 1782 2045 -1 2046 2045 2051 -1 2051 2045 2049 -1 2051 2049 2052 -1 2052 2049 2050 -1 2052 2050 2053 -1 2053 2050 2040 -1 2053 2040 2054 -1 2054 2040 2041 -1 2054 2041 2055 -1 2055 2041 2035 -1 2055 2035 2056 -1 2056 2035 2034 -1 2056 2034 2057 -1 2057 2034 2039 -1 2057 2039 2058 -1 2058 2039 2037 -1 2058 2037 2038 -1 2038 2037 2036 -1 2038 2036 1809 -1 1809 2036 1808 -1 1750 1785 2047 -1 2047 1785 2046 -1 2047 2046 2059 -1 2059 2046 2051 -1 2059 2051 2060 -1 2060 2051 2052 -1 2060 2052 2061 -1 2061 2052 2053 -1 2061 2053 2062 -1 2062 2053 2054 -1 2062 2054 2063 -1 2063 2054 2055 -1 2063 2055 2064 -1 2064 2055 2056 -1 2064 2056 2065 -1 2065 2056 2057 -1 2065 2057 2066 -1 2066 2057 2058 -1 2066 2058 2067 -1 2067 2058 2038 -1 2067 2038 2032 -1 2032 2038 1812 -1 1943 1945 2047 -1 2047 1945 1948 -1 2047 1948 1952 -1 1952 1951 2047 -1 2047 1951 1955 -1 2047 1955 1957 -1 2059 1940 2047 -1 2047 1940 1942 -1 2047 1942 1943 -1 2061 1934 2060 -1 2060 1934 1937 -1 2060 1937 2059 -1 2059 1937 1939 -1 2059 1939 1940 -1 1928 1930 2061 -1 2061 1930 1932 -1 2061 1932 1934 -1 2061 2062 1928 -1 1928 2062 2063 -1 1928 2063 1926 -1 1926 2063 1925 -1 1925 2063 2064 -1 1925 2064 1886 -1 1886 2064 2065 -1 1886 2065 1887 -1 2067 1892 1891 -1 2067 1891 2066 -1 1891 1890 2066 -1 2066 1890 1889 -1 2066 1889 2065 -1 2065 1889 1888 -1 2065 1888 1887 -1 2032 1894 2067 -1 2067 1894 1893 -1 2067 1893 1892 -1 2068 2069 2070 -1 2071 2072 2073 -1 2073 2072 2074 -1 2075 2076 2072 -1 2072 2076 2077 -1 2072 2077 2074 -1 2078 2079 2080 -1 2080 2079 2081 -1 2080 2081 2082 -1 2082 2081 2083 -1 2082 2083 2075 -1 2075 2083 2084 -1 2075 2084 2076 -1 2085 2086 2087 -1 2088 2089 2090 -1 2090 2089 2091 -1 2090 2091 2086 -1 2086 2091 2092 -1 2086 2092 2087 -1 2093 2094 2069 -1 2093 2069 2095 -1 2094 2096 2069 -1 2069 2096 2097 -1 2069 2097 2098 -1 2099 2100 2068 -1 2068 2100 2101 -1 2068 2101 2102 -1 2102 2103 2068 -1 2068 2103 2104 -1 2068 2104 2069 -1 2069 2104 2105 -1 2069 2105 2095 -1 2106 2107 2108 -1 2108 2109 2110 -1 2110 2111 2108 -1 2108 2111 2112 -1 2108 2112 2106 -1 2107 2113 2108 -1 2108 2113 2114 -1 2108 2114 2068 -1 2068 2114 2115 -1 2068 2115 2099 -1 2116 2117 2118 -1 2118 2117 2119 -1 2118 2119 2120 -1 2121 2122 2123 -1 2123 2122 2124 -1 2123 2124 2116 -1 2116 2124 2125 -1 2116 2125 2117 -1 2119 2126 2120 -1 2120 2126 2127 -1 2120 2127 2128 -1 2128 2127 2129 -1 2128 2129 2070 -1 2070 2129 2130 -1 2070 2130 2068 -1 2068 2130 2131 -1 2068 2131 2108 -1 2098 2088 2069 -1 2069 2088 2090 -1 2069 2090 2070 -1 2070 2090 2086 -1 2070 2086 2128 -1 2128 2086 2085 -1 2128 2085 2120 -1 2120 2085 2132 -1 2120 2132 2118 -1 2118 2132 2133 -1 2118 2133 2116 -1 2116 2133 2134 -1 2116 2134 2123 -1 2087 2078 2085 -1 2085 2078 2080 -1 2085 2080 2132 -1 2132 2080 2082 -1 2132 2082 2133 -1 2133 2082 2075 -1 2133 2075 2134 -1 2134 2075 2072 -1 2134 2072 2123 -1 2123 2072 2071 -1 2123 2071 2121 -1 2121 2071 2073 -1 2121 2073 2135 -1 2136 2137 2138 -1 2139 2140 2141 -1 2135 2142 2143 -1 2121 2144 2122 -1 2122 2144 2145 -1 2122 2145 2146 -1 2146 2145 2147 -1 2148 2149 2145 -1 2145 2149 2150 -1 2145 2150 2147 -1 2147 2150 2151 -1 2147 2151 2152 -1 2152 2151 2153 -1 2152 2153 2154 -1 2155 2156 2157 -1 2157 2156 2158 -1 2157 2158 2159 -1 2160 2161 2162 -1 2162 2161 2163 -1 2162 2163 2155 -1 2155 2163 2164 -1 2155 2164 2156 -1 2165 2166 2167 -1 2165 2167 2162 -1 2162 2167 2168 -1 2162 2168 2160 -1 2169 2170 2171 -1 2171 2170 2172 -1 2171 2172 2173 -1 2173 2172 2174 -1 2169 2175 2170 -1 2170 2175 2176 -1 2170 2176 2165 -1 2165 2176 2177 -1 2165 2177 2166 -1 2174 2172 2178 -1 2178 2172 2179 -1 2178 2179 2180 -1 2180 2179 2181 -1 2181 2179 2182 -1 2181 2182 2183 -1 2184 2185 2186 -1 2186 2185 2187 -1 2186 2187 2188 -1 2188 2187 2189 -1 2189 2187 2190 -1 2189 2190 2191 -1 2191 2190 2192 -1 2191 2192 2193 -1 2194 2195 2192 -1 2192 2195 2196 -1 2192 2196 2193 -1 2192 2197 2198 -1 2194 2192 2199 -1 2199 2192 2198 -1 2199 2198 2200 -1 2201 2202 2190 -1 2190 2202 2203 -1 2190 2203 2192 -1 2192 2203 2204 -1 2192 2204 2197 -1 2141 2140 2205 -1 2140 2206 2205 -1 2205 2206 2207 -1 2205 2207 2208 -1 2208 2207 2209 -1 2208 2209 2210 -1 2210 2209 2211 -1 2210 2211 2201 -1 2139 2141 2212 -1 2212 2141 2213 -1 2212 2213 2214 -1 2214 2213 2215 -1 2214 2215 2216 -1 2216 2215 2217 -1 2217 2215 2218 -1 2217 2218 2219 -1 2138 2137 2218 -1 2218 2137 2220 -1 2218 2220 2219 -1 2221 2222 2138 -1 2138 2222 2223 -1 2138 2223 2136 -1 2224 2225 2221 -1 2221 2225 2226 -1 2221 2226 2222 -1 2227 2228 2229 -1 2229 2228 2230 -1 2229 2230 2224 -1 2224 2230 2231 -1 2224 2231 2225 -1 2201 2190 2210 -1 2210 2190 2187 -1 2210 2187 2208 -1 2208 2187 2185 -1 2208 2185 2205 -1 2205 2185 2232 -1 2205 2232 2141 -1 2141 2232 2233 -1 2141 2233 2213 -1 2213 2233 2234 -1 2213 2234 2215 -1 2215 2234 2235 -1 2215 2235 2218 -1 2218 2235 2236 -1 2218 2236 2138 -1 2138 2236 2237 -1 2138 2237 2221 -1 2221 2237 2238 -1 2221 2238 2224 -1 2224 2238 2239 -1 2224 2239 2229 -1 2229 2239 2240 -1 2229 2240 2227 -1 2159 2148 2157 -1 2157 2148 2145 -1 2157 2145 2241 -1 2241 2145 2144 -1 2241 2144 2143 -1 2143 2144 2121 -1 2143 2121 2135 -1 2184 2242 2185 -1 2185 2242 2183 -1 2185 2183 2232 -1 2232 2183 2182 -1 2232 2182 2233 -1 2233 2182 2179 -1 2233 2179 2234 -1 2234 2179 2172 -1 2234 2172 2235 -1 2235 2172 2170 -1 2235 2170 2236 -1 2236 2170 2165 -1 2236 2165 2237 -1 2237 2165 2162 -1 2237 2162 2238 -1 2238 2162 2155 -1 2238 2155 2239 -1 2239 2155 2157 -1 2239 2157 2240 -1 2240 2157 2241 -1 2240 2241 2227 -1 2227 2241 2143 -1 2227 2143 2228 -1 2228 2143 2142 -1 2243 2194 2199 -1 2243 2199 2244 -1 2245 2199 2246 -1 2246 2199 2247 -1 2245 2248 2199 -1 2199 2248 2249 -1 2199 2249 2250 -1 2250 2251 2199 -1 2199 2251 2252 -1 2199 2252 2244 -1 2253 2254 2247 -1 2247 2254 2255 -1 2255 2256 2247 -1 2247 2256 2257 -1 2247 2257 2258 -1 2258 2257 2259 -1 2258 2259 2260 -1 2261 2262 2263 -1 2263 2264 2261 -1 2261 2264 2265 -1 2261 2265 2266 -1 2267 2268 2261 -1 2261 2268 2269 -1 2261 2269 2262 -1 2267 2270 2268 -1 2268 2270 2271 -1 2268 2271 2272 -1 2260 2273 2258 -1 2258 2273 2268 -1 2258 2268 2274 -1 2274 2268 2272 -1 2199 2200 2275 -1 2275 2276 2199 -1 2199 2276 2277 -1 2199 2277 2247 -1 2247 2277 2278 -1 2247 2278 2253 -1 2152 2154 2279 -1 2280 2109 2108 -1 2108 2281 2282 -1 2283 2284 2280 -1 2280 2284 2285 -1 2285 2286 2280 -1 2280 2286 2287 -1 2280 2287 2288 -1 2288 2289 2280 -1 2280 2289 2290 -1 2280 2290 2109 -1 2282 2291 2108 -1 2108 2291 2292 -1 2108 2292 2280 -1 2280 2292 2293 -1 2280 2293 2294 -1 2294 2295 2280 -1 2280 2295 2296 -1 2280 2296 2283 -1 2281 2108 2297 -1 2297 2108 2131 -1 2297 2131 2298 -1 2298 2131 2130 -1 2298 2130 2299 -1 2300 2301 2302 -1 2302 2301 2303 -1 2302 2303 2304 -1 2130 2129 2299 -1 2299 2129 2302 -1 2299 2302 2305 -1 2305 2302 2304 -1 2300 2302 2306 -1 2306 2302 2307 -1 2306 2307 2308 -1 2308 2307 2309 -1 2309 2307 2310 -1 2309 2310 2311 -1 2152 2279 2147 -1 2311 2310 2312 -1 2312 2310 2313 -1 2312 2313 2279 -1 2279 2313 2146 -1 2279 2146 2147 -1 2129 2127 2302 -1 2302 2127 2126 -1 2302 2126 2307 -1 2307 2126 2119 -1 2307 2119 2310 -1 2122 2146 2124 -1 2124 2146 2313 -1 2124 2313 2125 -1 2125 2313 2310 -1 2125 2310 2117 -1 2117 2310 2119 -1 2314 2315 2316 -1 2317 2318 2319 -1 2319 2318 2320 -1 2321 2322 2323 -1 2324 2325 2326 -1 2327 2328 2329 -1 2330 2331 2332 -1 2333 2334 2335 -1 2336 2337 2338 -1 2338 2337 2339 -1 2338 2340 2336 -1 2336 2340 2341 -1 2336 2341 2342 -1 2342 2341 2343 -1 2342 2343 2344 -1 2344 2343 2345 -1 2344 2345 2346 -1 2346 2345 2347 -1 2346 2347 2348 -1 2348 2347 2349 -1 2348 2349 2350 -1 2350 2349 2351 -1 2350 2351 2352 -1 2353 2354 2355 -1 2355 2354 2356 -1 2355 2356 2352 -1 2352 2356 2357 -1 2352 2357 2350 -1 2358 2359 2360 -1 2360 2359 2361 -1 2360 2361 2362 -1 2362 2361 2363 -1 2362 2363 2353 -1 2353 2363 2364 -1 2353 2364 2354 -1 2365 2366 2367 -1 2367 2366 2368 -1 2367 2368 2369 -1 2369 2368 2370 -1 2369 2370 2371 -1 2371 2370 2372 -1 2371 2372 2358 -1 2358 2372 2373 -1 2358 2373 2359 -1 2374 2375 2376 -1 2376 2375 2377 -1 2376 2377 2378 -1 2378 2377 2379 -1 2380 2381 2382 -1 2383 2384 2385 -1 2385 2384 2386 -1 2385 2386 2387 -1 2387 2386 2388 -1 2387 2388 2380 -1 2380 2388 2389 -1 2380 2389 2381 -1 2381 2389 2390 -1 2391 2392 2393 -1 2393 2392 2394 -1 2393 2394 2395 -1 2395 2394 2315 -1 2395 2315 2396 -1 2396 2315 2314 -1 2396 2314 2397 -1 2333 2335 2398 -1 2398 2335 2399 -1 2398 2399 2400 -1 2401 2402 2403 -1 2403 2402 2404 -1 2403 2404 2405 -1 2406 2407 2408 -1 2408 2407 2409 -1 2408 2409 2410 -1 2411 2412 2413 -1 2413 2412 2414 -1 2415 2416 2417 -1 2417 2416 2418 -1 2331 2330 2419 -1 2330 2420 2419 -1 2419 2420 2421 -1 2419 2421 2417 -1 2417 2421 2422 -1 2417 2422 2415 -1 2423 2424 2332 -1 2332 2424 2425 -1 2332 2425 2330 -1 2426 2427 2428 -1 2428 2427 2429 -1 2428 2429 2430 -1 2430 2429 2431 -1 2382 2432 2433 -1 2433 2432 2434 -1 2434 2435 2433 -1 2433 2435 2436 -1 2433 2436 2426 -1 2426 2436 2437 -1 2426 2437 2427 -1 2377 2438 2439 -1 2440 2379 2441 -1 2441 2379 2377 -1 2441 2377 2442 -1 2442 2377 2439 -1 2438 2377 2443 -1 2443 2377 2375 -1 2443 2375 2444 -1 2445 2446 2447 -1 2445 2447 2448 -1 2449 2450 2451 -1 2451 2450 2447 -1 2451 2447 2452 -1 2452 2447 2446 -1 2453 2454 2455 -1 2455 2454 2456 -1 2455 2456 2447 -1 2447 2456 2457 -1 2447 2457 2448 -1 2453 2455 2458 -1 2458 2455 2459 -1 2458 2459 2460 -1 2461 2462 2463 -1 2463 2462 2464 -1 2463 2464 2465 -1 2466 2467 2461 -1 2461 2467 2468 -1 2461 2468 2462 -1 2466 2469 2470 -1 2470 2471 2466 -1 2466 2471 2472 -1 2466 2472 2467 -1 2473 2326 2474 -1 2474 2475 2473 -1 2473 2475 2476 -1 2473 2476 2477 -1 2324 2326 2478 -1 2478 2326 2473 -1 2478 2473 2479 -1 2339 2480 2338 -1 2338 2480 2481 -1 2338 2481 2325 -1 2325 2481 2482 -1 2325 2482 2483 -1 2483 2484 2325 -1 2325 2484 2485 -1 2325 2485 2486 -1 2486 2487 2325 -1 2325 2487 2488 -1 2325 2488 2326 -1 2439 2434 2442 -1 2442 2434 2432 -1 2442 2432 2441 -1 2441 2432 2382 -1 2441 2382 2440 -1 2440 2382 2381 -1 2440 2381 2489 -1 2489 2381 2390 -1 2490 2322 2491 -1 2491 2322 2321 -1 2491 2321 2492 -1 2323 2493 2321 -1 2321 2493 2494 -1 2321 2494 2492 -1 2492 2494 2495 -1 2492 2495 2496 -1 2496 2495 2497 -1 2496 2497 2498 -1 2498 2497 2499 -1 2500 2317 2501 -1 2501 2317 2319 -1 2501 2319 2502 -1 2502 2319 2320 -1 2502 2320 2503 -1 2504 2505 2506 -1 2506 2505 2507 -1 2506 2507 2508 -1 2508 2507 2509 -1 2508 2509 2510 -1 2510 2509 2511 -1 2510 2511 2512 -1 2513 2511 2514 -1 2514 2511 2509 -1 2514 2509 2515 -1 2515 2509 2507 -1 2515 2507 2516 -1 2516 2507 2505 -1 2517 2463 2459 -1 2459 2463 2465 -1 2459 2465 2460 -1 2402 2518 2404 -1 2404 2518 2519 -1 2404 2519 2405 -1 2405 2519 2500 -1 2405 2500 2520 -1 2520 2500 2501 -1 2520 2501 2418 -1 2418 2501 2502 -1 2418 2502 2417 -1 2417 2502 2503 -1 2417 2503 2419 -1 2419 2503 2521 -1 2419 2521 2331 -1 2331 2521 2522 -1 2331 2522 2332 -1 2332 2522 2523 -1 2332 2523 2423 -1 2423 2523 2524 -1 2512 2406 2510 -1 2510 2406 2408 -1 2510 2408 2508 -1 2508 2408 2410 -1 2508 2410 2506 -1 2506 2410 2411 -1 2506 2411 2504 -1 2504 2411 2413 -1 2407 2401 2409 -1 2409 2401 2403 -1 2409 2403 2410 -1 2410 2403 2405 -1 2410 2405 2411 -1 2411 2405 2520 -1 2411 2520 2412 -1 2412 2520 2418 -1 2412 2418 2414 -1 2414 2418 2416 -1 2518 2400 2519 -1 2519 2400 2399 -1 2519 2399 2500 -1 2500 2399 2335 -1 2500 2335 2317 -1 2317 2335 2334 -1 2317 2334 2318 -1 2318 2334 2525 -1 2318 2525 2320 -1 2320 2525 2526 -1 2320 2526 2503 -1 2503 2526 2499 -1 2503 2499 2521 -1 2521 2499 2497 -1 2521 2497 2522 -1 2522 2497 2495 -1 2522 2495 2523 -1 2523 2495 2494 -1 2523 2494 2524 -1 2524 2494 2493 -1 2316 2315 2527 -1 2527 2315 2394 -1 2527 2394 2528 -1 2528 2394 2392 -1 2528 2392 2383 -1 2383 2392 2391 -1 2383 2391 2384 -1 2333 2397 2334 -1 2334 2397 2314 -1 2334 2314 2525 -1 2525 2314 2316 -1 2525 2316 2526 -1 2526 2316 2527 -1 2526 2527 2499 -1 2499 2527 2528 -1 2499 2528 2498 -1 2498 2528 2383 -1 2498 2383 2496 -1 2496 2383 2385 -1 2496 2385 2492 -1 2492 2385 2387 -1 2492 2387 2491 -1 2491 2387 2380 -1 2491 2380 2490 -1 2490 2380 2382 -1 2490 2382 2322 -1 2322 2382 2433 -1 2322 2433 2323 -1 2323 2433 2426 -1 2323 2426 2493 -1 2493 2426 2428 -1 2493 2428 2524 -1 2524 2428 2430 -1 2524 2430 2423 -1 2423 2430 2431 -1 2423 2431 2424 -1 2374 2529 2375 -1 2375 2529 2329 -1 2375 2329 2444 -1 2444 2329 2328 -1 2450 2530 2447 -1 2447 2530 2531 -1 2447 2531 2455 -1 2455 2531 2532 -1 2455 2532 2459 -1 2459 2532 2533 -1 2459 2533 2517 -1 2479 2473 2534 -1 2534 2473 2535 -1 2534 2535 2536 -1 2535 2537 2536 -1 2536 2537 2538 -1 2536 2538 2539 -1 2539 2538 2540 -1 2539 2540 2541 -1 2477 2542 2473 -1 2473 2542 2469 -1 2473 2469 2535 -1 2535 2469 2466 -1 2535 2466 2537 -1 2537 2466 2461 -1 2537 2461 2538 -1 2538 2461 2463 -1 2538 2463 2540 -1 2540 2463 2517 -1 2540 2517 2541 -1 2541 2517 2533 -1 2541 2533 2543 -1 2543 2533 2532 -1 2543 2532 2544 -1 2544 2532 2531 -1 2544 2531 2529 -1 2529 2531 2530 -1 2529 2530 2329 -1 2329 2530 2450 -1 2329 2450 2327 -1 2327 2450 2449 -1 2545 2546 2547 -1 2548 2549 2550 -1 2551 2552 2553 -1 2554 2555 2556 -1 2557 2558 2559 -1 2560 2561 2562 -1 2563 2564 2565 -1 2565 2564 2566 -1 2567 2568 2569 -1 2570 2571 2572 -1 2514 2573 2513 -1 2513 2573 2574 -1 2575 2576 2577 -1 2577 2576 2578 -1 2577 2578 2579 -1 2579 2578 2580 -1 2579 2580 2581 -1 2582 2583 2584 -1 2584 2583 2585 -1 2586 2587 2583 -1 2583 2587 2588 -1 2583 2588 2585 -1 2589 2590 2591 -1 2591 2590 2592 -1 2591 2592 2593 -1 2593 2592 2594 -1 2593 2594 2547 -1 2595 2596 2597 -1 2570 2598 2571 -1 2571 2598 2599 -1 2571 2599 2600 -1 2567 2601 2568 -1 2568 2601 2602 -1 2568 2602 2572 -1 2572 2602 2603 -1 2572 2603 2570 -1 2604 2605 2606 -1 2606 2605 2366 -1 2606 2366 2365 -1 2607 2608 2609 -1 2609 2608 2610 -1 2609 2610 2611 -1 2611 2610 2612 -1 2611 2612 2613 -1 2613 2612 2614 -1 2613 2614 2615 -1 2615 2614 2616 -1 2615 2616 2617 -1 2617 2616 2618 -1 2617 2618 2619 -1 2619 2618 2620 -1 2619 2620 2621 -1 2621 2620 2622 -1 2621 2622 2604 -1 2604 2622 2623 -1 2604 2623 2605 -1 2566 2564 2624 -1 2624 2564 2625 -1 2624 2625 2626 -1 2626 2625 2627 -1 2627 2625 2628 -1 2627 2628 2629 -1 2629 2628 2630 -1 2629 2630 2631 -1 2631 2630 2632 -1 2631 2632 2633 -1 2633 2632 2634 -1 2633 2634 2635 -1 2635 2634 2636 -1 2635 2636 2607 -1 2607 2636 2637 -1 2607 2637 2608 -1 2561 2638 2562 -1 2562 2638 2639 -1 2562 2639 2640 -1 2640 2639 2641 -1 2640 2641 2642 -1 2642 2643 2640 -1 2640 2643 2644 -1 2640 2644 2565 -1 2565 2644 2645 -1 2565 2645 2563 -1 2557 2646 2558 -1 2558 2646 2647 -1 2558 2647 2648 -1 2649 2650 2651 -1 2555 2554 2649 -1 2649 2554 2652 -1 2649 2652 2650 -1 2653 2654 2556 -1 2556 2654 2655 -1 2556 2655 2554 -1 2656 2657 2658 -1 2658 2659 2656 -1 2656 2659 2660 -1 2656 2660 2661 -1 2661 2660 2662 -1 2661 2662 2663 -1 2664 2665 2666 -1 2666 2665 2667 -1 2666 2667 2656 -1 2656 2667 2668 -1 2656 2668 2657 -1 2553 2552 2666 -1 2666 2552 2669 -1 2666 2669 2664 -1 2670 2671 2553 -1 2553 2671 2672 -1 2553 2672 2551 -1 2673 2674 2675 -1 2675 2676 2673 -1 2673 2676 2677 -1 2673 2677 2670 -1 2670 2677 2678 -1 2670 2678 2671 -1 2679 2680 2681 -1 2681 2680 2682 -1 2681 2682 2683 -1 2684 2685 2682 -1 2682 2685 2686 -1 2682 2686 2683 -1 2687 2688 2550 -1 2550 2688 2689 -1 2550 2689 2548 -1 2690 2691 2692 -1 2692 2691 2693 -1 2692 2693 2694 -1 2694 2693 2695 -1 2694 2695 2696 -1 2696 2695 2546 -1 2696 2546 2697 -1 2697 2546 2545 -1 2697 2545 2698 -1 2689 2684 2548 -1 2548 2684 2682 -1 2548 2682 2549 -1 2549 2682 2680 -1 2549 2680 2699 -1 2699 2680 2679 -1 2651 2557 2649 -1 2649 2557 2559 -1 2649 2559 2555 -1 2555 2559 2700 -1 2555 2700 2556 -1 2556 2700 2701 -1 2702 2703 2704 -1 2704 2703 2705 -1 2704 2705 2706 -1 2706 2705 2707 -1 2706 2707 2708 -1 2702 2709 2703 -1 2703 2709 2710 -1 2703 2710 2569 -1 2569 2710 2711 -1 2569 2711 2567 -1 2712 2713 2714 -1 2714 2713 2715 -1 2714 2715 2716 -1 2717 2587 2718 -1 2718 2587 2586 -1 2718 2586 2719 -1 2719 2586 2583 -1 2719 2583 2720 -1 2720 2583 2582 -1 2720 2582 2721 -1 2721 2582 2722 -1 2584 2581 2582 -1 2582 2581 2580 -1 2582 2580 2722 -1 2722 2580 2578 -1 2722 2578 2715 -1 2715 2578 2576 -1 2715 2576 2716 -1 2716 2576 2575 -1 2716 2575 2714 -1 2714 2575 2574 -1 2714 2574 2712 -1 2712 2574 2573 -1 2712 2573 2713 -1 2723 2724 2725 -1 2725 2724 2595 -1 2725 2595 2589 -1 2589 2595 2597 -1 2589 2597 2590 -1 2547 2546 2593 -1 2593 2546 2695 -1 2593 2695 2591 -1 2591 2695 2693 -1 2591 2693 2589 -1 2589 2693 2691 -1 2589 2691 2725 -1 2725 2691 2690 -1 2725 2690 2723 -1 2514 2515 2573 -1 2573 2515 2726 -1 2573 2726 2713 -1 2713 2726 2727 -1 2713 2727 2715 -1 2715 2727 2728 -1 2715 2728 2722 -1 2722 2728 2729 -1 2722 2729 2721 -1 2721 2729 2730 -1 2721 2730 2720 -1 2720 2730 2698 -1 2720 2698 2719 -1 2719 2698 2545 -1 2719 2545 2718 -1 2718 2545 2547 -1 2718 2547 2717 -1 2717 2547 2594 -1 2731 2732 2733 -1 2733 2732 2734 -1 2733 2734 2735 -1 2683 2675 2681 -1 2681 2675 2674 -1 2681 2674 2679 -1 2679 2674 2734 -1 2679 2734 2699 -1 2699 2734 2732 -1 2699 2732 2549 -1 2549 2732 2731 -1 2549 2731 2550 -1 2550 2731 2736 -1 2550 2736 2687 -1 2735 2596 2733 -1 2733 2596 2595 -1 2733 2595 2731 -1 2731 2595 2724 -1 2731 2724 2736 -1 2736 2724 2723 -1 2736 2723 2687 -1 2687 2723 2690 -1 2687 2690 2737 -1 2737 2690 2692 -1 2737 2692 2738 -1 2738 2692 2694 -1 2738 2694 2739 -1 2739 2694 2696 -1 2739 2696 2740 -1 2740 2696 2697 -1 2740 2697 2741 -1 2741 2697 2698 -1 2741 2698 2742 -1 2742 2698 2730 -1 2742 2730 2743 -1 2743 2730 2729 -1 2743 2729 2744 -1 2744 2729 2728 -1 2744 2728 2745 -1 2745 2728 2727 -1 2745 2727 2746 -1 2746 2727 2726 -1 2746 2726 2747 -1 2747 2726 2515 -1 2747 2515 2516 -1 2707 2748 2708 -1 2708 2748 2749 -1 2708 2749 2750 -1 2648 2560 2558 -1 2558 2560 2562 -1 2558 2562 2559 -1 2559 2562 2751 -1 2559 2751 2700 -1 2700 2751 2752 -1 2700 2752 2701 -1 2701 2752 2753 -1 2701 2753 2556 -1 2556 2753 2754 -1 2556 2754 2653 -1 2653 2754 2661 -1 2653 2661 2755 -1 2755 2661 2663 -1 2752 2750 2753 -1 2753 2750 2749 -1 2753 2749 2754 -1 2754 2749 2748 -1 2754 2748 2661 -1 2661 2748 2707 -1 2661 2707 2656 -1 2656 2707 2705 -1 2656 2705 2666 -1 2666 2705 2703 -1 2666 2703 2553 -1 2553 2703 2569 -1 2553 2569 2670 -1 2670 2569 2568 -1 2670 2568 2673 -1 2673 2568 2572 -1 2673 2572 2674 -1 2674 2572 2571 -1 2674 2571 2734 -1 2734 2571 2600 -1 2734 2600 2735 -1 2599 2598 2389 -1 2603 2602 2440 -1 2440 2602 2379 -1 2379 2602 2601 -1 2379 2601 2378 -1 2378 2601 2567 -1 2378 2567 2756 -1 2757 2758 2756 -1 2756 2758 2759 -1 2756 2759 2378 -1 2735 2600 2407 -1 2760 2761 2762 -1 2763 2764 2765 -1 2765 2764 2766 -1 2765 2766 2757 -1 2757 2766 2767 -1 2757 2767 2758 -1 2603 2440 2570 -1 2570 2440 2489 -1 2570 2489 2598 -1 2598 2489 2390 -1 2598 2390 2389 -1 2768 2769 2761 -1 2406 2512 2588 -1 2770 2771 2761 -1 2761 2771 2772 -1 2770 2761 2773 -1 2773 2761 2774 -1 2773 2774 2775 -1 2386 2384 2600 -1 2717 2594 2407 -1 2407 2594 2592 -1 2407 2592 2590 -1 2769 2776 2761 -1 2761 2776 2777 -1 2761 2777 2762 -1 2775 2778 2773 -1 2773 2778 2779 -1 2773 2779 2780 -1 2780 2779 2781 -1 2780 2781 2782 -1 2782 2783 2780 -1 2780 2783 2784 -1 2780 2784 2763 -1 2763 2784 2785 -1 2763 2785 2764 -1 2599 2389 2600 -1 2600 2389 2388 -1 2600 2388 2386 -1 2384 2391 2600 -1 2600 2391 2393 -1 2600 2393 2395 -1 2518 2402 2600 -1 2600 2402 2401 -1 2600 2401 2407 -1 2511 2577 2512 -1 2512 2577 2579 -1 2512 2579 2581 -1 2406 2588 2407 -1 2407 2588 2587 -1 2407 2587 2717 -1 2590 2597 2407 -1 2407 2597 2596 -1 2407 2596 2735 -1 2772 2786 2761 -1 2761 2786 2787 -1 2761 2787 2768 -1 2395 2396 2600 -1 2600 2396 2397 -1 2600 2397 2333 -1 2333 2398 2600 -1 2600 2398 2400 -1 2600 2400 2518 -1 2581 2584 2512 -1 2512 2584 2585 -1 2512 2585 2588 -1 2788 2789 2790 -1 2513 2574 2511 -1 2511 2574 2575 -1 2511 2575 2577 -1 2790 2789 2791 -1 2791 2789 2792 -1 2791 2792 2762 -1 2762 2792 2793 -1 2762 2793 2794 -1 2794 2795 2762 -1 2762 2795 2796 -1 2762 2796 2760 -1 2797 2798 2799 -1 2788 2790 2799 -1 2799 2790 2800 -1 2799 2800 2797 -1 2801 2802 2479 -1 2803 2804 2805 -1 2301 2300 2806 -1 2166 2177 2807 -1 2169 2171 2807 -1 2180 2181 2802 -1 2244 2341 2340 -1 2251 2250 2347 -1 2794 2808 2809 -1 2810 2799 2798 -1 2788 2811 2789 -1 2789 2811 2812 -1 2789 2812 2792 -1 2792 2812 2813 -1 2792 2813 2793 -1 2794 2809 2795 -1 2795 2809 2814 -1 2795 2814 2796 -1 2761 2760 2815 -1 2761 2815 2774 -1 2779 2778 2816 -1 2779 2816 2781 -1 2782 2781 2817 -1 2782 2817 2783 -1 2817 2818 2783 -1 2783 2818 2819 -1 2783 2819 2784 -1 2784 2819 2820 -1 2784 2820 2785 -1 2766 2764 2821 -1 2821 2764 2785 -1 2766 2821 2767 -1 2767 2821 2822 -1 2767 2822 2758 -1 2374 2376 2823 -1 2823 2376 2378 -1 2823 2378 2759 -1 2367 2270 2267 -1 2265 2365 2266 -1 2266 2365 2367 -1 2266 2367 2261 -1 2261 2367 2267 -1 2367 2369 2270 -1 2270 2369 2371 -1 2270 2371 2271 -1 2271 2371 2358 -1 2271 2358 2272 -1 2272 2358 2360 -1 2272 2360 2274 -1 2274 2360 2362 -1 2274 2362 2258 -1 2258 2362 2353 -1 2258 2353 2247 -1 2247 2353 2355 -1 2247 2355 2246 -1 2246 2355 2352 -1 2347 2250 2349 -1 2349 2250 2249 -1 2349 2249 2351 -1 2351 2249 2248 -1 2351 2248 2352 -1 2352 2248 2245 -1 2352 2245 2246 -1 2251 2347 2252 -1 2252 2347 2345 -1 2252 2345 2244 -1 2244 2345 2343 -1 2244 2343 2341 -1 2338 2194 2340 -1 2340 2194 2243 -1 2340 2243 2244 -1 2183 2242 2325 -1 2325 2242 2184 -1 2325 2184 2186 -1 2186 2188 2325 -1 2325 2188 2189 -1 2325 2189 2191 -1 2191 2193 2325 -1 2325 2193 2196 -1 2325 2196 2338 -1 2338 2196 2195 -1 2338 2195 2194 -1 2183 2325 2181 -1 2181 2325 2324 -1 2181 2324 2802 -1 2802 2324 2478 -1 2802 2478 2479 -1 2173 2174 2802 -1 2802 2174 2178 -1 2802 2178 2180 -1 2177 2176 2807 -1 2807 2176 2175 -1 2807 2175 2169 -1 2173 2802 2171 -1 2171 2802 2801 -1 2171 2801 2807 -1 2807 2801 2824 -1 2807 2824 2166 -1 2160 2168 2824 -1 2824 2168 2167 -1 2824 2167 2166 -1 2161 2825 2163 -1 2163 2825 2826 -1 2163 2826 2164 -1 2148 2159 2827 -1 2827 2159 2158 -1 2827 2158 2826 -1 2826 2158 2156 -1 2826 2156 2164 -1 2312 2828 2311 -1 2311 2828 2829 -1 2311 2829 2309 -1 2309 2829 2308 -1 2312 2279 2828 -1 2828 2279 2154 -1 2828 2154 2153 -1 2153 2151 2828 -1 2828 2151 2150 -1 2828 2150 2827 -1 2827 2150 2149 -1 2827 2149 2148 -1 2806 2300 2829 -1 2829 2300 2306 -1 2829 2306 2308 -1 2305 2304 2806 -1 2806 2304 2303 -1 2806 2303 2301 -1 2298 2299 2830 -1 2298 2830 2297 -1 2831 2832 2822 -1 2822 2832 2823 -1 2822 2823 2758 -1 2758 2823 2759 -1 2294 2293 2833 -1 2834 2835 2285 -1 2285 2835 2286 -1 2836 2109 2290 -1 2785 2820 2821 -1 2821 2820 2837 -1 2821 2837 2822 -1 2822 2837 2838 -1 2822 2838 2831 -1 2839 2840 2841 -1 2841 2840 2842 -1 2841 2842 2804 -1 2843 2816 2844 -1 2844 2816 2845 -1 2844 2845 2846 -1 2805 2847 2803 -1 2803 2847 2848 -1 2803 2848 2849 -1 2849 2848 2850 -1 2849 2850 2851 -1 2851 2850 2852 -1 2851 2852 2853 -1 2853 2852 2854 -1 2853 2854 2855 -1 2856 2857 2858 -1 2858 2857 2859 -1 2858 2859 2860 -1 2860 2859 2861 -1 2862 2863 2864 -1 2864 2863 2865 -1 2864 2865 2866 -1 2867 2868 2846 -1 2804 2803 2841 -1 2841 2803 2849 -1 2841 2849 2839 -1 2839 2849 2851 -1 2839 2851 2869 -1 2869 2851 2853 -1 2869 2853 2870 -1 2870 2853 2855 -1 2870 2855 2871 -1 2872 2289 2873 -1 2873 2289 2288 -1 2873 2288 2874 -1 2874 2288 2287 -1 2874 2287 2875 -1 2875 2287 2286 -1 2875 2286 2876 -1 2876 2286 2835 -1 2876 2835 2867 -1 2867 2835 2834 -1 2867 2834 2868 -1 2798 2877 2810 -1 2810 2877 2836 -1 2810 2836 2872 -1 2872 2836 2290 -1 2872 2290 2289 -1 2865 2861 2866 -1 2866 2861 2859 -1 2866 2859 2815 -1 2815 2859 2857 -1 2815 2857 2774 -1 2774 2857 2856 -1 2774 2856 2775 -1 2878 2879 2880 -1 2880 2879 2881 -1 2880 2881 2882 -1 2760 2796 2815 -1 2815 2796 2814 -1 2815 2814 2866 -1 2866 2814 2809 -1 2866 2809 2864 -1 2864 2809 2808 -1 2864 2808 2862 -1 2862 2808 2883 -1 2862 2883 2863 -1 2778 2775 2816 -1 2816 2775 2856 -1 2816 2856 2845 -1 2845 2856 2858 -1 2845 2858 2846 -1 2846 2858 2860 -1 2846 2860 2867 -1 2867 2860 2861 -1 2867 2861 2876 -1 2876 2861 2865 -1 2876 2865 2875 -1 2875 2865 2863 -1 2875 2863 2874 -1 2874 2863 2883 -1 2874 2883 2873 -1 2873 2883 2881 -1 2873 2881 2872 -1 2872 2881 2879 -1 2872 2879 2810 -1 2810 2879 2878 -1 2810 2878 2799 -1 2799 2878 2880 -1 2799 2880 2788 -1 2788 2880 2882 -1 2788 2882 2811 -1 2811 2882 2881 -1 2811 2881 2812 -1 2812 2881 2883 -1 2812 2883 2813 -1 2813 2883 2808 -1 2813 2808 2793 -1 2793 2808 2794 -1 2781 2816 2817 -1 2817 2816 2843 -1 2817 2843 2818 -1 2818 2843 2884 -1 2818 2884 2819 -1 2819 2884 2885 -1 2819 2885 2820 -1 2285 2284 2834 -1 2834 2284 2871 -1 2834 2871 2868 -1 2868 2871 2855 -1 2868 2855 2846 -1 2846 2855 2854 -1 2846 2854 2844 -1 2844 2854 2852 -1 2844 2852 2843 -1 2843 2852 2850 -1 2843 2850 2884 -1 2884 2850 2848 -1 2884 2848 2885 -1 2885 2848 2847 -1 2885 2847 2820 -1 2820 2847 2805 -1 2820 2805 2837 -1 2837 2805 2804 -1 2837 2804 2838 -1 2838 2804 2842 -1 2838 2842 2833 -1 2833 2842 2840 -1 2833 2840 2294 -1 2294 2840 2839 -1 2294 2839 2295 -1 2295 2839 2869 -1 2295 2869 2296 -1 2296 2869 2870 -1 2296 2870 2283 -1 2283 2870 2871 -1 2283 2871 2284 -1 2293 2292 2833 -1 2833 2292 2291 -1 2833 2291 2838 -1 2838 2291 2282 -1 2838 2282 2831 -1 2831 2282 2281 -1 2831 2281 2832 -1 2832 2281 2297 -1 2832 2297 2823 -1 2823 2297 2830 -1 2823 2830 2374 -1 2374 2830 2529 -1 2826 2886 2827 -1 2827 2886 2887 -1 2827 2887 2828 -1 2828 2887 2888 -1 2828 2888 2829 -1 2829 2888 2889 -1 2829 2889 2806 -1 2541 2890 2539 -1 2539 2890 2891 -1 2539 2891 2536 -1 2536 2891 2892 -1 2479 2534 2801 -1 2801 2534 2893 -1 2801 2893 2824 -1 2824 2893 2825 -1 2824 2825 2160 -1 2160 2825 2161 -1 2299 2305 2830 -1 2830 2305 2806 -1 2830 2806 2529 -1 2529 2806 2889 -1 2529 2889 2544 -1 2544 2889 2888 -1 2544 2888 2543 -1 2543 2888 2887 -1 2543 2887 2541 -1 2541 2887 2886 -1 2541 2886 2890 -1 2890 2886 2826 -1 2890 2826 2891 -1 2891 2826 2825 -1 2891 2825 2892 -1 2892 2825 2893 -1 2892 2893 2536 -1 2536 2893 2534 -1 2894 2895 2896 -1 2897 2763 2898 -1 2899 2900 2901 -1 2902 2104 2103 -1 2565 2198 2640 -1 2640 2198 2197 -1 2624 2276 2566 -1 2566 2276 2275 -1 2566 2275 2565 -1 2565 2275 2200 -1 2565 2200 2198 -1 2624 2626 2276 -1 2276 2626 2627 -1 2276 2627 2629 -1 2629 2631 2276 -1 2276 2631 2633 -1 2276 2633 2277 -1 2277 2633 2635 -1 2277 2635 2278 -1 2278 2635 2253 -1 2253 2635 2607 -1 2253 2607 2254 -1 2615 2260 2613 -1 2613 2260 2259 -1 2613 2259 2611 -1 2611 2259 2257 -1 2611 2257 2609 -1 2609 2257 2256 -1 2609 2256 2607 -1 2607 2256 2255 -1 2607 2255 2254 -1 2365 2265 2606 -1 2606 2265 2264 -1 2606 2264 2604 -1 2604 2264 2263 -1 2604 2263 2621 -1 2621 2263 2262 -1 2621 2262 2619 -1 2619 2262 2269 -1 2619 2269 2617 -1 2617 2269 2268 -1 2617 2268 2615 -1 2615 2268 2273 -1 2615 2273 2260 -1 2763 2765 2898 -1 2898 2765 2757 -1 2898 2757 2903 -1 2903 2757 2756 -1 2903 2756 2904 -1 2904 2756 2567 -1 2904 2567 2711 -1 2772 2771 2905 -1 2905 2771 2770 -1 2905 2770 2773 -1 2772 2906 2786 -1 2786 2906 2907 -1 2786 2907 2787 -1 2787 2907 2908 -1 2787 2908 2768 -1 2776 2909 2777 -1 2777 2909 2910 -1 2777 2910 2762 -1 2762 2910 2911 -1 2762 2911 2791 -1 2912 2800 2790 -1 2912 2913 2800 -1 2800 2913 2914 -1 2800 2914 2797 -1 2797 2914 2798 -1 2877 2915 2836 -1 2836 2915 2109 -1 2109 2915 2916 -1 2916 2915 2917 -1 2916 2917 2918 -1 2919 2111 2110 -1 2920 2112 2111 -1 2921 2107 2106 -1 2922 2113 2923 -1 2923 2113 2107 -1 2099 2115 2922 -1 2922 2115 2114 -1 2922 2114 2113 -1 2922 2924 2099 -1 2099 2924 2925 -1 2099 2925 2100 -1 2899 2094 2093 -1 2899 2093 2926 -1 2926 2093 2095 -1 2926 2095 2105 -1 2094 2899 2096 -1 2096 2899 2901 -1 2096 2901 2097 -1 2097 2901 2927 -1 2097 2927 2098 -1 2928 2089 2927 -1 2927 2089 2088 -1 2927 2088 2098 -1 2078 2087 2929 -1 2929 2087 2092 -1 2929 2092 2928 -1 2928 2092 2091 -1 2928 2091 2089 -1 2930 2076 2084 -1 2084 2083 2930 -1 2930 2083 2081 -1 2930 2081 2929 -1 2929 2081 2079 -1 2929 2079 2078 -1 2135 2931 2142 -1 2142 2931 2228 -1 2135 2073 2931 -1 2931 2073 2074 -1 2931 2074 2930 -1 2930 2074 2077 -1 2930 2077 2076 -1 2228 2931 2230 -1 2230 2931 2895 -1 2230 2895 2231 -1 2894 2226 2895 -1 2895 2226 2225 -1 2895 2225 2231 -1 2932 2223 2894 -1 2894 2223 2222 -1 2894 2222 2226 -1 2933 2220 2934 -1 2934 2220 2137 -1 2934 2137 2932 -1 2932 2137 2136 -1 2932 2136 2223 -1 2933 2214 2216 -1 2216 2217 2933 -1 2933 2217 2219 -1 2933 2219 2220 -1 2139 2935 2140 -1 2140 2935 2206 -1 2197 2204 2640 -1 2640 2204 2203 -1 2640 2203 2202 -1 2202 2201 2640 -1 2640 2201 2211 -1 2640 2211 2562 -1 2562 2211 2209 -1 2562 2209 2207 -1 2111 2919 2920 -1 2920 2919 2936 -1 2920 2936 2937 -1 2938 2939 2940 -1 2207 2206 2562 -1 2562 2206 2935 -1 2562 2935 2751 -1 2751 2935 2941 -1 2751 2941 2752 -1 2752 2941 2942 -1 2752 2942 2943 -1 2139 2212 2935 -1 2935 2212 2214 -1 2935 2214 2941 -1 2941 2214 2933 -1 2941 2933 2942 -1 2942 2933 2934 -1 2942 2934 2943 -1 2943 2934 2932 -1 2706 2708 2944 -1 2710 2709 2945 -1 2945 2709 2702 -1 2945 2702 2946 -1 2946 2702 2704 -1 2946 2704 2896 -1 2710 2945 2711 -1 2711 2945 2947 -1 2711 2947 2904 -1 2948 2936 2918 -1 2918 2936 2919 -1 2918 2919 2916 -1 2916 2919 2110 -1 2916 2110 2109 -1 2790 2948 2912 -1 2912 2948 2918 -1 2912 2918 2913 -1 2913 2918 2917 -1 2913 2917 2914 -1 2914 2917 2915 -1 2914 2915 2798 -1 2798 2915 2877 -1 2112 2920 2949 -1 2949 2920 2937 -1 2949 2937 2950 -1 2950 2937 2951 -1 2950 2951 2908 -1 2790 2791 2948 -1 2948 2791 2911 -1 2948 2911 2936 -1 2936 2911 2910 -1 2936 2910 2937 -1 2937 2910 2909 -1 2937 2909 2951 -1 2951 2909 2776 -1 2951 2776 2908 -1 2908 2776 2769 -1 2908 2769 2768 -1 2773 2952 2905 -1 2905 2952 2953 -1 2905 2953 2954 -1 2954 2955 2905 -1 2905 2955 2956 -1 2905 2956 2772 -1 2772 2956 2957 -1 2772 2957 2906 -1 2955 2958 2956 -1 2956 2958 2959 -1 2956 2959 2957 -1 2957 2959 2960 -1 2957 2960 2906 -1 2906 2960 2961 -1 2906 2961 2907 -1 2907 2961 2962 -1 2907 2962 2908 -1 2908 2962 2963 -1 2908 2963 2950 -1 2950 2963 2921 -1 2950 2921 2949 -1 2949 2921 2106 -1 2949 2106 2112 -1 2925 2964 2100 -1 2100 2964 2965 -1 2100 2965 2101 -1 2101 2965 2966 -1 2101 2966 2102 -1 2102 2966 2967 -1 2102 2967 2103 -1 2103 2967 2940 -1 2103 2940 2902 -1 2902 2940 2939 -1 2902 2939 2968 -1 2968 2939 2938 -1 2968 2938 2969 -1 2969 2938 2970 -1 2969 2970 2897 -1 2107 2921 2923 -1 2923 2921 2963 -1 2923 2963 2922 -1 2922 2963 2962 -1 2922 2962 2924 -1 2924 2962 2961 -1 2924 2961 2925 -1 2925 2961 2960 -1 2925 2960 2964 -1 2964 2960 2959 -1 2964 2959 2965 -1 2965 2959 2958 -1 2965 2958 2966 -1 2966 2958 2955 -1 2966 2955 2967 -1 2967 2955 2954 -1 2967 2954 2940 -1 2940 2954 2953 -1 2940 2953 2938 -1 2938 2953 2952 -1 2938 2952 2970 -1 2970 2952 2773 -1 2970 2773 2897 -1 2897 2773 2780 -1 2897 2780 2763 -1 2896 2895 2946 -1 2946 2895 2931 -1 2946 2931 2945 -1 2945 2931 2930 -1 2945 2930 2947 -1 2947 2930 2929 -1 2947 2929 2904 -1 2904 2929 2928 -1 2904 2928 2903 -1 2903 2928 2927 -1 2903 2927 2898 -1 2898 2927 2901 -1 2898 2901 2897 -1 2897 2901 2900 -1 2897 2900 2969 -1 2969 2900 2899 -1 2969 2899 2968 -1 2968 2899 2926 -1 2968 2926 2902 -1 2902 2926 2105 -1 2902 2105 2104 -1 2750 2971 2708 -1 2708 2971 2972 -1 2708 2972 2944 -1 2704 2706 2896 -1 2896 2706 2944 -1 2896 2944 2894 -1 2894 2944 2972 -1 2894 2972 2932 -1 2932 2972 2971 -1 2932 2971 2943 -1 2943 2971 2750 -1 2943 2750 2752 -1 2660 2973 2974 -1 2468 2467 2975 -1 2976 2480 2339 -1 2976 2339 2977 -1 2977 2339 2337 -1 2977 2337 2336 -1 2978 2482 2976 -1 2976 2482 2481 -1 2976 2481 2480 -1 2485 2484 2978 -1 2978 2484 2483 -1 2978 2483 2482 -1 2486 2979 2487 -1 2487 2979 2980 -1 2981 2326 2980 -1 2980 2326 2488 -1 2980 2488 2487 -1 2982 2983 2474 -1 2474 2983 2475 -1 2475 2983 2476 -1 2476 2983 2984 -1 2476 2984 2477 -1 2471 2470 2985 -1 2985 2470 2469 -1 2985 2469 2984 -1 2984 2469 2542 -1 2984 2542 2477 -1 2975 2467 2985 -1 2985 2467 2472 -1 2985 2472 2471 -1 2468 2975 2462 -1 2462 2975 2986 -1 2462 2986 2464 -1 2987 2458 2460 -1 2987 2460 2986 -1 2986 2460 2465 -1 2986 2465 2464 -1 2458 2987 2453 -1 2453 2987 2988 -1 2453 2988 2454 -1 2989 2448 2457 -1 2989 2457 2988 -1 2988 2457 2456 -1 2988 2456 2454 -1 2448 2989 2445 -1 2445 2989 2990 -1 2445 2990 2446 -1 2660 2974 2662 -1 2662 2974 2991 -1 2662 2991 2663 -1 2663 2991 2755 -1 2755 2991 2992 -1 2755 2992 2653 -1 2653 2992 2654 -1 2654 2992 2993 -1 2654 2993 2655 -1 2655 2993 2554 -1 2554 2993 2994 -1 2554 2994 2652 -1 2652 2994 2650 -1 2650 2994 2995 -1 2650 2995 2651 -1 2996 2646 2995 -1 2995 2646 2557 -1 2995 2557 2651 -1 2561 2560 2997 -1 2997 2560 2648 -1 2997 2648 2996 -1 2996 2648 2647 -1 2996 2647 2646 -1 2997 2998 2561 -1 2561 2998 2999 -1 2561 2999 2638 -1 2638 2999 2639 -1 2639 2999 3000 -1 2639 3000 2641 -1 2643 2642 2978 -1 2978 2642 2979 -1 2978 2979 2485 -1 2485 2979 2486 -1 2643 2978 2644 -1 2644 2978 2976 -1 2644 2976 2645 -1 2645 2976 2977 -1 2645 2977 2563 -1 2642 2641 2979 -1 2979 2641 3000 -1 2979 3000 2980 -1 2980 3000 2999 -1 2980 2999 2981 -1 2981 2999 2998 -1 2981 2998 3001 -1 3001 2998 2997 -1 3001 2997 3002 -1 3002 2997 2996 -1 3002 2996 3003 -1 3003 2996 2995 -1 3003 2995 3004 -1 3004 2995 2994 -1 3004 2994 3005 -1 3005 2994 2993 -1 3005 2993 3006 -1 3006 2993 2992 -1 3006 2992 3007 -1 3007 2992 2991 -1 3007 2991 3008 -1 3008 2991 2974 -1 3008 2974 3009 -1 3009 2974 2973 -1 2474 2326 2982 -1 2982 2326 2981 -1 2982 2981 2983 -1 2983 2981 3001 -1 2983 3001 2984 -1 2984 3001 3002 -1 2984 3002 2985 -1 2985 3002 3003 -1 2985 3003 2975 -1 2975 3003 3004 -1 2975 3004 2986 -1 2986 3004 3005 -1 2986 3005 2987 -1 2987 3005 3006 -1 2987 3006 2988 -1 2988 3006 3007 -1 2988 3007 2989 -1 2989 3007 3008 -1 2989 3008 2990 -1 2990 3008 3009 -1 2990 3009 3010 -1 3010 3009 2973 -1 3010 2973 3011 -1 3011 2973 2660 -1 3011 2660 2659 -1 3012 3013 3014 -1 3015 3016 3017 -1 2664 3018 3019 -1 3013 3012 3020 -1 3011 2659 2658 -1 3011 2658 3021 -1 2742 2743 3020 -1 3020 2743 2744 -1 3020 2744 2745 -1 2745 2746 3020 -1 3020 2746 2747 -1 3020 2747 2516 -1 2686 2685 3012 -1 2685 2684 3012 -1 3012 2684 2689 -1 3012 2689 2688 -1 2688 2687 3012 -1 3012 2687 2737 -1 3012 2737 2738 -1 2738 2739 3012 -1 3012 2739 2740 -1 3012 2740 3020 -1 3020 2740 2741 -1 3020 2741 2742 -1 2677 2676 3022 -1 3022 2676 2675 -1 3022 2675 2683 -1 2678 3023 2671 -1 2671 3023 3024 -1 2551 2672 3025 -1 2664 2669 3018 -1 3018 2669 2552 -1 3018 2552 2551 -1 2668 2667 3019 -1 3019 2667 2665 -1 3019 2665 2664 -1 2658 2657 3021 -1 3021 2657 2668 -1 3021 2668 3026 -1 3026 2668 3019 -1 2551 3025 3018 -1 3018 3025 3027 -1 3018 3027 3019 -1 3019 3027 3028 -1 3019 3028 3026 -1 3026 3028 3029 -1 3026 3029 3021 -1 3021 3029 3030 -1 3021 3030 3011 -1 2678 2677 3023 -1 3023 2677 3022 -1 3023 3022 3024 -1 3024 3022 3031 -1 3024 3031 3032 -1 3032 3031 3033 -1 3032 3033 3034 -1 3034 3033 3015 -1 3034 3015 3035 -1 3035 3015 3017 -1 3035 3017 3036 -1 3010 3011 3037 -1 3037 3011 3030 -1 3037 3030 3036 -1 3036 3030 3029 -1 3036 3029 3035 -1 3035 3029 3028 -1 3035 3028 3034 -1 3034 3028 3027 -1 3034 3027 3032 -1 3032 3027 3025 -1 3032 3025 3024 -1 3024 3025 2672 -1 3024 2672 2671 -1 2683 2686 3022 -1 3022 2686 3012 -1 3022 3012 3031 -1 3031 3012 3014 -1 3031 3014 3033 -1 3033 3014 3038 -1 3033 3038 3015 -1 3015 3038 3039 -1 3015 3039 3016 -1 2446 2990 3040 -1 2449 2451 3040 -1 3040 2451 2452 -1 3040 2452 2446 -1 2444 2328 3041 -1 3041 2328 2327 -1 3041 2327 3042 -1 3042 2327 2449 -1 3042 2449 3043 -1 3043 2449 3040 -1 3041 3039 2444 -1 2444 3039 3038 -1 2444 3038 2443 -1 2443 3038 3014 -1 2443 3014 2438 -1 3020 2516 2505 -1 2505 2504 3020 -1 3020 2504 2413 -1 3020 2413 2414 -1 2414 2416 3020 -1 3020 2416 2415 -1 3020 2415 2422 -1 2422 2421 3020 -1 3020 2421 2420 -1 3020 2420 2330 -1 2330 2425 3020 -1 3020 2425 2424 -1 3020 2424 2431 -1 2431 2429 3020 -1 3020 2429 2427 -1 3020 2427 2437 -1 2437 2436 3020 -1 3020 2436 2435 -1 3020 2435 2434 -1 3014 3013 2438 -1 2438 3013 3020 -1 2438 3020 2439 -1 2439 3020 2434 -1 2990 3010 3040 -1 3040 3010 3037 -1 3040 3037 3043 -1 3043 3037 3036 -1 3043 3036 3042 -1 3042 3036 3017 -1 3042 3017 3041 -1 3041 3017 3016 -1 3041 3016 3039 -1 2628 2625 2977 -1 2977 2625 2564 -1 2977 2564 2563 -1 2634 2632 2977 -1 2977 2632 2630 -1 2977 2630 2628 -1 2364 2363 2612 -1 2612 2363 2361 -1 2612 2361 2359 -1 2620 2618 2359 -1 2373 2372 2623 -1 2623 2372 2370 -1 2370 2368 2623 -1 2623 2368 2366 -1 2623 2366 2605 -1 2373 2623 2359 -1 2359 2623 2622 -1 2359 2622 2620 -1 2618 2616 2359 -1 2359 2616 2614 -1 2359 2614 2612 -1 2608 2637 2354 -1 2354 2637 2636 -1 2354 2636 2356 -1 2364 2612 2354 -1 2354 2612 2610 -1 2354 2610 2608 -1 2336 2342 2977 -1 2977 2342 2344 -1 2344 2346 2977 -1 2977 2346 2348 -1 2977 2348 2350 -1 2636 2634 2356 -1 2356 2634 2977 -1 2356 2977 2357 -1 2357 2977 2350 -1 1837 1843 3044 -1 1879 1876 1792 -1 1792 1876 3045 -1 1792 3045 1746 -1 1746 3045 3046 -1 1746 3046 3047 -1 3047 3046 3048 -1 3047 3048 3049 -1 3049 3048 1800 -1 3049 1800 1804 -1 1747 1788 1787 -1 1787 1788 1790 -1 1790 1788 1781 -1 1784 1783 1785 -1 1785 1783 1752 -1 1755 1780 1752 -1 1752 1780 1751 -1 1754 1755 1779 -1 1779 1755 1758 -1 1770 1769 1775 -1 1775 1769 1777 -1 1775 1777 1776 -1 1776 1778 1758 -1 1758 1778 1757 -1 1770 1775 1772 -1 1772 1775 1771 -1 1772 1771 1774 -1 1774 1771 1768 -1 1768 1771 1773 -1 1768 1773 1759 -1 1763 1760 1761 -1 1763 1761 1764 -1 1767 1766 1761 -1 1761 1766 1765 -1 1761 1765 1764 -1 1848 1849 1850 -1 1850 1851 3050 -1 3050 1851 1852 -1 3050 1852 1854 -1 1850 3051 1848 -1 1848 3051 3052 -1 1848 3052 1846 -1 3053 1839 3052 -1 3052 1839 1844 -1 3052 1844 1846 -1 3044 1843 3054 -1 3054 1843 1842 -1 3054 1842 3053 -1 3053 1842 1840 -1 3053 1840 1839 -1 1837 3044 1834 -1 1834 3044 3055 -1 1834 3055 1835 -1 1835 3055 3056 -1 1835 3056 3057 -1 3057 3056 1832 -1 3057 1832 1830 -1 1830 1832 1829 -1 1826 1827 3058 -1 1826 3058 1823 -1 3058 1824 1823 -1 1823 1824 3059 -1 1823 3059 3060 -1 3060 3059 1819 -1 3060 1819 1818 -1 1818 1819 3061 -1 1818 3061 3062 -1 3062 3061 3063 -1 3062 3063 1815 -1 1800 3064 1804 -1 1804 3064 3065 -1 1804 3065 3066 -1 3066 3065 3067 -1 3066 3067 1807 -1 1807 3067 3068 -1 1807 3068 3069 -1 3069 3068 1812 -1 3069 1812 1742 -1 1742 1812 1815 -1 1742 1815 3070 -1 3070 1815 3063 -1 1863 1861 1860 -1 1856 1855 1863 -1 1860 1859 1863 -1 1863 1859 1858 -1 1863 1858 1856 -1 1761 1759 1773 -1 1857 1861 1863 -1 1761 1762 1767 -1 1771 1868 1773 -1 1773 1868 1867 -1 1773 1867 1857 -1 1857 1867 1866 -1 1755 1873 1758 -1 1758 1873 1872 -1 1758 1872 1776 -1 1776 1872 1871 -1 1776 1871 1775 -1 1775 1871 1870 -1 1775 1870 1771 -1 1771 1870 1869 -1 1771 1869 1868 -1 1747 1876 1748 -1 1748 1876 1879 -1 1748 1879 1788 -1 1788 1879 3071 -1 1788 3071 1781 -1 1781 3071 3072 -1 1781 3072 1783 -1 1783 3072 3073 -1 1783 3073 1752 -1 1752 3073 1874 -1 1752 1874 1755 -1 1755 1874 3074 -1 1755 3074 1873 -1 1899 3075 1580 -1 1948 1951 1947 -1 1982 1762 1864 -1 1864 1980 1982 -1 1982 1980 1981 -1 1982 1981 1977 -1 1977 1981 1978 -1 1978 1981 1973 -1 1979 1973 1975 -1 1979 1975 1974 -1 1974 1975 1976 -1 1974 1976 1971 -1 1971 1976 1972 -1 1972 1976 1970 -1 1972 1970 1969 -1 1970 1968 1969 -1 1969 1968 1967 -1 1969 1967 1966 -1 1959 1962 1961 -1 1961 1962 1964 -1 1961 1964 1963 -1 1963 1964 1966 -1 1963 1966 1965 -1 3076 3077 1954 -1 1954 3077 1957 -1 1954 1957 1956 -1 1959 1960 1962 -1 3076 1953 3077 -1 3077 1953 1950 -1 3077 1950 1951 -1 1951 1950 3078 -1 1951 3078 1947 -1 1945 1947 1941 -1 1945 1941 1942 -1 1942 1941 1938 -1 1942 1938 3079 -1 3079 1938 3080 -1 3080 1938 3081 -1 3080 3081 1932 -1 3081 1935 1932 -1 1932 1935 1929 -1 1932 1929 3082 -1 3082 1929 1927 -1 3082 1927 1926 -1 1926 1540 3083 -1 3083 1540 3084 -1 3083 3084 3085 -1 3085 3084 1533 -1 3085 1533 3086 -1 3086 1533 3087 -1 3086 3087 3088 -1 3088 3087 3089 -1 3088 3089 3090 -1 3090 3089 3091 -1 3090 3091 1894 -1 1894 3091 1518 -1 1894 1518 3092 -1 1518 3093 3092 -1 3092 3093 1578 -1 3092 1578 3094 -1 3094 1578 3095 -1 3094 3095 3096 -1 3075 1899 3095 -1 3095 1899 1898 -1 3095 1898 3096 -1 3097 1901 1580 -1 1580 1901 1900 -1 3098 3099 1924 -1 1580 1582 3097 -1 3097 1582 1583 -1 3097 1583 1902 -1 1902 1583 1703 -1 1902 1703 1903 -1 1903 1703 3100 -1 1903 3100 1905 -1 1905 3100 3101 -1 1905 3101 1921 -1 1921 3101 3098 -1 1921 3098 1923 -1 1923 3098 1924 -1 1910 1911 3102 -1 3102 1911 1913 -1 3102 1913 3099 -1 3099 1913 1915 -1 3099 1915 1924 -1 3102 1909 1910 -1 1910 1909 3103 -1 1910 3103 1907 -1 1907 3103 1854 -1 1907 1854 1852 -1 1594 1595 1985 -1 1996 1713 3104 -1 1716 1717 3044 -1 1643 1807 1649 -1 1649 1807 3069 -1 1649 3069 3105 -1 1997 1740 1998 -1 1998 1740 1730 -1 1824 1734 3059 -1 3059 1734 1735 -1 3059 1735 1736 -1 3058 1727 1824 -1 1719 1725 3058 -1 3058 1725 1726 -1 3058 1726 1727 -1 1722 1723 1827 -1 1827 1724 3058 -1 3058 1724 1718 -1 3058 1718 1719 -1 1827 1829 1722 -1 1722 1829 1832 -1 1722 1832 1721 -1 1721 1832 3056 -1 1721 3056 1717 -1 1717 3056 3055 -1 1717 3055 3044 -1 1716 3044 3106 -1 3106 3044 3054 -1 3106 3054 3107 -1 3054 3053 3107 -1 3107 3053 3052 -1 3107 3052 3104 -1 3104 3052 3051 -1 3051 1850 3104 -1 3104 1850 3050 -1 3104 3050 1996 -1 1996 3050 1854 -1 1671 1672 1995 -1 1995 3108 3109 -1 1672 1688 1995 -1 1671 1995 1670 -1 1670 1995 3109 -1 1670 3109 1669 -1 1666 1668 1983 -1 1666 1983 1665 -1 1597 2004 1599 -1 1599 2004 2003 -1 2001 1611 3110 -1 2001 3110 2003 -1 2003 3110 1607 -1 2003 1607 3111 -1 3111 3112 2003 -1 2003 3112 1603 -1 2003 1603 1601 -1 1985 1614 2001 -1 2001 1614 1650 -1 1999 1620 1985 -1 1985 1620 1621 -1 1985 1621 1594 -1 1746 1616 1792 -1 1628 1629 3047 -1 3047 1629 1624 -1 3047 1624 1746 -1 1746 1624 1622 -1 1804 1591 3049 -1 3049 1591 1592 -1 3049 1592 1632 -1 1632 1630 3049 -1 3049 1630 1625 -1 3049 1625 3047 -1 3047 1625 1626 -1 3047 1626 1628 -1 1807 1646 3066 -1 3066 1646 1640 -1 1640 1641 3066 -1 3066 1641 1638 -1 3066 1638 1804 -1 1804 1638 1636 -1 1993 1983 3109 -1 3109 1983 1668 -1 3109 1668 1669 -1 1859 1860 1993 -1 1993 1860 1861 -1 1993 1861 1865 -1 2005 1856 1993 -1 1993 1856 1858 -1 1993 1858 1859 -1 1983 1867 1984 -1 1983 1984 1665 -1 1665 1984 1991 -1 1665 1991 3113 -1 3113 1991 1990 -1 3113 1990 3114 -1 3114 1990 1986 -1 3114 1986 3115 -1 3115 1986 1987 -1 3115 1987 3116 -1 3116 1987 1988 -1 3116 1988 3117 -1 3117 1988 1989 -1 3117 1989 3118 -1 3118 1989 2004 -1 3118 2004 1596 -1 1867 1868 1984 -1 1991 1870 1990 -1 1990 1870 1871 -1 1990 1871 1986 -1 1736 1737 3059 -1 3059 1737 1997 -1 3059 1997 1819 -1 1819 1997 1998 -1 1819 1998 3061 -1 3061 1998 1731 -1 3061 1731 3063 -1 3063 1731 3119 -1 3063 3119 3070 -1 3070 3119 3105 -1 3070 3105 1742 -1 1742 3105 3069 -1 2007 1993 3109 -1 2007 3109 2008 -1 2008 3109 3108 -1 2008 3108 2009 -1 2009 3108 1995 -1 1871 1872 1986 -1 1987 1873 3074 -1 1987 3074 1988 -1 1988 3074 1874 -1 1988 1874 1989 -1 1989 1874 3073 -1 1989 3073 2004 -1 2004 3073 3072 -1 2004 3072 2003 -1 2003 3072 3071 -1 2003 3071 2001 -1 2001 3071 1879 -1 2001 1879 1985 -1 1985 1879 1792 -1 1985 1792 1999 -1 1999 1616 1620 -1 3098 3101 1706 -1 1706 3101 1705 -1 1705 3101 3100 -1 1705 3100 1703 -1 1996 1854 3103 -1 1996 3103 2010 -1 2010 3103 1909 -1 2014 1909 3102 -1 2014 3102 2013 -1 2013 3102 3099 -1 2013 3099 2012 -1 2012 3099 3098 -1 2012 3098 2011 -1 2011 3098 1706 -1 1929 3120 1927 -1 1927 3120 1540 -1 1575 3121 1935 -1 1935 3121 3122 -1 1935 3122 1929 -1 1929 3122 1546 -1 1929 1546 3120 -1 2016 1551 2018 -1 2018 1551 3123 -1 2018 3123 1575 -1 1560 3124 2016 -1 2016 3124 3125 -1 2016 3125 1551 -1 2027 3126 2028 -1 2028 3126 3127 -1 2028 3127 2029 -1 2029 3127 3128 -1 2029 3128 2025 -1 2025 3128 1567 -1 2019 1567 3129 -1 2019 3129 1560 -1 2015 1696 2026 -1 2026 1696 3130 -1 2026 3130 3131 -1 1689 1667 2015 -1 2015 1667 1698 -1 2015 1698 1696 -1 2024 1683 2023 -1 2023 1683 1684 -1 2023 1684 2022 -1 2022 1684 1689 -1 2022 1689 2021 -1 2021 1689 2015 -1 2009 1687 2024 -1 2024 1687 1686 -1 2024 1686 1683 -1 1676 1682 2009 -1 2009 1682 1681 -1 1995 1674 2009 -1 2009 1674 1675 -1 2009 1675 1676 -1 3076 2026 2027 -1 2027 2026 3131 -1 2027 3131 3126 -1 1967 2024 1965 -1 1965 2024 2023 -1 1965 2023 1963 -1 1963 2023 2022 -1 1963 2022 1961 -1 1961 2022 2021 -1 1961 2021 1959 -1 1959 2021 2015 -1 1959 2015 1956 -1 1956 2015 2026 -1 1956 2026 1954 -1 1954 2026 3076 -1 1560 2016 2019 -1 2019 2016 1941 -1 2019 1941 2025 -1 2025 1941 1947 -1 2029 1947 3078 -1 2029 3078 2028 -1 2028 3078 1950 -1 2028 1950 2027 -1 2027 1950 1953 -1 2027 1953 3076 -1 1967 1968 2005 -1 1575 1935 2018 -1 2018 1935 3081 -1 2018 3081 2016 -1 2016 3081 1938 -1 1967 2005 2024 -1 2321 2322 2490 -1 2400 2399 2335 -1 2446 2447 3132 -1 3132 2447 2450 -1 3132 2450 2328 -1 2328 2450 3133 -1 2424 2423 2425 -1 2425 2423 2332 -1 2425 2332 2331 -1 2421 2420 2331 -1 2331 2420 2330 -1 2331 2330 2425 -1 2422 2419 2415 -1 2415 2419 2417 -1 2515 2516 2505 -1 2509 2511 2513 -1 2406 2512 2408 -1 2408 2512 2510 -1 2407 2403 2401 -1 2401 2403 2404 -1 2401 2404 2402 -1 2402 2404 2519 -1 2402 2519 2518 -1 2400 2335 2398 -1 2398 2335 2334 -1 2398 2334 2333 -1 2393 2383 2391 -1 2391 2383 2385 -1 2391 2385 2384 -1 2384 2385 2387 -1 2384 2387 2386 -1 2386 2387 2380 -1 2386 2380 2388 -1 2381 2389 2388 -1 2441 2440 2381 -1 2441 2377 2440 -1 2440 2377 2379 -1 3134 2378 2379 -1 2366 2365 2368 -1 2368 2365 2367 -1 2368 2367 2370 -1 2370 2367 2369 -1 2370 2369 2372 -1 2372 2369 2371 -1 2362 2363 2360 -1 2360 2363 2361 -1 2360 2361 2358 -1 2358 2361 2359 -1 2358 2359 2371 -1 2371 2359 2373 -1 2371 2373 2372 -1 3135 2357 2355 -1 2355 2357 2356 -1 2355 2356 2353 -1 2353 2356 2354 -1 2353 2354 2362 -1 2362 2354 2364 -1 2362 2364 2363 -1 2347 2350 2349 -1 2349 2350 3136 -1 2349 3136 2351 -1 2351 3136 3135 -1 2351 3135 2352 -1 2352 3135 2355 -1 2346 3137 2347 -1 2347 3137 3138 -1 2347 3138 2350 -1 2346 2345 2343 -1 2346 2343 3139 -1 3139 2343 2341 -1 3139 2341 3140 -1 3140 2341 3141 -1 3140 3141 3142 -1 3142 3141 2336 -1 2336 3141 3143 -1 2336 3143 2337 -1 2337 3143 3144 -1 2337 3144 2339 -1 3145 2488 3146 -1 3146 2488 2487 -1 3146 2487 2486 -1 2486 2485 3146 -1 3146 2485 2484 -1 3146 2484 3144 -1 3144 2484 2482 -1 3144 2482 2339 -1 2477 2476 3146 -1 3146 2476 2475 -1 3146 2475 3145 -1 2477 3146 2542 -1 2542 3146 3147 -1 2542 3147 2469 -1 2469 3147 3148 -1 2469 3148 2466 -1 2468 2461 2463 -1 2468 2463 2462 -1 2459 2460 2463 -1 2463 2460 3149 -1 2463 3149 2462 -1 2446 2448 2447 -1 2447 2457 2455 -1 2455 2457 2456 -1 2455 2453 2459 -1 2459 2453 2458 -1 2388 2380 2381 -1 2381 2382 2441 -1 2441 2382 2433 -1 2441 2433 2432 -1 2430 2428 2493 -1 2493 2428 2323 -1 2493 2323 2322 -1 2498 2392 2528 -1 2528 2392 2527 -1 2528 2527 2526 -1 2490 2491 2321 -1 2321 2491 2494 -1 2321 2494 2524 -1 2524 2494 2495 -1 2524 2495 2523 -1 2523 2495 2497 -1 2523 2497 2522 -1 2522 2497 2499 -1 2522 2499 2521 -1 2395 2396 2394 -1 2394 2396 2315 -1 2394 2315 2316 -1 2316 2315 2525 -1 2316 2525 2320 -1 2320 2525 2319 -1 2500 2520 2317 -1 2317 2520 2501 -1 2317 2501 2318 -1 2502 2503 2526 -1 2322 2321 2493 -1 2493 2321 2524 -1 2493 2524 2430 -1 2430 2524 2523 -1 2430 2523 2423 -1 2423 2523 2522 -1 2423 2522 2332 -1 2332 2522 2521 -1 2332 2521 2331 -1 2507 2504 2506 -1 2506 2504 2413 -1 2506 2413 2411 -1 2411 2413 2414 -1 2411 2414 2412 -1 2412 2414 2416 -1 2412 2416 2418 -1 2502 2417 2419 -1 2502 2419 2503 -1 2513 2514 2509 -1 2507 2515 2505 -1 2507 2505 2504 -1 2396 2397 2315 -1 2315 2397 2314 -1 2315 2314 2525 -1 2525 2314 2318 -1 2525 2318 2319 -1 2319 2318 2501 -1 2408 2409 2406 -1 2400 2518 2399 -1 2399 2518 2519 -1 2399 2519 2405 -1 2405 2404 2410 -1 2410 2404 2403 -1 2409 2403 2407 -1 2409 2407 2406 -1 2397 2333 2314 -1 2314 2333 2334 -1 2314 2334 2318 -1 2318 2334 2335 -1 2318 2335 2317 -1 2317 2335 2399 -1 2317 2399 2500 -1 2500 2399 2405 -1 2393 2395 2392 -1 2392 2395 2394 -1 2392 2394 2527 -1 2527 2394 2316 -1 2526 2316 2320 -1 2526 2320 2502 -1 2502 2319 2418 -1 2418 2319 2501 -1 2418 2501 2412 -1 2412 2501 2520 -1 2411 2405 2506 -1 2506 2405 2410 -1 2506 2410 2507 -1 2507 2410 2508 -1 2393 2392 2383 -1 2383 2392 2498 -1 2383 2498 2385 -1 2385 2498 2496 -1 2385 2496 2387 -1 2387 2496 2492 -1 2387 2492 2380 -1 2428 2426 2323 -1 2491 2380 2492 -1 2491 2492 2494 -1 2494 2492 2496 -1 2494 2496 2495 -1 2495 2496 2498 -1 2495 2498 2497 -1 2497 2498 2528 -1 2497 2528 2499 -1 2499 2528 2526 -1 2499 2526 2521 -1 2521 2526 2503 -1 2521 2503 2331 -1 2331 2503 2419 -1 2331 2419 2421 -1 2421 2419 2422 -1 2379 2377 3134 -1 3134 2377 2375 -1 3134 2375 3150 -1 2423 2431 2429 -1 2423 2429 2430 -1 2430 2429 2427 -1 2430 2427 2428 -1 2428 2427 2437 -1 2428 2437 2426 -1 2426 2437 3151 -1 2426 3151 2433 -1 2433 3151 3152 -1 2433 3152 2432 -1 2432 3152 3153 -1 2432 3153 2442 -1 2442 3153 3154 -1 2442 3154 2377 -1 2377 3154 3133 -1 2377 3133 2375 -1 2375 3133 2450 -1 2375 2450 3150 -1 3150 2450 2447 -1 3150 2447 3155 -1 3155 2447 2455 -1 3155 2455 3156 -1 3156 2455 2459 -1 3156 2459 2539 -1 2539 2459 2463 -1 2539 2463 3148 -1 3148 2463 2461 -1 3148 2461 2466 -1 2726 2713 2715 -1 2590 2591 2593 -1 2600 2679 2699 -1 2515 2726 2516 -1 2727 2746 2747 -1 2728 2745 2746 -1 2730 2743 2744 -1 2723 2737 2690 -1 2690 2737 2738 -1 2690 2738 2692 -1 2692 2738 2739 -1 2692 2739 2694 -1 2694 2739 2740 -1 2694 2740 2696 -1 2696 2740 2741 -1 2696 2741 2697 -1 2697 2741 2742 -1 2697 2742 2698 -1 2698 2742 2743 -1 2550 2689 2736 -1 2736 2689 2688 -1 2736 2688 2723 -1 2723 2688 2687 -1 2723 2687 2737 -1 2684 2548 2685 -1 2685 2548 2682 -1 3157 2681 3158 -1 3158 2681 2674 -1 3158 2674 3159 -1 3159 2674 2673 -1 3159 2673 2677 -1 2677 2673 2678 -1 2678 2673 2670 -1 3160 3161 2666 -1 2666 3161 3162 -1 2666 3162 2553 -1 2553 3162 2669 -1 2553 2669 2672 -1 2659 3163 2656 -1 2656 3163 3164 -1 2656 3164 2666 -1 2666 3164 3165 -1 2666 3165 3160 -1 3166 3167 2649 -1 2649 3167 3168 -1 2649 3168 2555 -1 2555 3168 2655 -1 2555 2655 2556 -1 2556 2655 3169 -1 2556 3169 2754 -1 2754 3169 3170 -1 2754 3170 2661 -1 2661 3170 3171 -1 2661 3171 2656 -1 2656 3171 3172 -1 2656 3172 2659 -1 3173 3174 2647 -1 3173 2647 3175 -1 3175 2647 3166 -1 3175 3166 3176 -1 3173 3177 2639 -1 2639 3178 3173 -1 3173 3178 3179 -1 3173 3179 3174 -1 3177 3173 2643 -1 2643 3173 3180 -1 2643 3180 3181 -1 3181 3180 2563 -1 2563 3180 3182 -1 2563 3182 3183 -1 3183 3182 3184 -1 3183 3184 3185 -1 3186 2630 3187 -1 3187 2630 3188 -1 3187 3188 3189 -1 3189 3188 3185 -1 3189 3185 3190 -1 3190 3185 3184 -1 3191 3192 2608 -1 2608 2637 3191 -1 3191 2637 2636 -1 3191 2636 3186 -1 3186 2636 2632 -1 3186 2632 2630 -1 2365 2366 3193 -1 3193 2366 2605 -1 3193 2605 3194 -1 3194 2605 3195 -1 2605 2623 3195 -1 3195 2623 2622 -1 3195 2622 3196 -1 3196 2622 2620 -1 3196 2620 2617 -1 2617 2620 2618 -1 2617 2618 3197 -1 3197 2618 2616 -1 3197 2616 3198 -1 3198 2616 2614 -1 3198 2614 2611 -1 2611 2614 2612 -1 2611 2612 3192 -1 3192 2612 2610 -1 3192 2610 2608 -1 2598 3199 2674 -1 2674 3199 3200 -1 2674 3200 2673 -1 2673 3200 3201 -1 2673 3201 2670 -1 2670 3201 2567 -1 2732 2733 2699 -1 2699 2733 3202 -1 2699 3202 2600 -1 2595 2596 2735 -1 2589 2597 2596 -1 2590 2593 2592 -1 2592 2593 2547 -1 2592 2547 2594 -1 2594 2547 2718 -1 2594 2718 2717 -1 2717 2718 2586 -1 2717 2586 2587 -1 2585 2582 2584 -1 2584 2582 2580 -1 2584 2580 2581 -1 2581 2580 2578 -1 2581 2578 2579 -1 2716 2575 2577 -1 2575 2714 2712 -1 2575 2712 2574 -1 2746 2727 2728 -1 2728 2727 2722 -1 2728 2722 2721 -1 3157 2683 2681 -1 2680 2682 2548 -1 2680 2548 2549 -1 2549 2550 2732 -1 2549 2732 2680 -1 2680 2732 2699 -1 2680 2699 2681 -1 2681 2699 2679 -1 2674 2679 2600 -1 2674 2600 2598 -1 3176 3166 2751 -1 2751 3166 2649 -1 2751 2649 3203 -1 3203 2649 2555 -1 3203 2555 3204 -1 3204 2555 2556 -1 3204 2556 2750 -1 2576 2722 2715 -1 2715 2722 2727 -1 2715 2727 2726 -1 2726 2727 2747 -1 2726 2747 2516 -1 2577 2576 2716 -1 2574 2573 2514 -1 2574 2514 2513 -1 2745 2728 2729 -1 2729 2728 2721 -1 2729 2721 2720 -1 2720 2721 2583 -1 2720 2583 2586 -1 2577 2579 2576 -1 2576 2579 2578 -1 2576 2578 2722 -1 2722 2580 2721 -1 2721 2580 2582 -1 2721 2582 2583 -1 2583 2582 2585 -1 2583 2585 2586 -1 2586 2585 2588 -1 2586 2588 2587 -1 2596 2595 2589 -1 2589 2595 2731 -1 2589 2731 2724 -1 2724 2725 2589 -1 2589 2725 2591 -1 2589 2591 2597 -1 2597 2591 2590 -1 2725 2691 2591 -1 2591 2691 2693 -1 2591 2693 2593 -1 2593 2693 2695 -1 2593 2695 2547 -1 2547 2695 2546 -1 2547 2546 2718 -1 2718 2546 2545 -1 2718 2545 2586 -1 2586 2545 2719 -1 2586 2719 2720 -1 2720 2719 2730 -1 2720 2730 2729 -1 2729 2730 2744 -1 2729 2744 2745 -1 2743 2730 2698 -1 2698 2730 2719 -1 2698 2719 2697 -1 2697 2719 2545 -1 2697 2545 2696 -1 2696 2545 2546 -1 2696 2546 2694 -1 2694 2546 2695 -1 2694 2695 2692 -1 2692 2695 2693 -1 2692 2693 2690 -1 2690 2693 2691 -1 2690 2691 2723 -1 2723 2691 2725 -1 2723 2725 2736 -1 2736 2725 2724 -1 2736 2724 2550 -1 2550 2724 2731 -1 2550 2731 2732 -1 2732 2731 2595 -1 2732 2595 2733 -1 2733 2595 2735 -1 2733 2735 3202 -1 2750 2556 3205 -1 3205 2556 2754 -1 3205 2754 3206 -1 3206 2754 2661 -1 3206 2661 3207 -1 3207 2661 2656 -1 3207 2656 3208 -1 3208 2656 2666 -1 3208 2666 2567 -1 2567 2666 2553 -1 2567 2553 2670 -1 2670 2553 2672 -1 2670 2672 2671 -1 2763 3209 2764 -1 2600 2389 2598 -1 2598 2390 3199 -1 3199 2390 2489 -1 3199 2489 3200 -1 3200 2489 2440 -1 3200 2440 3201 -1 3201 2440 2379 -1 3201 2379 2567 -1 2567 2379 2378 -1 2756 2378 3210 -1 2756 3210 2757 -1 2757 3210 3211 -1 2757 3211 2765 -1 2765 3211 3212 -1 2765 3212 3209 -1 3209 3212 3213 -1 3209 3213 2764 -1 2600 3202 2407 -1 2407 3202 2735 -1 2763 2764 3214 -1 3214 2764 2785 -1 3214 2785 2780 -1 2780 2785 2784 -1 2780 2781 2773 -1 2773 2781 2779 -1 3134 3150 2829 -1 2815 2857 2858 -1 2864 2866 2861 -1 2861 2866 2860 -1 2803 2804 2842 -1 2796 2814 2809 -1 2778 2816 2856 -1 2779 2781 2817 -1 3212 2821 3213 -1 2195 2193 3144 -1 2873 2289 2290 -1 2874 2875 2288 -1 2288 2875 2287 -1 2869 2283 2870 -1 2870 2283 2284 -1 2870 2284 2871 -1 2871 2284 2285 -1 2871 2285 2834 -1 2834 2285 2286 -1 2834 2286 2835 -1 2840 2295 2839 -1 2839 2295 2296 -1 2833 2293 2840 -1 2840 2293 2294 -1 2840 2294 2295 -1 2831 3215 3216 -1 2823 3217 2832 -1 2832 3217 2281 -1 2832 2281 3218 -1 2304 2305 2830 -1 2830 2299 2823 -1 2823 2299 2298 -1 2823 2298 3217 -1 2829 2300 2301 -1 2829 2301 2303 -1 2312 2311 2829 -1 2827 2149 2828 -1 2828 2149 2150 -1 2825 2164 2826 -1 2826 2156 2827 -1 2827 2156 2158 -1 2824 2168 2825 -1 2825 2168 2161 -1 2825 2161 2164 -1 2180 2174 3146 -1 3146 2174 2173 -1 3146 2173 3147 -1 3147 2173 2171 -1 3147 2171 3148 -1 2242 2183 3146 -1 3146 2183 3219 -1 3146 3219 2180 -1 2193 3220 3144 -1 3144 3220 2188 -1 3144 2188 3146 -1 3146 2188 2184 -1 3146 2184 2242 -1 2195 3144 2194 -1 2194 3144 3143 -1 2194 3143 3221 -1 2349 2249 2251 -1 2349 2251 2347 -1 2347 2251 3222 -1 2347 3222 2345 -1 2345 3222 3223 -1 2345 3223 2343 -1 2343 3223 3224 -1 2343 3224 2341 -1 2341 3224 3221 -1 2341 3221 3141 -1 3141 3221 3143 -1 2365 2265 2367 -1 2367 2265 2266 -1 2367 2266 2369 -1 2266 2261 2369 -1 2369 2261 2267 -1 2369 2267 2371 -1 2371 2267 2270 -1 2371 2270 2358 -1 2358 2270 2271 -1 2358 2271 2360 -1 2360 2271 2272 -1 2360 2272 2362 -1 2362 2272 2274 -1 2362 2274 2353 -1 2353 2274 2258 -1 2353 2258 2355 -1 2355 2258 2247 -1 2355 2247 2352 -1 2352 2247 2246 -1 2352 2246 2351 -1 2351 2246 2245 -1 2351 2245 2249 -1 2822 3211 3210 -1 3212 3211 2821 -1 2821 3211 2837 -1 3213 2821 2764 -1 2764 2821 2820 -1 2764 2820 2785 -1 2785 2820 2819 -1 2785 2819 2784 -1 2784 2819 2818 -1 2784 2818 2783 -1 2817 2781 2818 -1 2818 2781 2782 -1 2818 2782 2783 -1 2778 2856 2775 -1 2775 2856 2857 -1 2775 2857 2774 -1 2815 2760 2857 -1 2857 2760 2761 -1 2857 2761 2774 -1 2796 2809 2795 -1 2795 2809 2808 -1 2795 2808 2794 -1 2793 2812 2792 -1 2792 2812 2811 -1 2792 2811 2789 -1 2789 2811 2882 -1 2789 2882 2788 -1 2877 2798 2799 -1 3210 2823 2822 -1 2831 2832 3218 -1 2831 3218 3215 -1 3211 2822 2837 -1 2837 2822 2831 -1 2837 2831 2838 -1 2838 2831 3216 -1 2838 3216 2833 -1 2833 3216 3225 -1 2833 3225 2293 -1 2805 2804 2847 -1 2847 2804 2803 -1 2847 2803 2885 -1 2842 2841 2803 -1 2803 2841 2848 -1 2803 2848 2885 -1 2885 2848 2850 -1 2885 2850 2884 -1 2884 2850 2852 -1 2884 2852 2843 -1 2843 2852 2854 -1 2862 2864 2865 -1 2865 2864 2861 -1 2865 2861 2867 -1 2867 2860 2868 -1 2879 2873 2872 -1 2872 2873 2290 -1 2872 2290 2109 -1 2286 2287 2876 -1 2876 2287 2875 -1 2876 2875 2863 -1 2883 2874 2881 -1 2109 2836 2872 -1 2849 2869 2851 -1 2851 2869 2870 -1 2851 2870 2853 -1 2853 2870 2871 -1 2853 2871 2855 -1 2855 2871 2834 -1 2855 2834 2868 -1 2868 2834 2835 -1 2868 2835 2867 -1 2867 2876 2865 -1 2865 2876 2863 -1 2865 2863 2862 -1 2862 2883 2813 -1 2879 2881 2873 -1 2873 2881 2874 -1 2873 2874 2289 -1 2289 2874 2288 -1 2793 2813 2812 -1 2812 2883 2811 -1 2811 2883 2881 -1 2788 2880 2878 -1 2788 2878 2799 -1 2799 2810 2877 -1 2793 2794 2813 -1 2813 2794 2808 -1 2813 2808 2862 -1 2862 2808 2809 -1 2862 2809 2864 -1 2864 2809 2814 -1 2864 2814 2866 -1 2866 2814 2859 -1 2866 2859 2860 -1 2860 2859 2846 -1 2860 2846 2868 -1 2868 2846 2854 -1 2868 2854 2855 -1 2855 2854 2852 -1 2855 2852 2853 -1 2853 2852 2850 -1 2853 2850 2851 -1 2851 2850 2848 -1 2851 2848 2849 -1 2849 2848 2841 -1 2858 2857 2845 -1 2845 2857 2856 -1 2845 2856 2844 -1 2844 2856 2816 -1 2844 2816 2817 -1 2817 2816 2778 -1 2817 2778 2779 -1 2796 2760 2814 -1 2814 2760 2815 -1 2814 2815 2859 -1 2859 2815 2858 -1 2859 2858 2846 -1 2846 2845 2854 -1 2854 2845 2844 -1 2854 2844 2843 -1 2843 2844 2817 -1 2843 2817 2884 -1 2884 2817 2818 -1 2884 2818 2885 -1 2885 2818 2819 -1 2885 2819 2847 -1 2847 2819 2820 -1 2842 2833 2841 -1 2841 2833 2840 -1 2841 2840 2849 -1 2849 2840 2839 -1 2849 2839 2869 -1 2869 2839 2296 -1 2869 2296 2283 -1 3210 2378 2823 -1 2823 2378 3134 -1 2823 3134 2830 -1 2830 3134 2829 -1 2830 2829 2304 -1 2304 2829 2303 -1 2312 2829 2828 -1 2828 2829 3150 -1 2828 3150 2827 -1 2827 3150 3155 -1 2827 3155 2826 -1 2826 3155 3156 -1 2826 3156 2825 -1 2825 3156 2539 -1 2825 2539 2824 -1 2824 2539 3148 -1 2824 3148 2807 -1 2807 3148 2171 -1 2216 3226 3176 -1 2113 2923 2921 -1 2931 2930 3227 -1 3227 3228 2931 -1 2931 3228 2135 -1 2931 2135 3229 -1 3230 3231 2930 -1 2930 3231 2076 -1 2930 2076 3227 -1 2929 2078 2930 -1 2930 2078 2081 -1 2930 2081 3230 -1 2927 2088 2928 -1 2088 2089 2928 -1 2928 2091 2929 -1 2929 2091 2092 -1 2105 2926 2104 -1 2104 2926 2902 -1 2115 2099 2924 -1 2924 2099 2100 -1 2113 2921 2107 -1 2107 2921 2949 -1 2107 2949 2106 -1 2106 2949 2920 -1 2106 2920 2112 -1 2112 2920 2919 -1 2112 2919 2111 -1 2111 2919 2916 -1 2111 2916 2110 -1 2110 2916 2836 -1 2110 2836 2109 -1 2798 2915 2797 -1 2800 2948 2790 -1 2790 2948 2911 -1 2790 2911 2791 -1 2791 2911 2910 -1 2791 2910 2762 -1 2909 2951 2777 -1 2777 2951 2776 -1 2908 2768 2951 -1 2951 2768 2769 -1 2951 2769 2776 -1 2957 2772 2786 -1 2952 2773 2770 -1 2780 2970 3214 -1 3214 2970 2969 -1 3214 2969 2900 -1 2929 2756 2928 -1 2928 2756 2757 -1 2928 2757 2927 -1 2927 2757 2765 -1 2927 2765 2901 -1 2901 2765 3209 -1 2901 3209 2900 -1 2900 3209 2763 -1 2900 2763 3214 -1 3195 2263 3194 -1 3194 2263 2264 -1 3194 2264 3193 -1 3193 2264 2265 -1 3193 2265 2365 -1 3198 2260 3197 -1 3197 2260 2273 -1 3197 2273 2617 -1 2617 2273 2268 -1 2617 2268 3196 -1 3196 2268 2269 -1 3196 2269 3195 -1 3195 2269 2262 -1 3195 2262 2263 -1 2255 2256 2611 -1 2611 2256 2257 -1 2611 2257 3198 -1 3198 2257 2259 -1 3198 2259 2260 -1 3184 3232 3190 -1 3190 3232 3233 -1 3190 3233 3189 -1 3189 3233 3234 -1 3189 3234 3187 -1 3187 3234 3235 -1 3187 3235 3186 -1 3186 3235 2278 -1 3186 2278 3191 -1 3191 2278 2255 -1 3191 2255 3192 -1 3192 2255 2611 -1 3236 3237 3173 -1 3237 3238 3173 -1 3173 3238 2203 -1 3173 2203 3180 -1 3180 2203 3239 -1 3180 3239 3182 -1 3182 3239 2200 -1 3182 2200 3184 -1 3184 2200 3240 -1 3184 3240 3232 -1 3241 2206 3173 -1 3173 2206 3242 -1 3173 3242 3236 -1 3241 3173 3226 -1 3226 3173 3175 -1 3226 3175 3176 -1 2932 3243 2934 -1 2934 3243 3244 -1 2934 3244 2933 -1 2933 3244 3245 -1 2933 3245 2216 -1 2226 3246 2932 -1 2932 3246 3247 -1 2932 3247 3243 -1 3229 3248 2931 -1 2931 3248 3249 -1 2931 3249 2895 -1 2895 3249 2226 -1 2894 2226 2932 -1 2113 2114 2923 -1 2923 2114 2922 -1 2923 2922 2962 -1 2906 2962 2961 -1 2961 2962 2922 -1 2961 2922 2924 -1 2924 2922 2114 -1 2924 2114 2115 -1 2960 2925 2959 -1 2959 2925 2964 -1 2959 2964 2958 -1 2958 2964 2965 -1 2939 2953 2940 -1 2940 2953 2967 -1 2940 2967 2102 -1 2102 2103 2940 -1 2939 2902 2926 -1 2939 2926 2968 -1 2970 2953 2938 -1 2938 2953 2939 -1 2938 2939 2969 -1 2969 2939 2968 -1 2969 2968 2900 -1 2900 2968 2899 -1 2901 2096 2927 -1 2927 2096 2097 -1 2216 3176 2933 -1 2933 3176 2751 -1 2933 2751 2934 -1 2934 2751 3203 -1 2934 3203 2932 -1 2787 2768 2907 -1 2907 2768 2908 -1 2907 2908 2963 -1 2963 2908 2951 -1 2963 2951 2950 -1 2950 2951 2909 -1 2950 2909 2937 -1 2937 2909 2936 -1 2777 2762 2909 -1 2909 2762 2910 -1 2909 2910 2936 -1 2936 2911 2918 -1 2918 2911 2948 -1 2912 2948 2800 -1 2913 2800 2797 -1 2913 2797 2914 -1 2914 2797 2915 -1 2966 2954 2955 -1 2955 2954 2952 -1 2955 2952 2905 -1 2905 2952 2770 -1 2905 2770 2956 -1 2956 2770 2771 -1 2956 2771 2772 -1 2957 2960 2956 -1 2956 2960 2959 -1 2956 2959 2905 -1 2905 2959 2958 -1 2905 2958 2955 -1 2955 2958 2965 -1 2955 2965 2966 -1 2915 2836 2916 -1 2917 2916 2919 -1 2917 2919 2918 -1 2918 2919 2920 -1 2918 2920 2936 -1 2936 2920 2949 -1 2936 2949 2937 -1 2937 2949 2921 -1 2937 2921 2950 -1 2950 2921 2923 -1 2950 2923 2963 -1 2963 2923 2962 -1 2963 2962 2907 -1 2907 2962 2906 -1 2907 2906 2787 -1 2780 2773 2970 -1 2970 2952 2953 -1 2953 2952 2954 -1 2953 2954 2967 -1 2967 2954 2966 -1 2102 2966 2965 -1 2102 2965 2101 -1 2101 2965 2964 -1 2101 2964 2100 -1 2100 2925 2924 -1 2924 2925 2960 -1 2924 2960 2961 -1 2961 2960 2957 -1 2961 2957 2906 -1 2906 2957 2786 -1 2906 2786 2787 -1 3203 3204 2932 -1 2932 3204 2750 -1 2932 2750 2894 -1 2894 2750 3205 -1 2894 3205 2895 -1 2895 3205 3206 -1 2895 3206 2931 -1 2931 3206 3207 -1 2931 3207 2930 -1 2930 3207 3208 -1 2930 3208 2929 -1 2929 3208 2567 -1 2929 2567 2756 -1 3250 3251 3252 -1 3253 3254 3255 -1 3255 3254 3256 -1 3255 3256 3257 -1 3250 3252 3258 -1 3259 3260 3261 -1 3261 3260 3262 -1 3261 3262 3263 -1 3263 3262 3258 -1 3263 3258 3264 -1 3265 3266 3259 -1 3259 3266 3267 -1 3259 3267 3260 -1 3259 3268 3265 -1 3265 3268 3269 -1 3265 3269 3270 -1 3270 3269 3271 -1 3270 3271 3272 -1 3272 3271 3273 -1 3272 3273 3274 -1 3274 3273 3275 -1 3274 3275 3276 -1 3276 3275 3277 -1 3276 3277 3278 -1 3278 3277 3279 -1 3278 3279 3280 -1 3280 3279 3281 -1 3282 3283 3284 -1 3284 3283 3285 -1 3284 3285 3286 -1 3287 3288 3289 -1 3289 3288 3290 -1 3289 3290 3282 -1 3282 3290 3291 -1 3282 3291 3283 -1 3292 3293 3294 -1 3294 3293 3295 -1 3294 3295 3287 -1 3287 3295 3296 -1 3287 3296 3288 -1 3294 3297 3292 -1 3292 3297 3298 -1 3292 3298 3299 -1 3299 3298 3300 -1 3299 3300 3301 -1 3300 3302 3301 -1 3301 3302 3303 -1 3301 3303 3304 -1 3304 3303 3305 -1 3306 3307 3308 -1 3308 3307 3309 -1 3308 3309 3310 -1 3310 3309 3311 -1 3310 3311 3312 -1 3312 3311 3313 -1 3312 3313 3314 -1 3314 3313 3305 -1 3314 3305 3315 -1 3315 3305 3303 -1 3316 3317 3318 -1 3318 3317 3319 -1 3318 3319 3320 -1 3320 3319 3321 -1 3320 3321 3306 -1 3306 3321 3322 -1 3306 3322 3307 -1 3316 3318 3323 -1 3323 3318 3324 -1 3323 3324 3325 -1 3325 3324 3326 -1 3326 3324 3327 -1 3326 3327 3328 -1 3328 3327 3329 -1 3328 3329 3330 -1 3330 3329 3331 -1 3330 3331 3332 -1 3332 3331 3333 -1 3333 3331 3334 -1 3333 3334 3335 -1 3335 3334 3336 -1 3336 3334 3337 -1 3336 3337 3338 -1 3339 3340 3341 -1 3341 3340 3342 -1 3342 3343 3341 -1 3341 3343 3344 -1 3341 3344 3345 -1 3258 3252 3264 -1 3264 3252 3346 -1 3264 3346 3341 -1 3339 3341 3347 -1 3347 3341 3346 -1 3347 3346 3348 -1 3348 3346 3252 -1 3348 3252 3255 -1 3255 3252 3251 -1 3255 3251 3253 -1 3345 3349 3341 -1 3341 3349 3350 -1 3341 3350 3264 -1 3264 3350 3351 -1 3264 3351 3263 -1 3263 3351 3352 -1 3263 3352 3261 -1 3352 3353 3261 -1 3261 3353 3354 -1 3261 3354 3259 -1 3259 3354 3355 -1 3259 3355 3268 -1 3268 3355 3356 -1 3268 3356 3269 -1 3285 3357 3286 -1 3286 3357 3358 -1 3286 3358 3359 -1 3359 3358 3281 -1 3359 3281 3360 -1 3360 3281 3279 -1 3360 3279 3361 -1 3361 3279 3277 -1 3361 3277 3362 -1 3362 3277 3275 -1 3362 3275 3363 -1 3363 3275 3273 -1 3363 3273 3364 -1 3364 3273 3271 -1 3364 3271 3365 -1 3365 3271 3269 -1 3365 3269 3366 -1 3366 3269 3356 -1 3367 3368 3369 -1 3370 3371 3372 -1 3371 3370 3373 -1 3374 3375 3372 -1 3372 3375 3376 -1 3372 3376 3370 -1 3372 3377 3374 -1 3374 3377 3378 -1 3374 3378 3379 -1 3379 3378 3380 -1 3379 3380 3381 -1 3380 3382 3381 -1 3381 3382 3383 -1 3381 3383 3384 -1 3384 3383 3367 -1 3367 3383 3385 -1 3367 3385 3368 -1 3386 3387 3369 -1 3369 3387 3388 -1 3369 3388 3367 -1 3339 3347 3389 -1 3389 3347 3348 -1 3389 3348 3255 -1 3369 3390 3386 -1 3386 3390 3391 -1 3386 3391 3392 -1 3392 3391 3389 -1 3392 3389 3393 -1 3393 3389 3255 -1 3393 3255 3394 -1 3394 3255 3257 -1 3395 3396 3397 -1 3397 3396 3398 -1 3397 3398 3399 -1 3400 3401 3402 -1 3402 3401 3403 -1 3402 3403 3404 -1 3404 3403 3405 -1 3404 3405 3395 -1 3395 3405 3406 -1 3395 3406 3396 -1 3407 3408 3400 -1 3400 3408 3409 -1 3400 3409 3401 -1 3407 3410 3408 -1 3408 3410 3411 -1 3408 3411 3412 -1 3412 3411 3413 -1 3412 3413 3414 -1 3414 3413 3415 -1 3414 3415 3416 -1 3416 3415 3417 -1 3416 3417 3418 -1 3418 3417 3419 -1 3418 3419 3420 -1 3421 3422 3423 -1 3423 3422 3336 -1 3423 3336 3338 -1 3424 3425 3421 -1 3421 3425 3426 -1 3421 3426 3422 -1 3427 3428 3424 -1 3424 3428 3429 -1 3424 3429 3425 -1 3430 3431 3427 -1 3427 3431 3432 -1 3427 3432 3428 -1 3420 3419 3433 -1 3433 3419 3434 -1 3433 3434 3435 -1 3435 3434 3436 -1 3435 3436 3437 -1 3437 3436 3438 -1 3437 3438 3439 -1 3439 3438 3440 -1 3439 3440 3430 -1 3430 3440 3441 -1 3430 3441 3431 -1 3442 3443 3444 -1 3444 3443 3445 -1 3444 3445 3446 -1 3446 3445 3447 -1 3446 3447 3448 -1 3448 3447 3449 -1 3448 3449 3450 -1 3450 3449 3399 -1 3450 3399 3451 -1 3451 3399 3398 -1 3442 3444 3452 -1 3452 3444 3453 -1 3452 3453 3454 -1 3454 3453 3455 -1 3455 3453 3456 -1 3455 3456 3457 -1 3457 3456 3458 -1 3457 3458 3459 -1 3370 3460 3373 -1 3373 3460 3459 -1 3373 3459 3461 -1 3461 3459 3458 -1 3462 3463 3352 -1 3352 3463 3353 -1 3464 3465 3462 -1 3466 3467 3286 -1 3468 3469 3297 -1 3297 3469 3298 -1 3470 3338 3337 -1 3471 3472 3470 -1 3471 3470 3473 -1 3473 3470 3337 -1 3473 3337 3334 -1 3334 3331 3473 -1 3473 3331 3329 -1 3473 3329 3474 -1 3329 3327 3474 -1 3474 3327 3324 -1 3474 3324 3475 -1 3475 3324 3318 -1 3475 3318 3476 -1 3476 3318 3320 -1 3476 3320 3477 -1 3477 3320 3306 -1 3477 3306 3478 -1 3478 3306 3308 -1 3478 3308 3479 -1 3479 3308 3480 -1 3480 3308 3310 -1 3480 3310 3481 -1 3482 3483 3312 -1 3312 3483 3484 -1 3312 3484 3310 -1 3310 3484 3485 -1 3310 3485 3481 -1 3486 3487 3314 -1 3314 3487 3488 -1 3314 3488 3312 -1 3312 3488 3489 -1 3312 3489 3482 -1 3490 3491 3492 -1 3492 3491 3493 -1 3492 3493 3486 -1 3494 3495 3492 -1 3492 3495 3496 -1 3492 3496 3490 -1 3300 3497 3302 -1 3302 3497 3498 -1 3298 3469 3300 -1 3300 3469 3499 -1 3300 3499 3497 -1 3468 3297 3500 -1 3500 3297 3294 -1 3500 3294 3501 -1 3289 3502 3287 -1 3287 3502 3503 -1 3287 3503 3504 -1 3504 3505 3287 -1 3287 3505 3506 -1 3287 3506 3294 -1 3294 3506 3507 -1 3294 3507 3501 -1 3282 3508 3509 -1 3282 3509 3289 -1 3289 3509 3510 -1 3289 3510 3511 -1 3511 3512 3289 -1 3289 3512 3513 -1 3289 3513 3502 -1 3514 3515 3284 -1 3284 3515 3516 -1 3284 3516 3282 -1 3282 3516 3517 -1 3282 3517 3508 -1 3286 3467 3284 -1 3284 3467 3518 -1 3284 3518 3514 -1 3286 3359 3519 -1 3466 3286 3520 -1 3520 3286 3519 -1 3520 3519 3521 -1 3522 3523 3524 -1 3524 3523 3525 -1 3524 3525 3526 -1 3527 3528 3524 -1 3524 3528 3529 -1 3524 3529 3522 -1 3530 3531 3527 -1 3527 3531 3532 -1 3527 3532 3528 -1 3533 3534 3535 -1 3535 3534 3536 -1 3535 3536 3527 -1 3527 3536 3537 -1 3527 3537 3530 -1 3538 3539 3535 -1 3535 3539 3540 -1 3535 3540 3541 -1 3541 3542 3535 -1 3535 3542 3543 -1 3535 3543 3533 -1 3535 3544 3538 -1 3538 3544 3545 -1 3538 3545 3546 -1 3546 3545 3547 -1 3546 3547 3548 -1 3548 3547 3549 -1 3548 3549 3550 -1 3550 3549 3551 -1 3550 3551 3552 -1 3552 3551 3553 -1 3552 3553 3554 -1 3554 3553 3555 -1 3554 3555 3556 -1 3462 3557 3463 -1 3463 3557 3558 -1 3463 3558 3559 -1 3560 3465 3561 -1 3561 3465 3562 -1 3560 3563 3465 -1 3465 3563 3564 -1 3465 3564 3462 -1 3462 3564 3565 -1 3462 3565 3557 -1 3562 3566 3567 -1 3567 3568 3562 -1 3562 3568 3569 -1 3562 3569 3561 -1 3340 3339 3570 -1 3570 3344 3340 -1 3340 3344 3343 -1 3340 3343 3342 -1 3354 3353 3555 -1 3555 3353 3463 -1 3555 3463 3556 -1 3556 3463 3559 -1 3352 3351 3462 -1 3462 3351 3350 -1 3462 3350 3464 -1 3464 3350 3349 -1 3464 3349 3570 -1 3570 3349 3345 -1 3570 3345 3344 -1 3354 3555 3355 -1 3355 3555 3553 -1 3355 3553 3356 -1 3356 3553 3551 -1 3356 3551 3366 -1 3366 3551 3549 -1 3366 3549 3365 -1 3314 3315 3486 -1 3486 3315 3303 -1 3486 3303 3492 -1 3492 3303 3302 -1 3492 3302 3494 -1 3494 3302 3498 -1 3494 3498 3495 -1 3571 3572 3573 -1 3573 3572 3574 -1 3570 3575 3464 -1 3464 3575 3571 -1 3464 3571 3465 -1 3465 3571 3573 -1 3465 3573 3562 -1 3562 3573 3574 -1 3365 3549 3364 -1 3364 3549 3547 -1 3364 3547 3363 -1 3363 3547 3545 -1 3363 3545 3362 -1 3362 3545 3544 -1 3362 3544 3361 -1 3361 3544 3535 -1 3361 3535 3360 -1 3360 3535 3527 -1 3360 3527 3359 -1 3359 3527 3524 -1 3359 3524 3519 -1 3519 3524 3526 -1 3519 3526 3521 -1 3576 3577 3578 -1 3578 3577 3579 -1 3578 3579 3580 -1 3581 3582 3583 -1 3583 3582 3584 -1 3585 3586 3587 -1 3587 3586 3588 -1 3587 3588 3582 -1 3582 3588 3589 -1 3582 3589 3584 -1 3590 3448 3591 -1 3591 3448 3450 -1 3591 3450 3592 -1 3592 3450 3451 -1 3592 3451 3398 -1 3593 3594 3562 -1 3562 3594 3595 -1 3562 3595 3566 -1 3596 3597 3574 -1 3574 3597 3598 -1 3574 3598 3599 -1 3600 3601 3602 -1 3600 3602 3603 -1 3602 3604 3603 -1 3603 3604 3605 -1 3603 3605 3606 -1 3606 3605 3607 -1 3606 3607 3608 -1 3608 3607 3609 -1 3576 3610 3577 -1 3577 3610 3611 -1 3577 3611 3612 -1 3612 3611 3613 -1 3612 3613 3614 -1 3614 3613 3615 -1 3614 3615 3616 -1 3616 3615 3617 -1 3616 3617 3618 -1 3618 3617 3609 -1 3618 3609 3619 -1 3619 3609 3607 -1 3620 3571 3575 -1 3575 3570 3620 -1 3620 3570 3602 -1 3620 3602 3574 -1 3574 3602 3601 -1 3574 3601 3596 -1 3570 3383 3602 -1 3602 3383 3382 -1 3602 3382 3604 -1 3604 3382 3380 -1 3604 3380 3605 -1 3605 3380 3378 -1 3605 3378 3607 -1 3607 3378 3377 -1 3607 3377 3619 -1 3619 3377 3372 -1 3619 3372 3618 -1 3444 3579 3453 -1 3453 3579 3577 -1 3453 3577 3456 -1 3456 3577 3612 -1 3456 3612 3458 -1 3458 3612 3614 -1 3458 3614 3461 -1 3461 3614 3616 -1 3461 3616 3373 -1 3373 3616 3618 -1 3373 3618 3371 -1 3371 3618 3372 -1 3570 3339 3389 -1 3389 3391 3570 -1 3570 3391 3390 -1 3570 3390 3369 -1 3369 3368 3570 -1 3570 3368 3385 -1 3570 3385 3383 -1 3590 3621 3448 -1 3448 3621 3585 -1 3448 3585 3446 -1 3446 3585 3587 -1 3446 3587 3444 -1 3444 3587 3582 -1 3444 3582 3579 -1 3579 3582 3581 -1 3579 3581 3580 -1 3571 3620 3572 -1 3572 3620 3574 -1 3574 3599 3562 -1 3562 3599 3622 -1 3562 3622 3593 -1 3623 3624 3625 -1 3624 3623 3626 -1 3626 3623 3627 -1 3626 3627 3628 -1 3628 3627 3629 -1 3628 3629 3630 -1 3630 3629 3631 -1 3630 3631 3632 -1 3632 3631 3633 -1 3632 3633 3634 -1 3634 3633 3470 -1 3634 3470 3472 -1 3435 3437 3635 -1 3635 3437 3439 -1 3635 3439 3625 -1 3625 3439 3430 -1 3625 3430 3623 -1 3623 3430 3427 -1 3623 3427 3627 -1 3627 3427 3424 -1 3627 3424 3629 -1 3629 3424 3421 -1 3629 3421 3631 -1 3631 3421 3423 -1 3631 3423 3633 -1 3633 3423 3338 -1 3633 3338 3470 -1 3636 3637 3638 -1 3636 3638 3639 -1 3639 3638 3640 -1 3639 3640 3641 -1 3641 3640 3642 -1 3641 3642 3643 -1 3643 3642 3644 -1 3643 3644 3645 -1 3645 3644 3646 -1 3645 3646 3647 -1 3647 3646 3648 -1 3647 3648 3649 -1 3649 3648 3650 -1 3649 3650 3651 -1 3651 3650 3652 -1 3651 3652 3653 -1 3653 3652 3654 -1 3653 3654 3655 -1 3656 3655 3657 -1 3657 3655 3654 -1 3658 3659 3660 -1 3658 3660 3661 -1 3661 3660 3662 -1 3661 3662 3663 -1 3663 3662 3664 -1 3663 3664 3665 -1 3665 3664 3666 -1 3665 3666 3667 -1 3667 3666 3668 -1 3667 3668 3669 -1 3669 3668 3670 -1 3669 3670 3671 -1 3671 3670 3672 -1 3671 3672 3673 -1 3673 3672 3674 -1 3673 3674 3675 -1 3675 3674 3656 -1 3675 3656 3657 -1 3676 3677 3678 -1 3678 3677 3679 -1 3680 3681 3658 -1 3658 3681 3682 -1 3682 3683 3658 -1 3658 3683 3684 -1 3658 3684 3685 -1 3686 3659 3687 -1 3687 3659 3658 -1 3687 3658 3688 -1 3688 3658 3685 -1 3689 3690 3691 -1 3692 3693 3694 -1 3695 3696 3697 -1 3698 3699 3700 -1 3701 3702 3703 -1 3704 3705 3706 -1 3707 3708 3709 -1 3710 3711 3712 -1 3713 3714 3715 -1 3716 3717 3718 -1 3719 3720 3721 -1 3722 3723 3724 -1 3725 3726 3727 -1 3726 3725 3728 -1 3729 3730 3731 -1 3731 3730 3732 -1 3733 3734 3735 -1 3734 3733 3736 -1 3737 3738 3739 -1 3740 3741 3742 -1 3691 3690 3743 -1 3744 3745 3746 -1 3746 3745 3747 -1 3746 3747 3748 -1 3749 3750 3751 -1 3752 3753 3754 -1 3754 3753 3755 -1 3754 3755 3756 -1 3756 3755 3757 -1 3756 3757 3758 -1 3759 3740 3760 -1 3761 3762 3763 -1 3763 3762 3764 -1 3763 3764 3765 -1 3766 3767 3768 -1 3768 3767 3769 -1 3768 3769 3770 -1 3770 3769 3771 -1 3770 3771 3772 -1 3773 3774 3775 -1 3775 3774 3776 -1 3775 3776 3777 -1 3777 3776 3778 -1 3779 3780 3781 -1 3781 3780 3782 -1 3781 3782 3783 -1 3783 3782 3784 -1 3783 3784 3785 -1 3786 3778 3785 -1 3785 3778 3776 -1 3785 3776 3783 -1 3783 3776 3774 -1 3783 3774 3781 -1 3781 3774 3773 -1 3781 3773 3779 -1 3787 3772 3788 -1 3788 3772 3771 -1 3788 3771 3786 -1 3786 3771 3769 -1 3786 3769 3778 -1 3778 3769 3767 -1 3778 3767 3777 -1 3777 3767 3789 -1 3777 3789 3775 -1 3775 3789 3750 -1 3775 3750 3773 -1 3773 3750 3749 -1 3773 3749 3779 -1 3782 3790 3784 -1 3784 3790 3791 -1 3784 3791 3785 -1 3785 3791 3792 -1 3785 3792 3786 -1 3786 3792 3793 -1 3786 3793 3788 -1 3788 3793 3794 -1 3788 3794 3787 -1 3787 3794 3795 -1 3796 3797 3798 -1 3798 3797 3799 -1 3800 3801 3802 -1 3802 3801 3803 -1 3802 3803 3804 -1 3805 3738 3806 -1 3807 3808 3800 -1 3800 3808 3809 -1 3800 3809 3801 -1 3806 3738 3810 -1 3810 3738 3737 -1 3810 3737 3811 -1 3807 3800 3812 -1 3812 3800 3802 -1 3812 3802 3736 -1 3736 3802 3804 -1 3736 3804 3734 -1 3813 3814 3815 -1 3815 3814 3816 -1 3815 3816 3817 -1 3818 3819 3820 -1 3821 3822 3823 -1 3823 3822 3813 -1 3823 3813 3824 -1 3824 3813 3815 -1 3824 3815 3799 -1 3799 3815 3817 -1 3799 3817 3798 -1 3733 3821 3736 -1 3736 3821 3823 -1 3736 3823 3812 -1 3812 3823 3824 -1 3812 3824 3807 -1 3807 3824 3799 -1 3807 3799 3808 -1 3808 3799 3797 -1 3808 3797 3809 -1 3825 3826 3827 -1 3827 3826 3828 -1 3827 3828 3829 -1 3818 3820 3830 -1 3830 3820 3831 -1 3830 3831 3832 -1 3832 3831 3833 -1 3832 3833 3834 -1 3834 3825 3832 -1 3832 3825 3827 -1 3832 3827 3830 -1 3830 3827 3829 -1 3830 3829 3818 -1 3803 3805 3804 -1 3804 3805 3806 -1 3804 3806 3734 -1 3734 3806 3810 -1 3734 3810 3735 -1 3735 3810 3811 -1 3735 3811 3835 -1 3836 3837 3838 -1 3838 3837 3839 -1 3840 3841 3842 -1 3842 3841 3843 -1 3837 3844 3839 -1 3839 3844 3845 -1 3839 3845 3846 -1 3846 3845 3847 -1 3846 3847 3848 -1 3848 3847 3849 -1 3843 3850 3849 -1 3849 3850 3851 -1 3849 3851 3848 -1 3840 3842 3852 -1 3852 3842 3853 -1 3852 3853 3854 -1 3854 3853 3855 -1 3854 3855 3856 -1 3856 3855 3857 -1 3856 3857 3833 -1 3833 3857 3858 -1 3833 3858 3834 -1 3834 3858 3859 -1 3834 3859 3825 -1 3843 3849 3842 -1 3842 3849 3847 -1 3842 3847 3853 -1 3853 3847 3845 -1 3853 3845 3855 -1 3855 3845 3844 -1 3855 3844 3857 -1 3857 3844 3837 -1 3857 3837 3858 -1 3858 3837 3836 -1 3858 3836 3859 -1 3860 3861 3862 -1 3862 3861 3863 -1 3862 3863 3864 -1 3864 3863 3865 -1 3864 3865 3866 -1 3866 3865 3867 -1 3867 3865 3868 -1 3867 3868 3869 -1 3870 3871 3872 -1 3873 3870 3874 -1 3874 3870 3872 -1 3874 3872 3875 -1 3876 3877 3878 -1 3878 3877 3871 -1 3878 3871 3879 -1 3879 3871 3870 -1 3879 3870 3880 -1 3880 3870 3873 -1 3880 3873 3881 -1 3877 3882 3871 -1 3871 3882 3883 -1 3871 3883 3872 -1 3872 3883 3884 -1 3872 3884 3875 -1 3875 3884 3885 -1 3875 3885 3886 -1 3841 3881 3843 -1 3843 3881 3873 -1 3843 3873 3850 -1 3850 3873 3874 -1 3850 3874 3851 -1 3851 3874 3875 -1 3851 3875 3848 -1 3848 3875 3886 -1 3848 3886 3846 -1 3846 3886 3887 -1 3846 3887 3839 -1 3839 3887 3888 -1 3839 3888 3838 -1 3889 3732 3890 -1 3890 3732 3730 -1 3890 3730 3891 -1 3891 3730 3729 -1 3891 3729 3892 -1 3893 3894 3895 -1 3717 3716 3896 -1 3897 3898 3899 -1 3899 3898 3900 -1 3899 3900 3901 -1 3901 3900 3902 -1 3901 3902 3903 -1 3903 3902 3904 -1 3903 3904 3905 -1 3905 3904 3896 -1 3905 3896 3893 -1 3893 3896 3716 -1 3893 3716 3894 -1 3745 3906 3747 -1 3747 3906 3907 -1 3747 3907 3748 -1 3748 3907 3908 -1 3748 3908 3739 -1 3739 3908 3909 -1 3739 3909 3737 -1 3737 3909 3910 -1 3737 3910 3811 -1 3811 3910 3911 -1 3811 3911 3835 -1 3835 3911 3912 -1 3835 3912 3913 -1 3913 3912 3914 -1 3913 3914 3915 -1 3915 3914 3916 -1 3915 3916 3917 -1 3917 3916 3918 -1 3917 3918 3919 -1 3919 3918 3920 -1 3919 3920 3921 -1 3921 3920 3922 -1 3921 3922 3923 -1 3923 3922 3924 -1 3923 3924 3925 -1 3925 3924 3926 -1 3925 3926 3927 -1 3928 3727 3929 -1 3929 3727 3726 -1 3929 3726 3930 -1 3930 3726 3728 -1 3930 3728 3931 -1 3932 3933 3725 -1 3725 3933 3934 -1 3935 3936 3937 -1 3937 3936 3938 -1 3937 3938 3939 -1 3940 3939 3941 -1 3941 3939 3938 -1 3941 3938 3942 -1 3943 3944 3945 -1 3945 3944 3946 -1 3931 3947 3930 -1 3930 3947 3948 -1 3930 3948 3929 -1 3929 3948 3949 -1 3929 3949 3928 -1 3928 3949 3724 -1 3928 3724 3950 -1 3950 3724 3723 -1 3950 3723 3951 -1 3943 3952 3944 -1 3944 3952 3953 -1 3944 3953 3954 -1 3954 3953 3955 -1 3954 3955 3956 -1 3956 3955 3957 -1 3947 3935 3948 -1 3948 3935 3937 -1 3948 3937 3949 -1 3949 3937 3939 -1 3949 3939 3724 -1 3724 3939 3940 -1 3724 3940 3722 -1 3952 3958 3953 -1 3953 3958 3959 -1 3953 3959 3955 -1 3955 3959 3960 -1 3955 3960 3957 -1 3957 3960 3961 -1 3957 3961 3932 -1 3931 3897 3947 -1 3947 3897 3899 -1 3947 3899 3935 -1 3935 3899 3901 -1 3935 3901 3936 -1 3936 3901 3903 -1 3936 3903 3938 -1 3938 3903 3905 -1 3938 3905 3942 -1 3942 3905 3893 -1 3942 3893 3962 -1 3962 3893 3895 -1 3963 3964 3965 -1 3965 3964 3966 -1 3965 3966 3967 -1 3898 3968 3889 -1 3889 3968 3868 -1 3889 3868 3732 -1 3732 3868 3865 -1 3732 3865 3731 -1 3731 3865 3863 -1 3731 3863 3729 -1 3729 3863 3861 -1 3729 3861 3892 -1 3892 3861 3860 -1 3892 3860 3969 -1 3969 3860 3970 -1 3969 3970 3971 -1 3721 3972 3973 -1 3973 3972 3974 -1 3898 3889 3900 -1 3900 3889 3890 -1 3900 3890 3902 -1 3902 3890 3891 -1 3902 3891 3904 -1 3904 3891 3892 -1 3904 3892 3896 -1 3896 3892 3969 -1 3896 3969 3717 -1 3717 3969 3971 -1 3717 3971 3718 -1 3975 3976 3977 -1 3977 3976 3978 -1 3977 3978 3979 -1 3979 3978 3980 -1 3975 3981 3976 -1 3976 3981 3982 -1 3976 3982 3978 -1 3978 3982 3983 -1 3978 3983 3980 -1 3980 3983 3984 -1 3985 3986 3987 -1 3987 3986 3988 -1 3989 3984 3990 -1 3990 3984 3983 -1 3990 3983 3991 -1 3991 3983 3982 -1 3991 3982 3992 -1 3992 3982 3981 -1 3992 3981 3713 -1 3713 3981 3993 -1 3713 3993 3714 -1 3720 3994 3995 -1 3995 3994 3996 -1 3995 3996 3997 -1 3997 3996 3998 -1 3997 3998 3999 -1 3999 3998 4000 -1 3999 4000 4001 -1 4001 4000 4002 -1 4003 3988 4004 -1 4004 3988 3986 -1 4004 3986 4005 -1 4005 3986 3985 -1 4005 3985 4006 -1 4006 3985 4007 -1 4006 4007 4008 -1 4008 4007 4009 -1 4008 4009 4010 -1 3711 3710 4011 -1 4011 3710 4012 -1 4011 4012 4013 -1 4013 4012 4014 -1 4013 4014 4015 -1 3707 3709 4016 -1 4016 3709 4017 -1 4016 4017 4018 -1 3712 3708 3710 -1 3710 3708 3707 -1 3710 3707 4012 -1 4012 3707 4016 -1 4012 4016 4014 -1 4014 4016 4018 -1 4014 4018 4015 -1 4015 4018 4019 -1 3703 3702 4020 -1 4020 3702 4021 -1 4020 4021 4022 -1 4022 4021 4023 -1 4022 4023 3705 -1 4024 4025 4026 -1 4026 4025 4027 -1 4028 4029 4030 -1 4030 4029 4031 -1 4030 4031 4032 -1 4032 4031 4033 -1 4032 4033 4034 -1 4034 4033 4035 -1 4034 4035 4036 -1 4036 4035 4037 -1 4038 3698 4039 -1 4040 4027 4019 -1 4019 4027 4025 -1 4019 4025 4015 -1 4015 4025 4024 -1 4015 4024 4013 -1 4013 4024 3704 -1 4013 3704 4011 -1 4011 3704 3706 -1 4011 3706 3711 -1 4041 4042 3715 -1 3715 4042 4043 -1 3715 4043 3713 -1 3713 4043 4044 -1 3713 4044 3992 -1 3992 4044 3987 -1 3992 3987 3991 -1 3991 3987 3988 -1 3991 3988 3990 -1 3990 3988 4003 -1 3990 4003 3989 -1 3720 3719 3994 -1 3994 3719 4045 -1 3994 4045 4046 -1 4046 4045 4047 -1 4046 4047 4048 -1 3721 3973 3719 -1 3719 3973 4049 -1 3719 4049 4045 -1 4045 4049 4050 -1 4045 4050 4047 -1 4047 4050 4051 -1 4047 4051 4048 -1 4048 4051 4052 -1 4048 4052 4053 -1 3703 4054 3701 -1 3701 4054 4055 -1 3701 4055 4056 -1 4056 4055 4057 -1 4058 4057 4059 -1 4059 4057 4055 -1 4059 4055 4060 -1 4060 4055 4054 -1 4038 4039 4061 -1 4061 4039 4062 -1 4061 4062 4063 -1 4063 4062 4064 -1 4063 4064 4065 -1 3698 3700 4039 -1 4039 3700 4066 -1 4039 4066 4062 -1 4062 4066 4067 -1 4062 4067 4064 -1 4017 4068 4018 -1 4018 4068 4069 -1 4018 4069 4019 -1 4019 4069 4070 -1 4019 4070 4040 -1 4040 4070 4071 -1 4040 4071 4072 -1 4072 4071 4073 -1 4072 4073 4074 -1 4038 4026 3698 -1 3698 4026 4027 -1 3698 4027 3699 -1 3699 4027 4040 -1 3699 4040 3700 -1 3700 4040 4072 -1 3700 4072 4066 -1 4066 4072 4074 -1 4066 4074 4067 -1 3705 3704 4022 -1 4022 3704 4024 -1 4022 4024 4020 -1 4020 4024 4026 -1 4020 4026 3703 -1 3703 4026 4038 -1 3703 4038 4054 -1 4054 4038 4061 -1 4054 4061 4060 -1 4060 4061 4063 -1 4060 4063 4059 -1 4059 4063 4065 -1 4059 4065 4058 -1 4068 4075 4069 -1 4069 4075 4076 -1 4069 4076 4070 -1 4070 4076 4077 -1 4070 4077 4071 -1 4071 4077 4078 -1 4071 4078 4073 -1 4073 4078 4079 -1 4073 4079 4074 -1 4074 4079 4080 -1 4074 4080 4067 -1 4067 4080 4081 -1 4067 4081 4064 -1 4064 4081 4082 -1 4064 4082 4065 -1 4065 4082 4083 -1 4065 4083 4058 -1 4084 4085 4086 -1 4086 4085 4087 -1 4086 4087 4088 -1 4088 4087 4089 -1 4088 4089 4090 -1 4090 4089 4091 -1 4090 4091 4092 -1 4092 4091 4037 -1 4092 4037 4093 -1 4093 4037 4035 -1 4093 4035 4094 -1 4094 4035 4033 -1 4094 4033 4095 -1 4095 4033 4031 -1 4095 4031 4096 -1 4096 4031 4029 -1 4096 4029 4097 -1 4097 4029 4028 -1 4097 4028 4098 -1 4098 4028 4099 -1 4098 4099 4100 -1 4100 4099 4101 -1 4100 4101 4010 -1 4102 4103 4085 -1 4085 4103 4104 -1 4085 4104 4087 -1 4087 4104 4105 -1 4087 4105 4089 -1 4089 4105 4106 -1 4089 4106 4091 -1 4091 4106 4107 -1 4091 4107 4037 -1 4037 4107 4108 -1 4037 4108 4036 -1 4109 4110 4111 -1 4111 4110 4112 -1 4111 4112 4113 -1 3706 4009 3711 -1 3711 4009 4007 -1 3711 4007 3712 -1 3712 4007 3985 -1 3712 3985 3708 -1 3708 3985 3987 -1 3708 3987 3709 -1 3709 3987 4044 -1 3709 4044 4017 -1 4017 4044 4043 -1 4017 4043 4068 -1 4068 4043 4042 -1 4068 4042 4075 -1 4075 4042 4041 -1 4075 4041 4076 -1 4076 4041 4114 -1 4076 4114 4077 -1 4077 4114 4115 -1 4077 4115 4078 -1 4078 4115 4116 -1 4078 4116 4079 -1 4079 4116 3696 -1 4079 3696 4080 -1 4080 3696 3695 -1 4080 3695 4081 -1 4094 4117 4093 -1 4093 4117 4118 -1 4093 4118 4092 -1 4092 4118 4119 -1 4092 4119 4090 -1 4090 4119 4120 -1 4090 4120 4088 -1 4088 4120 4121 -1 4088 4121 4086 -1 4086 4121 4122 -1 4086 4122 4084 -1 4117 4113 4118 -1 4118 4113 4112 -1 4118 4112 4119 -1 4119 4112 4110 -1 4119 4110 4120 -1 4120 4110 4123 -1 4120 4123 4121 -1 4121 4123 4124 -1 4121 4124 4122 -1 4102 4125 4126 -1 4126 4125 3757 -1 4126 3757 4127 -1 4127 3757 3755 -1 4127 3755 4128 -1 4128 3755 3753 -1 3766 3752 3767 -1 3767 3752 3754 -1 3767 3754 3789 -1 3789 3754 3756 -1 3789 3756 3750 -1 3750 3756 3758 -1 3750 3758 3751 -1 3751 3758 4129 -1 3751 4129 4130 -1 4130 4129 4131 -1 4109 4132 4133 -1 4133 4132 4134 -1 4133 4134 4135 -1 4135 4134 4136 -1 4135 4136 4137 -1 4137 4136 4138 -1 4137 4138 4139 -1 4139 4138 4140 -1 4139 4140 4141 -1 4142 4143 4144 -1 4144 4143 4145 -1 4144 4145 3744 -1 3744 4145 4146 -1 3744 4146 3745 -1 3745 4146 4147 -1 3745 4147 3906 -1 3906 4147 4148 -1 3906 4148 3907 -1 3907 4148 4149 -1 3907 4149 3908 -1 3908 4149 4150 -1 3908 4150 3909 -1 3909 4150 4151 -1 3909 4151 3910 -1 3910 4151 4152 -1 3910 4152 3911 -1 3911 4152 3869 -1 3911 3869 3912 -1 3912 3869 3868 -1 3912 3868 3914 -1 3914 3868 3968 -1 3914 3968 3916 -1 3916 3968 3898 -1 3916 3898 3918 -1 3918 3898 3897 -1 3918 3897 3920 -1 3920 3897 3931 -1 3920 3931 3922 -1 3922 3931 3728 -1 3922 3728 3924 -1 3924 3728 3725 -1 3924 3725 3926 -1 3926 3725 3934 -1 3926 3934 3927 -1 4131 4142 4130 -1 4130 4142 4144 -1 4130 4144 3751 -1 3751 4144 3744 -1 3751 3744 3749 -1 3749 3744 3746 -1 3749 3746 3779 -1 3779 3746 3748 -1 3779 3748 3780 -1 3780 3748 3739 -1 3780 3739 3782 -1 3782 3739 3738 -1 3782 3738 3790 -1 3790 3738 3805 -1 3790 3805 3791 -1 3791 3805 3803 -1 3791 3803 3792 -1 3792 3803 3801 -1 3792 3801 3793 -1 3793 3801 3809 -1 3793 3809 3794 -1 3794 3809 3797 -1 3794 3797 3795 -1 3795 3797 3796 -1 4153 3697 4154 -1 4154 3697 3696 -1 4154 3696 4155 -1 4155 3696 4116 -1 4155 4116 4156 -1 4156 4116 4115 -1 4156 4115 4157 -1 4157 4115 4114 -1 4157 4114 4053 -1 4053 4114 4041 -1 4053 4041 4048 -1 4048 4041 3715 -1 4048 3715 4046 -1 4046 3715 3714 -1 4046 3714 3994 -1 3994 3714 3993 -1 3994 3993 3996 -1 3996 3993 3981 -1 3996 3981 3998 -1 3998 3981 3975 -1 3998 3975 4000 -1 4000 3975 3977 -1 4000 3977 4002 -1 4010 4009 4100 -1 4100 4009 3706 -1 4100 3706 4098 -1 4098 3706 3705 -1 4098 3705 4097 -1 4097 3705 4023 -1 4097 4023 4096 -1 4096 4023 4021 -1 4096 4021 4095 -1 4095 4021 3702 -1 4095 3702 4094 -1 4094 3702 3701 -1 4094 3701 4117 -1 4117 3701 4056 -1 4117 4056 4113 -1 4113 4056 4057 -1 4113 4057 4111 -1 4111 4057 4058 -1 4111 4058 4109 -1 4109 4058 4083 -1 4109 4083 4132 -1 4132 4083 4082 -1 4132 4082 4134 -1 4134 4082 4081 -1 4134 4081 4136 -1 4136 4081 3695 -1 4136 3695 4138 -1 4138 3695 3697 -1 4138 3697 4140 -1 4140 3697 4153 -1 4140 4153 4141 -1 3761 4158 4159 -1 4159 4158 4160 -1 4159 4160 4161 -1 4161 4160 4162 -1 4161 4162 4163 -1 4163 4162 4164 -1 4163 4164 4165 -1 4165 4164 4166 -1 4165 4166 4167 -1 3761 3763 4158 -1 4158 3763 3765 -1 4158 3765 4160 -1 4160 3765 4168 -1 4160 4168 4162 -1 4162 4168 4169 -1 4162 4169 4164 -1 4170 3693 4171 -1 4171 3693 3692 -1 4171 3692 4172 -1 3740 3742 3760 -1 3760 3742 4172 -1 3760 4172 4173 -1 4173 4172 3692 -1 4173 3692 4174 -1 4174 3692 3694 -1 4174 3694 4175 -1 4176 4175 4177 -1 4177 4175 3694 -1 4177 3694 4167 -1 4167 3694 3693 -1 4167 3693 4165 -1 4165 3693 4170 -1 4165 4170 4163 -1 4163 4170 4171 -1 4163 4171 4161 -1 4161 4171 4172 -1 4161 4172 4159 -1 4159 4172 3742 -1 4159 3742 3761 -1 3761 3742 3741 -1 3761 3741 3762 -1 4178 3743 4179 -1 4179 3743 3690 -1 4179 3690 4180 -1 4180 3690 3689 -1 4180 3689 4181 -1 4182 3963 4183 -1 4183 3963 3965 -1 4183 3965 4184 -1 4184 3965 3967 -1 4184 3967 4185 -1 4185 3967 4186 -1 4185 4186 4181 -1 4181 4186 4187 -1 4181 4187 4180 -1 4188 4182 4189 -1 4189 4182 4183 -1 4189 4183 4190 -1 4190 4183 4184 -1 4190 4184 4191 -1 4191 4184 4185 -1 4191 4185 4176 -1 4176 4185 4181 -1 4176 4181 4175 -1 4175 4181 3689 -1 4175 3689 4174 -1 4174 3689 3691 -1 4174 3691 4173 -1 4173 3691 3743 -1 4173 3743 3760 -1 3760 3743 4178 -1 3760 4178 3759 -1 3974 4188 3973 -1 3973 4188 4189 -1 3973 4189 4049 -1 4049 4189 4190 -1 4049 4190 4050 -1 4050 4190 4191 -1 4050 4191 4051 -1 4051 4191 4176 -1 4051 4176 4052 -1 4052 4176 4177 -1 4052 4177 4053 -1 4053 4177 4167 -1 4053 4167 4157 -1 4157 4167 4166 -1 4157 4166 4156 -1 4156 4166 4164 -1 4156 4164 4155 -1 4155 4164 4169 -1 4155 4169 4154 -1 4154 4169 4168 -1 4154 4168 4153 -1 4153 4168 3765 -1 4153 3765 4141 -1 4141 3765 3764 -1 3932 3725 3957 -1 3957 3725 3727 -1 3957 3727 3956 -1 3956 3727 3928 -1 3956 3928 3954 -1 3954 3928 3950 -1 3954 3950 3944 -1 3944 3950 3951 -1 3944 3951 3946 -1 3946 3951 4192 -1 3946 4192 3945 -1 3927 3876 3925 -1 3925 3876 3878 -1 3925 3878 3923 -1 3923 3878 3879 -1 3923 3879 3921 -1 3921 3879 3880 -1 3921 3880 3919 -1 3919 3880 3881 -1 3919 3881 3917 -1 3917 3881 3841 -1 3917 3841 3915 -1 3915 3841 3840 -1 3915 3840 3913 -1 3913 3840 3852 -1 3913 3852 3835 -1 3835 3852 3854 -1 3835 3854 3735 -1 3735 3854 3856 -1 3735 3856 3733 -1 3733 3856 3833 -1 3733 3833 3821 -1 3821 3833 3831 -1 3821 3831 3822 -1 3822 3831 3820 -1 3822 3820 3813 -1 3813 3820 3819 -1 3813 3819 3814 -1 3964 4193 3966 -1 3966 4193 4194 -1 3966 4194 4195 -1 4195 4194 4196 -1 4102 4085 4125 -1 4125 4085 4084 -1 4125 4084 3757 -1 3757 4084 4122 -1 3757 4122 3758 -1 3758 4122 4124 -1 3758 4124 4129 -1 4129 4124 4123 -1 4129 4123 4131 -1 4131 4123 4110 -1 4131 4110 4142 -1 4142 4110 4109 -1 4142 4109 4143 -1 4143 4109 4133 -1 4143 4133 4145 -1 4145 4133 4135 -1 4145 4135 4146 -1 4146 4135 4137 -1 4146 4137 4147 -1 4147 4137 4139 -1 4147 4139 4148 -1 4148 4139 4141 -1 4148 4141 4149 -1 4149 4141 3764 -1 4149 3764 4150 -1 4150 3764 3762 -1 4150 3762 4151 -1 4151 3762 3741 -1 4151 3741 4152 -1 4152 3741 3740 -1 4152 3740 3869 -1 3869 3740 3759 -1 3869 3759 3867 -1 3867 3759 4178 -1 3867 4178 3866 -1 3866 4178 4179 -1 3866 4179 3864 -1 3864 4179 4180 -1 3864 4180 3862 -1 3862 4180 4187 -1 3862 4187 3860 -1 3860 4187 4186 -1 3860 4186 3970 -1 3970 4186 3967 -1 3970 3967 3971 -1 3971 3967 3966 -1 3971 3966 3718 -1 3718 3966 4195 -1 3718 4195 3716 -1 3716 4195 4196 -1 3716 4196 3894 -1 4197 4198 4199 -1 4200 4201 4202 -1 4203 4204 4205 -1 4206 4207 4208 -1 4209 4210 4211 -1 4212 4213 4214 -1 4215 4216 4217 -1 4218 4219 4220 -1 4221 4222 4223 -1 1609 1650 4224 -1 1628 1626 4225 -1 1649 4226 1643 -1 4226 4227 1643 -1 1643 4227 4228 -1 1643 4228 1645 -1 1641 1640 4228 -1 4228 1640 1646 -1 4228 1646 1645 -1 1636 1638 4229 -1 4229 1638 1641 -1 1592 1591 4230 -1 4230 1591 1633 -1 4230 1633 1635 -1 1625 1630 4231 -1 1628 4225 1629 -1 1616 1615 4232 -1 4232 1615 1622 -1 4232 1622 1624 -1 1595 1594 4233 -1 4233 1594 1621 -1 4233 1621 1620 -1 1650 1614 4224 -1 4224 1614 1613 -1 4224 1613 4234 -1 1610 4222 1611 -1 1611 4222 3110 -1 1603 3112 4221 -1 4221 3112 3111 -1 4221 3111 4222 -1 4222 3111 1607 -1 4222 1607 3110 -1 1596 1597 4235 -1 4235 1597 4236 -1 4223 4218 4221 -1 4221 4218 4220 -1 4221 4220 1603 -1 1603 4220 4237 -1 1603 4237 1601 -1 1601 4237 1599 -1 4238 4239 4240 -1 4241 4242 4243 -1 4243 4242 4244 -1 4243 4244 4245 -1 4245 4244 4246 -1 4245 4246 4247 -1 4247 4246 4248 -1 4247 4248 4249 -1 4242 4250 4244 -1 4244 4250 4251 -1 4244 4251 4246 -1 4246 4251 4252 -1 4246 4252 4248 -1 4250 4239 4251 -1 4251 4239 4238 -1 4251 4238 4252 -1 4252 4238 4219 -1 4252 4219 4248 -1 4248 4219 4218 -1 4248 4218 4249 -1 4249 4218 4223 -1 1597 1599 4236 -1 4236 1599 4237 -1 4236 4237 4253 -1 4253 4237 4220 -1 4253 4220 4254 -1 4254 4220 4219 -1 4254 4219 4255 -1 4255 4219 4238 -1 4255 4238 4256 -1 4256 4238 4240 -1 1613 1595 4234 -1 4234 1595 4233 -1 4234 4233 4257 -1 4257 4233 4258 -1 4257 4258 4259 -1 4259 4258 4260 -1 4259 4260 4261 -1 4261 4260 4262 -1 4261 4262 4263 -1 4263 4262 4264 -1 4263 4264 4265 -1 4265 4264 4266 -1 4265 4266 4267 -1 4267 4266 4268 -1 4267 4268 4269 -1 4269 4268 4270 -1 4269 4270 4271 -1 4272 4273 4274 -1 4212 4214 4275 -1 4276 4275 4277 -1 4277 4275 4214 -1 4277 4214 4278 -1 4278 4214 4279 -1 4273 4272 4280 -1 4281 4276 4282 -1 4282 4276 4277 -1 4282 4277 4272 -1 4272 4277 4278 -1 4272 4278 4280 -1 4280 4278 4279 -1 4280 4279 4283 -1 1610 1609 4222 -1 4222 1609 4224 -1 4222 4224 4223 -1 4223 4224 4234 -1 4223 4234 4249 -1 4249 4234 4257 -1 4249 4257 4247 -1 4247 4257 4259 -1 4247 4259 4245 -1 4245 4259 4261 -1 4245 4261 4243 -1 4243 4261 4263 -1 4243 4263 4241 -1 4241 4263 4265 -1 4241 4265 4284 -1 4284 4265 4267 -1 4284 4267 4285 -1 4285 4267 4269 -1 4285 4269 4286 -1 4286 4269 4271 -1 4286 4271 4211 -1 4211 4210 4286 -1 4286 4210 4287 -1 4286 4287 4285 -1 4285 4287 4288 -1 4285 4288 4284 -1 4284 4288 4289 -1 4284 4289 4241 -1 4241 4289 4290 -1 4241 4290 4242 -1 4242 4290 4291 -1 4242 4291 4250 -1 4250 4291 4292 -1 4250 4292 4239 -1 4239 4292 4293 -1 4239 4293 4240 -1 4209 4294 4210 -1 4210 4294 4295 -1 4210 4295 4287 -1 4287 4295 4296 -1 4287 4296 4288 -1 4288 4296 4297 -1 4288 4297 4289 -1 4289 4297 4298 -1 4289 4298 4290 -1 4290 4298 4299 -1 4290 4299 4291 -1 4291 4299 4215 -1 4291 4215 4292 -1 4292 4215 4217 -1 4292 4217 4293 -1 4300 4301 4302 -1 4302 4301 4303 -1 4304 4305 4302 -1 4302 4305 4306 -1 4302 4306 4300 -1 4300 4306 4307 -1 4304 4302 4308 -1 4308 4302 4303 -1 4308 4303 4309 -1 4310 4311 4312 -1 4313 4314 4315 -1 4310 4316 4311 -1 4311 4316 4317 -1 4311 4317 4318 -1 4318 4317 4319 -1 4318 4319 4320 -1 4320 4319 4321 -1 4320 4321 4322 -1 4307 4283 4300 -1 4300 4283 4279 -1 4300 4279 4301 -1 4301 4279 4214 -1 4301 4214 4303 -1 4303 4214 4213 -1 4303 4213 4309 -1 4200 4202 4323 -1 4324 4325 4326 -1 4198 4327 4199 -1 4199 4327 4328 -1 4199 4328 4329 -1 4330 4331 4332 -1 4281 4282 4329 -1 4329 4282 4272 -1 4329 4272 4199 -1 4199 4272 4274 -1 4199 4274 4197 -1 4333 4334 4335 -1 4335 4334 4336 -1 4335 4336 4337 -1 4227 4338 4228 -1 4228 4338 4339 -1 4228 4339 4340 -1 4340 4339 4341 -1 4340 4341 4342 -1 4342 4341 4343 -1 4342 4343 4344 -1 4344 4343 4345 -1 4344 4345 4346 -1 4346 4345 4347 -1 4346 4347 4205 -1 4205 4347 4348 -1 4205 4348 4203 -1 4323 4202 4349 -1 4349 4202 4350 -1 4349 4350 4351 -1 4351 4350 4352 -1 4351 4352 4353 -1 4353 4352 4354 -1 4353 4354 4355 -1 4355 4354 4356 -1 4355 4356 4357 -1 4357 4356 4230 -1 4357 4230 4229 -1 4229 4230 1635 -1 4229 1635 1636 -1 1641 4228 4229 -1 4229 4228 4340 -1 4229 4340 4357 -1 4357 4340 4342 -1 4357 4342 4355 -1 4355 4342 4344 -1 4355 4344 4353 -1 4353 4344 4346 -1 4353 4346 4351 -1 4351 4346 4205 -1 4351 4205 4349 -1 4349 4205 4204 -1 4349 4204 4323 -1 1626 1625 4225 -1 4225 1625 4231 -1 4225 4231 4358 -1 4358 4359 4225 -1 4225 4359 4232 -1 4225 4232 1629 -1 1629 4232 1624 -1 4360 4359 4361 -1 4361 4359 4358 -1 4361 4358 4362 -1 4362 4358 4231 -1 4362 4231 1632 -1 1632 4231 1630 -1 4360 4361 4363 -1 4363 4361 4364 -1 4363 4364 4365 -1 4365 4364 4366 -1 4365 4366 4367 -1 4367 4366 4368 -1 4367 4368 4333 -1 4333 4368 4369 -1 4333 4369 4334 -1 4334 4369 4326 -1 4334 4326 4330 -1 4330 4326 4325 -1 4330 4325 4331 -1 1632 1592 4362 -1 4362 1592 4230 -1 4362 4230 4361 -1 4361 4230 4356 -1 4361 4356 4364 -1 4364 4356 4354 -1 4364 4354 4366 -1 4366 4354 4352 -1 4366 4352 4368 -1 4368 4352 4350 -1 4368 4350 4369 -1 4369 4350 4202 -1 4369 4202 4326 -1 4326 4202 4201 -1 4326 4201 4324 -1 4207 4370 4208 -1 4208 4370 4371 -1 4208 4371 4372 -1 4372 4371 4373 -1 4372 4373 4312 -1 4312 4373 4374 -1 4312 4374 4310 -1 4321 4375 4322 -1 4322 4375 4376 -1 4322 4376 4377 -1 4377 4376 4378 -1 4377 4378 4379 -1 4315 4206 4313 -1 4313 4206 4208 -1 4313 4208 4380 -1 4380 4208 4372 -1 4380 4372 4294 -1 4294 4372 4312 -1 4294 4312 4295 -1 4295 4312 4311 -1 4295 4311 4296 -1 4296 4311 4318 -1 4296 4318 4297 -1 4297 4318 4320 -1 4297 4320 4298 -1 4298 4320 4322 -1 4298 4322 4299 -1 4299 4322 4377 -1 4299 4377 4215 -1 4215 4377 4379 -1 4215 4379 4216 -1 4280 4337 4273 -1 4273 4337 4336 -1 4273 4336 4274 -1 4274 4336 4334 -1 4274 4334 4197 -1 4197 4334 4330 -1 4197 4330 4198 -1 4198 4330 4332 -1 4198 4332 4327 -1 4327 4332 4381 -1 4327 4381 4328 -1 4328 4381 4382 -1 4328 4382 4329 -1 4329 4382 4383 -1 4329 4383 4281 -1 1620 1616 4233 -1 4233 1616 4232 -1 4233 4232 4258 -1 4258 4232 4359 -1 4258 4359 4260 -1 4260 4359 4360 -1 4260 4360 4262 -1 4262 4360 4363 -1 4262 4363 4264 -1 4264 4363 4365 -1 4264 4365 4266 -1 4266 4365 4367 -1 4266 4367 4268 -1 4268 4367 4333 -1 4268 4333 4270 -1 4270 4333 4335 -1 4270 4335 4271 -1 4271 4335 4337 -1 4271 4337 4211 -1 4211 4337 4280 -1 4211 4280 4209 -1 4209 4280 4283 -1 4209 4283 4294 -1 4294 4283 4307 -1 4294 4307 4380 -1 4380 4307 4306 -1 4380 4306 4313 -1 4313 4306 4305 -1 4313 4305 4314 -1 3659 3686 4384 -1 3645 3647 3636 -1 3636 3647 3649 -1 3674 3659 3656 -1 3656 3659 4384 -1 3656 4384 3655 -1 3655 4384 4385 -1 3655 4385 3636 -1 3674 3672 3659 -1 3659 3672 3670 -1 3659 3670 3668 -1 3668 3666 3659 -1 3659 3666 3664 -1 3659 3664 3660 -1 3660 3664 3662 -1 3649 3651 3636 -1 3636 3651 3653 -1 3636 3653 3655 -1 3645 3636 3643 -1 3643 3636 3639 -1 3643 3639 3641 -1 4386 4387 3637 -1 3637 4387 4388 -1 4389 4390 4391 -1 4391 4390 3637 -1 4392 4393 3637 -1 3637 4393 4394 -1 3637 4394 4386 -1 4388 4395 3637 -1 3637 4395 4396 -1 3637 4396 4391 -1 3636 4385 3637 -1 3637 4385 4397 -1 3637 4397 4392 -1 4398 4390 4389 -1 4399 4400 3637 -1 4399 3637 4401 -1 4401 3637 4390 -1 4401 4390 4398 -1 3665 3667 3663 -1 3663 3667 3669 -1 3663 3669 3661 -1 3661 3669 3658 -1 3658 3669 3671 -1 3658 3671 3673 -1 3673 3675 3658 -1 3658 3675 3657 -1 3658 3657 3680 -1 3642 3640 3638 -1 3680 3657 4400 -1 4400 3657 3654 -1 4400 3654 3637 -1 3637 3654 3652 -1 3637 3652 3650 -1 3650 3648 3637 -1 3637 3648 3646 -1 3637 3646 3638 -1 3638 3646 3644 -1 3638 3644 3642 -1 4402 4403 4404 -1 4036 4108 4405 -1 1894 4406 4407 -1 4400 4408 3680 -1 3683 4409 3684 -1 3684 4409 4410 -1 3684 4410 3685 -1 4411 4404 4412 -1 3685 4410 3688 -1 3688 4410 4411 -1 3688 4411 3687 -1 3687 4411 4412 -1 3687 4412 3686 -1 4413 4414 4415 -1 1894 4407 3090 -1 3090 4407 4416 -1 3090 4416 3088 -1 1926 3083 4417 -1 4417 3083 3085 -1 4417 3085 4416 -1 4416 3085 3086 -1 4416 3086 3088 -1 3082 4418 1932 -1 1932 4418 4405 -1 4419 3079 4405 -1 4405 3079 3080 -1 4405 3080 1932 -1 4420 4421 1957 -1 4422 3077 1951 -1 1951 1948 4422 -1 4422 1948 1945 -1 4422 1945 4419 -1 4419 1945 1942 -1 4419 1942 3079 -1 4421 4420 4423 -1 4423 4420 4424 -1 4423 4424 4425 -1 3683 3682 4409 -1 4409 3682 3681 -1 4409 3681 4426 -1 4426 3681 3680 -1 4426 3680 4427 -1 4427 3680 4408 -1 4427 4408 4428 -1 4428 4408 4429 -1 4428 4429 4430 -1 4429 4431 4430 -1 4430 4431 4432 -1 4430 4432 4424 -1 4424 4432 4433 -1 4424 4433 4425 -1 4404 4403 4412 -1 4412 4403 4413 -1 4412 4413 3686 -1 3686 4413 4415 -1 3686 4415 4384 -1 4434 3752 3766 -1 4435 3772 4436 -1 4436 3772 3787 -1 4434 3766 4437 -1 4437 3766 3768 -1 4437 3768 4435 -1 4435 3768 3770 -1 4435 3770 3772 -1 4438 3817 3816 -1 4438 3816 4439 -1 3816 3814 4439 -1 4439 3814 3819 -1 4439 3819 4440 -1 3787 3795 4436 -1 4436 3795 3796 -1 4436 3796 4438 -1 4438 3796 3798 -1 4438 3798 3817 -1 4441 4442 4443 -1 4443 4442 4444 -1 4443 4444 4440 -1 4440 4444 4445 -1 4440 4445 4439 -1 4439 4445 4446 -1 4439 4446 4438 -1 4438 4446 4447 -1 4438 4447 4436 -1 4436 4447 4448 -1 4436 4448 4435 -1 4435 4448 4449 -1 4435 4449 4437 -1 4437 4449 4450 -1 4437 4450 4434 -1 4434 4450 4451 -1 4434 4451 4452 -1 3752 4434 3753 -1 3753 4434 4452 -1 3753 4452 4128 -1 4406 4001 4407 -1 4407 4001 4002 -1 4407 4002 4416 -1 4416 4002 3977 -1 4416 3977 3979 -1 4010 4418 4417 -1 4417 4418 3082 -1 4417 3082 1926 -1 4010 4101 4418 -1 4418 4101 4099 -1 4418 4099 4028 -1 3979 3980 4416 -1 4416 3980 3984 -1 4416 3984 4417 -1 4417 3984 3989 -1 3989 4003 4417 -1 4417 4003 4004 -1 4417 4004 4005 -1 4005 4006 4417 -1 4417 4006 4008 -1 4417 4008 4010 -1 4108 4107 4405 -1 4405 4107 4106 -1 4405 4106 4419 -1 4419 4106 4105 -1 4419 4105 4104 -1 4028 4030 4418 -1 4418 4030 4032 -1 4418 4032 4405 -1 4405 4032 4034 -1 4405 4034 4036 -1 3826 4441 3828 -1 3828 4441 4443 -1 3828 4443 3829 -1 3829 4443 4440 -1 3829 4440 3818 -1 3818 4440 3819 -1 4442 4402 4444 -1 4444 4402 4404 -1 4444 4404 4445 -1 4445 4404 4411 -1 4445 4411 4446 -1 4446 4411 4410 -1 4446 4410 4447 -1 4447 4410 4409 -1 4447 4409 4448 -1 4448 4409 4426 -1 4448 4426 4449 -1 4449 4426 4427 -1 4449 4427 4450 -1 4450 4427 4428 -1 4450 4428 4451 -1 4451 4428 4430 -1 4451 4430 4452 -1 4452 4430 4424 -1 4452 4424 4422 -1 4422 4424 4420 -1 4422 4420 3077 -1 3077 4420 1957 -1 4104 4103 4419 -1 4419 4103 4102 -1 4419 4102 4422 -1 4422 4102 4126 -1 4422 4126 4452 -1 4452 4126 4127 -1 4452 4127 4128 -1 4453 4454 4455 -1 4455 4454 4456 -1 4455 4456 4457 -1 4453 4455 4458 -1 4458 4455 4459 -1 4458 4459 4460 -1 4461 4462 4463 -1 4463 4462 4464 -1 4463 4464 4465 -1 4465 4464 4466 -1 4465 4466 4467 -1 4467 4468 4465 -1 4465 4468 4469 -1 4465 4469 4459 -1 4459 4469 4470 -1 4459 4470 4460 -1 4471 4472 4473 -1 4473 4472 4474 -1 4473 4474 4475 -1 4475 4474 4476 -1 4475 4476 4477 -1 4477 4476 4478 -1 4455 4479 4480 -1 4480 4479 4473 -1 4473 4475 4480 -1 4480 4475 4481 -1 4480 4481 4482 -1 4482 4483 4480 -1 4480 4483 4484 -1 4480 4484 4485 -1 3721 3720 4486 -1 4480 4485 4001 -1 4001 4485 4487 -1 4001 4487 3999 -1 3999 4487 3997 -1 4486 3720 4487 -1 4487 3720 3995 -1 4487 3995 3997 -1 4486 4488 3721 -1 3721 4488 4489 -1 3721 4489 4490 -1 4490 4491 3721 -1 3721 4491 4492 -1 3721 4492 4493 -1 4493 4494 3721 -1 3721 4494 4495 -1 3721 4495 3972 -1 4188 3974 4496 -1 4497 4498 4499 -1 4500 4501 4502 -1 4503 4504 4505 -1 4506 4507 4508 -1 4509 4510 4511 -1 4512 4513 4514 -1 4515 4516 4517 -1 4518 4519 4520 -1 4521 4522 4523 -1 4524 4525 4526 -1 4527 4528 4529 -1 4530 4531 4532 -1 4533 4530 4534 -1 4535 4536 4537 -1 4538 4539 4540 -1 4541 4542 4543 -1 4544 4545 4546 -1 4547 4548 4549 -1 4550 4551 4552 -1 4553 4554 4555 -1 4556 4557 4558 -1 4559 4560 4561 -1 4562 4563 4564 -1 4565 4566 4567 -1 4568 4569 4563 -1 4570 4571 4572 -1 4573 4574 4575 -1 4576 4577 4578 -1 4578 4577 4575 -1 4575 4574 4578 -1 4578 4574 3962 -1 4578 3962 4576 -1 3942 4579 3941 -1 3941 4579 4580 -1 3941 4580 3940 -1 3940 4580 4581 -1 3940 4581 3722 -1 4582 4583 4584 -1 4585 4192 4586 -1 4586 4192 3951 -1 4586 3951 4587 -1 4587 3951 3723 -1 3942 3962 4579 -1 4579 3962 4574 -1 4579 4574 4580 -1 4580 4574 4573 -1 4580 4573 4581 -1 4581 4573 4587 -1 4581 4587 3722 -1 3722 4587 3723 -1 4588 4589 4590 -1 4558 4557 4591 -1 4591 4557 4592 -1 4591 4592 4593 -1 4567 4566 4562 -1 4555 4594 4595 -1 4595 4594 4572 -1 4595 4572 4568 -1 4568 4572 4571 -1 4568 4571 4569 -1 4596 4593 4597 -1 4597 4593 4592 -1 4597 4592 4598 -1 4598 4592 4557 -1 4598 4557 4599 -1 4599 4557 4556 -1 4599 4556 4600 -1 4600 4556 4601 -1 4600 4601 4602 -1 4602 4603 4604 -1 4602 4601 4603 -1 4603 4601 4605 -1 4603 4605 4606 -1 4607 4560 4608 -1 4608 4560 4559 -1 4608 4559 4549 -1 4554 4609 4555 -1 4555 4609 4610 -1 4555 4610 4594 -1 4563 4562 4568 -1 4568 4562 4566 -1 4568 4566 4595 -1 4595 4566 4565 -1 4595 4565 4555 -1 4555 4565 4611 -1 4555 4611 4553 -1 4612 4613 4614 -1 4614 4613 4615 -1 4614 4615 4548 -1 4553 4547 4554 -1 4554 4547 4549 -1 4554 4549 4609 -1 4609 4549 4559 -1 4609 4559 4610 -1 4610 4559 4561 -1 4610 4561 4594 -1 4594 4561 4616 -1 4594 4616 4572 -1 4572 4616 4617 -1 4572 4617 4570 -1 4618 4619 4620 -1 4620 4619 4606 -1 4620 4606 4621 -1 4621 4606 4605 -1 4622 4623 4624 -1 4624 4623 4625 -1 4624 4625 4612 -1 4612 4625 4626 -1 4612 4626 4613 -1 4613 4626 4627 -1 4628 4618 4629 -1 4629 4618 4620 -1 4629 4620 4630 -1 4630 4620 4621 -1 4630 4621 4631 -1 4631 4621 4605 -1 4631 4605 4632 -1 4632 4605 4601 -1 4632 4601 4633 -1 4633 4601 4556 -1 4633 4556 4634 -1 4634 4556 4558 -1 4634 4558 4589 -1 4589 4558 4591 -1 4589 4591 4590 -1 4590 4591 4593 -1 4590 4593 4582 -1 4582 4593 4596 -1 4582 4596 4583 -1 4550 4552 4635 -1 4635 4552 4543 -1 4635 4543 4636 -1 4636 4543 4637 -1 4636 4637 4638 -1 4638 4637 4639 -1 4638 4639 4640 -1 4543 4542 4637 -1 4637 4542 4641 -1 4637 4641 4639 -1 4545 4544 4642 -1 4642 4544 4643 -1 4642 4643 4644 -1 4645 4646 4647 -1 4647 4646 4546 -1 4647 4546 4648 -1 4649 4650 4651 -1 4651 4650 4652 -1 4651 4652 4653 -1 4653 4652 4654 -1 4653 4654 4645 -1 4645 4654 4655 -1 4645 4655 4646 -1 4646 4656 4546 -1 4546 4656 4657 -1 4546 4657 4544 -1 4544 4657 4658 -1 4544 4658 4643 -1 4628 4648 4659 -1 4659 4648 4660 -1 4659 4660 4661 -1 4661 4660 4662 -1 4661 4662 4663 -1 4663 4662 4664 -1 4663 4664 4665 -1 4666 4667 4664 -1 4664 4667 4668 -1 4664 4668 4665 -1 4648 4546 4660 -1 4660 4546 4545 -1 4660 4545 4662 -1 4662 4545 4642 -1 4662 4642 4664 -1 4664 4642 4644 -1 4664 4644 4666 -1 4541 4543 4531 -1 4531 4543 4552 -1 4531 4552 4532 -1 4532 4552 4551 -1 4532 4551 4669 -1 4628 4659 4618 -1 4618 4659 4661 -1 4618 4661 4619 -1 4619 4661 4663 -1 4619 4663 4606 -1 4606 4663 4665 -1 4606 4665 4603 -1 4603 4665 4670 -1 4603 4670 4604 -1 4671 4669 4672 -1 4672 4669 4551 -1 4672 4551 4622 -1 4622 4551 4550 -1 4622 4550 4623 -1 4623 4550 4635 -1 4623 4635 4625 -1 4625 4635 4636 -1 4625 4636 4626 -1 4626 4636 4638 -1 4626 4638 4627 -1 4627 4638 4640 -1 4673 4584 4674 -1 4674 4584 4583 -1 4674 4583 4675 -1 4675 4583 4596 -1 4675 4596 4676 -1 4676 4596 4597 -1 4676 4597 4677 -1 4677 4597 4598 -1 4677 4598 4678 -1 4678 4598 4599 -1 4678 4599 4679 -1 4679 4599 4600 -1 4679 4600 4680 -1 4680 4600 4602 -1 4680 4602 4681 -1 4681 4602 4604 -1 4548 4547 4614 -1 4614 4547 4553 -1 4614 4553 4612 -1 4612 4553 4611 -1 4612 4611 4624 -1 4624 4611 4565 -1 4624 4565 4622 -1 4622 4565 4567 -1 4622 4567 4672 -1 4672 4567 4562 -1 4672 4562 4671 -1 4671 4562 4564 -1 4671 4564 4682 -1 4539 4682 4683 -1 4539 4683 4540 -1 4540 4683 4684 -1 4540 4684 4685 -1 4686 4687 4688 -1 4688 4687 4689 -1 4535 4538 4536 -1 4536 4538 4540 -1 4536 4540 4690 -1 4690 4540 4685 -1 4691 4692 4693 -1 4693 4692 4694 -1 4693 4694 4695 -1 4696 4697 4698 -1 4691 4699 4692 -1 4692 4699 4690 -1 4692 4690 4694 -1 4694 4690 4685 -1 4694 4685 4695 -1 4695 4685 4684 -1 4700 4533 4701 -1 4702 4703 4704 -1 4704 4703 4705 -1 4704 4705 4706 -1 4525 4524 4707 -1 4707 4524 4700 -1 4707 4700 4708 -1 4708 4700 4701 -1 4708 4701 4709 -1 4710 4526 4711 -1 4711 4526 4525 -1 4711 4525 4712 -1 4712 4525 4707 -1 4712 4707 4713 -1 4713 4707 4708 -1 4713 4708 4714 -1 4714 4708 4709 -1 4528 4527 4715 -1 4715 4527 4716 -1 4715 4716 4520 -1 4533 4534 4701 -1 4701 4534 4686 -1 4701 4686 4709 -1 4709 4686 4688 -1 4709 4688 4714 -1 4714 4688 4717 -1 4714 4717 4713 -1 4713 4717 4718 -1 4713 4718 4712 -1 4712 4718 4522 -1 4712 4522 4711 -1 4711 4522 4521 -1 4711 4521 4710 -1 4719 4720 4721 -1 4721 4720 4722 -1 4721 4722 4529 -1 4723 4724 4725 -1 4725 4724 4726 -1 4520 4519 4715 -1 4715 4519 4727 -1 4715 4727 4528 -1 4528 4727 4726 -1 4528 4726 4529 -1 4529 4726 4724 -1 4529 4724 4721 -1 4721 4724 4723 -1 4721 4723 4719 -1 4515 4517 4728 -1 4728 4517 4729 -1 4728 4729 4730 -1 4516 4515 4518 -1 4518 4515 4731 -1 4518 4731 4519 -1 4519 4731 4732 -1 4519 4732 4727 -1 4727 4732 4733 -1 4727 4733 4726 -1 4726 4733 4734 -1 4726 4734 4725 -1 4523 4735 4736 -1 4736 4737 4523 -1 4523 4737 4738 -1 4523 4738 4521 -1 4521 4738 4739 -1 4521 4739 4710 -1 4740 4741 4742 -1 4742 4741 4743 -1 4743 4741 4744 -1 4743 4744 4745 -1 4745 4744 4746 -1 4745 4746 4747 -1 4745 4748 4743 -1 4743 4748 4749 -1 4743 4749 4742 -1 4742 4749 4750 -1 4751 4747 4752 -1 4752 4747 4746 -1 4752 4746 4736 -1 4736 4746 4744 -1 4736 4744 4737 -1 4737 4744 4741 -1 4737 4741 4738 -1 4738 4741 4740 -1 4738 4740 4739 -1 4753 4754 4730 -1 4730 4754 4755 -1 4730 4755 4728 -1 4728 4755 4756 -1 4728 4756 4515 -1 4515 4756 4757 -1 4515 4757 4731 -1 4716 4758 4520 -1 4520 4758 4759 -1 4520 4759 4518 -1 4518 4759 4760 -1 4518 4760 4516 -1 4516 4760 4761 -1 4516 4761 4517 -1 4517 4761 4762 -1 4517 4762 4729 -1 4729 4762 4514 -1 4729 4514 4730 -1 4730 4514 4513 -1 4730 4513 4753 -1 4508 4507 4706 -1 4706 4507 4763 -1 4706 4763 4704 -1 4704 4763 4764 -1 4704 4764 4702 -1 4764 4537 4702 -1 4702 4537 4536 -1 4702 4536 4703 -1 4703 4536 4690 -1 4703 4690 4705 -1 4705 4690 4699 -1 4705 4699 4706 -1 4706 4699 4765 -1 4706 4765 4508 -1 4511 4510 4766 -1 4530 4532 4534 -1 4534 4532 4669 -1 4534 4669 4686 -1 4686 4669 4671 -1 4686 4671 4687 -1 4687 4671 4682 -1 4687 4682 4689 -1 4689 4682 4539 -1 4689 4539 4688 -1 4688 4539 4538 -1 4688 4538 4717 -1 4717 4538 4535 -1 4717 4535 4718 -1 4718 4535 4537 -1 4718 4537 4522 -1 4522 4537 4764 -1 4522 4764 4523 -1 4523 4764 4763 -1 4523 4763 4735 -1 4735 4763 4507 -1 4735 4507 4736 -1 4736 4507 4506 -1 4736 4506 4752 -1 4752 4506 4767 -1 4752 4767 4751 -1 4504 4503 4768 -1 4768 4503 4769 -1 4768 4769 4770 -1 4771 4772 4773 -1 4773 4772 4505 -1 4773 4505 4774 -1 4774 4505 4504 -1 4774 4504 4775 -1 4775 4504 4768 -1 4772 4776 4505 -1 4505 4776 4777 -1 4505 4777 4503 -1 4503 4777 4778 -1 4503 4778 4769 -1 4769 4778 4779 -1 4769 4779 4770 -1 4770 4779 4780 -1 4511 4781 4509 -1 4509 4781 4782 -1 4509 4782 4783 -1 4784 4766 4785 -1 4785 4766 4510 -1 4785 4510 4786 -1 4786 4510 4509 -1 4786 4509 4774 -1 4774 4509 4783 -1 4774 4783 4773 -1 4693 4784 4691 -1 4691 4784 4785 -1 4691 4785 4699 -1 4699 4785 4786 -1 4699 4786 4765 -1 4765 4786 4774 -1 4765 4774 4508 -1 4508 4774 4775 -1 4508 4775 4506 -1 4506 4775 4768 -1 4506 4768 4767 -1 4767 4768 4770 -1 4767 4770 4751 -1 4751 4770 4780 -1 4751 4780 4747 -1 4747 4780 4787 -1 4747 4787 4745 -1 4745 4787 4788 -1 4745 4788 4748 -1 4789 4790 4791 -1 4791 4790 4792 -1 4791 4792 4793 -1 4794 4795 4796 -1 4500 4502 4797 -1 4797 4502 4798 -1 4797 4798 4799 -1 4800 4801 4802 -1 4497 4797 4802 -1 4802 4797 4799 -1 4802 4799 4800 -1 4803 4804 4805 -1 4805 4804 4795 -1 4805 4795 4806 -1 4806 4795 4794 -1 4806 4794 4498 -1 4791 4807 4789 -1 4789 4807 4808 -1 4789 4808 4809 -1 4809 4808 4696 -1 3974 3972 4496 -1 4496 3972 4810 -1 4496 4810 4811 -1 4811 4812 4496 -1 4496 4812 4813 -1 4496 4813 4500 -1 4500 4813 4814 -1 4500 4814 4501 -1 4497 4499 4797 -1 4797 4499 4815 -1 4797 4815 4500 -1 4500 4815 4816 -1 4500 4816 4496 -1 4188 4496 4182 -1 4182 4496 4816 -1 4182 4816 3963 -1 3963 4816 4817 -1 3963 4817 3964 -1 3962 3895 4576 -1 4576 3895 3894 -1 4576 3894 4818 -1 4818 3894 4196 -1 4196 4194 4818 -1 4818 4194 4193 -1 4818 4193 3964 -1 4819 4820 4821 -1 4821 4820 4822 -1 4821 4822 4823 -1 4823 4822 4824 -1 4823 4824 4793 -1 4498 4794 4499 -1 4499 4794 4796 -1 4499 4796 4815 -1 4815 4796 4824 -1 4815 4824 4816 -1 4816 4824 4822 -1 4816 4822 4817 -1 4817 4822 4820 -1 4817 4820 3964 -1 3964 4820 4819 -1 3964 4819 4818 -1 4818 4819 4825 -1 4818 4825 4576 -1 4576 4825 4826 -1 4576 4826 4577 -1 4577 4826 4588 -1 4577 4588 4575 -1 4575 4588 4590 -1 4575 4590 4573 -1 4573 4590 4582 -1 4573 4582 4587 -1 4587 4582 4584 -1 4587 4584 4586 -1 4586 4584 4673 -1 4586 4673 4585 -1 4782 4827 4783 -1 4783 4827 4828 -1 4783 4828 4773 -1 4773 4828 4829 -1 4773 4829 4771 -1 4750 4512 4742 -1 4742 4512 4514 -1 4742 4514 4740 -1 4740 4514 4762 -1 4740 4762 4739 -1 4739 4762 4761 -1 4739 4761 4710 -1 4710 4761 4760 -1 4710 4760 4526 -1 4526 4760 4759 -1 4526 4759 4524 -1 4524 4759 4758 -1 4524 4758 4700 -1 4700 4758 4716 -1 4700 4716 4533 -1 4533 4716 4527 -1 4533 4527 4530 -1 4530 4527 4529 -1 4530 4529 4531 -1 4531 4529 4722 -1 4531 4722 4541 -1 4541 4722 4720 -1 4803 4830 4804 -1 4804 4830 4831 -1 4804 4831 4832 -1 4793 4824 4791 -1 4791 4824 4796 -1 4791 4796 4807 -1 4807 4796 4795 -1 4807 4795 4808 -1 4808 4795 4804 -1 4808 4804 4696 -1 4696 4804 4832 -1 4696 4832 4697 -1 4719 4833 4720 -1 4720 4833 4649 -1 4720 4649 4541 -1 4541 4649 4651 -1 4541 4651 4542 -1 4542 4651 4653 -1 4542 4653 4641 -1 4641 4653 4645 -1 4641 4645 4639 -1 4639 4645 4647 -1 4639 4647 4640 -1 4640 4647 4648 -1 4640 4648 4627 -1 4627 4648 4628 -1 4627 4628 4613 -1 4613 4628 4629 -1 4613 4629 4615 -1 4615 4629 4630 -1 4615 4630 4548 -1 4548 4630 4631 -1 4548 4631 4549 -1 4549 4631 4632 -1 4549 4632 4608 -1 4608 4632 4633 -1 4608 4633 4607 -1 4607 4633 4634 -1 4607 4634 4560 -1 4560 4634 4589 -1 4560 4589 4561 -1 4561 4589 4588 -1 4561 4588 4616 -1 4616 4588 4826 -1 4616 4826 4617 -1 4617 4826 4825 -1 4617 4825 4570 -1 4570 4825 4819 -1 4570 4819 4571 -1 4571 4819 4821 -1 4571 4821 4569 -1 4569 4821 4823 -1 4569 4823 4563 -1 4563 4823 4793 -1 4563 4793 4564 -1 4564 4793 4792 -1 4564 4792 4682 -1 4682 4792 4790 -1 4682 4790 4683 -1 4683 4790 4789 -1 4683 4789 4684 -1 4684 4789 4809 -1 4684 4809 4695 -1 4695 4809 4696 -1 4695 4696 4693 -1 4693 4696 4698 -1 4693 4698 4784 -1 4834 4835 4836 -1 4836 4835 4837 -1 4836 4837 4838 -1 4839 4840 4841 -1 4842 4843 4844 -1 4845 4846 4847 -1 4848 4849 4842 -1 4850 4851 4852 -1 4852 4851 4853 -1 4854 4855 4856 -1 4857 4858 4859 -1 4860 4861 4862 -1 4863 4864 4865 -1 4866 4867 4868 -1 4869 4870 4871 -1 4872 4873 4874 -1 4875 4876 4877 -1 4878 4879 4880 -1 4881 4882 4883 -1 4453 4884 4454 -1 4466 4464 4885 -1 4886 4887 4888 -1 4886 4888 4889 -1 4890 4891 4892 -1 4892 4891 4893 -1 4892 4893 4894 -1 4895 4896 4897 -1 4898 4899 4900 -1 4898 4900 4901 -1 4461 4902 4900 -1 4900 4902 4903 -1 4900 4903 4901 -1 4901 4903 4904 -1 4901 4904 4905 -1 4906 4885 4899 -1 4899 4885 4464 -1 4899 4464 4900 -1 4900 4464 4462 -1 4900 4462 4461 -1 4460 4470 4907 -1 4907 4470 4469 -1 4907 4469 4468 -1 4454 4884 4456 -1 4908 4909 4910 -1 4910 4909 4911 -1 4910 4911 4912 -1 4913 4914 4915 -1 4916 4917 4918 -1 4918 4917 4919 -1 4918 4919 4920 -1 4921 4919 4922 -1 4922 4919 4917 -1 4922 4917 4923 -1 4923 4917 4916 -1 4923 4916 4924 -1 4924 4916 4925 -1 4887 4925 4888 -1 4888 4925 4916 -1 4888 4916 4926 -1 4926 4916 4918 -1 4926 4918 4913 -1 4913 4918 4920 -1 4913 4920 4914 -1 4890 4889 4891 -1 4891 4889 4888 -1 4891 4888 4927 -1 4927 4888 4926 -1 4927 4926 4928 -1 4928 4926 4913 -1 4928 4913 4929 -1 4929 4913 4915 -1 4929 4915 4930 -1 4931 4876 4932 -1 4932 4876 4875 -1 4932 4875 4933 -1 4880 4879 4934 -1 4934 4879 4935 -1 4934 4935 4936 -1 4936 4935 4937 -1 4936 4937 4938 -1 4939 4940 4941 -1 4941 4940 4942 -1 4941 4942 4943 -1 4944 4931 4945 -1 4945 4931 4932 -1 4945 4932 4946 -1 4946 4932 4933 -1 4946 4933 4943 -1 4947 4948 4949 -1 4896 4950 4897 -1 4897 4950 4951 -1 4897 4951 4944 -1 4948 4952 4949 -1 4949 4952 4953 -1 4949 4953 4954 -1 4954 4953 4955 -1 4954 4955 4956 -1 4956 4957 4954 -1 4954 4957 4958 -1 4954 4958 4893 -1 4893 4958 4959 -1 4893 4959 4894 -1 4872 4874 4960 -1 4960 4874 4961 -1 4960 4961 4962 -1 4962 4963 4964 -1 4964 4963 4965 -1 4964 4965 4966 -1 4967 4968 4969 -1 4969 4968 4970 -1 4967 4969 4971 -1 4971 4969 4972 -1 4971 4972 4973 -1 4973 4972 4974 -1 4973 4974 4975 -1 4975 4974 4976 -1 4975 4976 4977 -1 4962 4964 4960 -1 4960 4964 4966 -1 4960 4966 4872 -1 4872 4966 4978 -1 4872 4978 4873 -1 4979 4980 4981 -1 4979 4981 4868 -1 4982 4983 4984 -1 4984 4983 4985 -1 4984 4985 4980 -1 4864 4460 4865 -1 4865 4460 4907 -1 4865 4907 4906 -1 4906 4907 4468 -1 4906 4468 4885 -1 4885 4468 4467 -1 4885 4467 4466 -1 4965 4982 4966 -1 4966 4982 4984 -1 4966 4984 4978 -1 4978 4984 4980 -1 4978 4980 4873 -1 4873 4980 4979 -1 4873 4979 4986 -1 4986 4979 4868 -1 4986 4868 4987 -1 4987 4868 4867 -1 4981 4988 4868 -1 4868 4988 4989 -1 4868 4989 4866 -1 4866 4989 4990 -1 4866 4990 4991 -1 4968 4457 4970 -1 4970 4457 4456 -1 4970 4456 4992 -1 4992 4456 4884 -1 4992 4884 4863 -1 4863 4884 4453 -1 4863 4453 4864 -1 4864 4453 4458 -1 4864 4458 4460 -1 4853 4977 4993 -1 4993 4977 4976 -1 4993 4976 4994 -1 4994 4976 4974 -1 4994 4974 4995 -1 4995 4974 4972 -1 4995 4972 4996 -1 4996 4972 4969 -1 4996 4969 4997 -1 4997 4969 4970 -1 4997 4970 4998 -1 4998 4970 4992 -1 4998 4992 4999 -1 4999 4992 4863 -1 4999 4863 5000 -1 5000 4863 4865 -1 5000 4865 5001 -1 5001 4865 4906 -1 5001 4906 5002 -1 5002 4906 4899 -1 5002 4899 5003 -1 5003 4899 4898 -1 5004 5005 4860 -1 4860 5005 4861 -1 5006 5007 5008 -1 5008 5007 5009 -1 5008 5009 5010 -1 5010 5009 5011 -1 5010 5011 5012 -1 5012 5011 5013 -1 5012 5013 5014 -1 5014 5013 5015 -1 5016 5017 5018 -1 5018 5017 5019 -1 5018 5019 5020 -1 5020 5019 5021 -1 5020 5021 5022 -1 5022 5021 5023 -1 5022 5023 5024 -1 5024 5023 5025 -1 5024 5025 5026 -1 5026 5025 5027 -1 5026 5027 4961 -1 4961 5027 5028 -1 4961 5028 4962 -1 4962 5028 4869 -1 4962 4869 4963 -1 4963 4869 4871 -1 4963 4871 4965 -1 4965 4871 5029 -1 4965 5029 4982 -1 4982 5029 5030 -1 4982 5030 4983 -1 5014 5031 5012 -1 5012 5031 5032 -1 5012 5032 5010 -1 5010 5032 5033 -1 5010 5033 5008 -1 5008 5033 5034 -1 5008 5034 5006 -1 5006 5034 5035 -1 5036 5037 4854 -1 4861 5038 5039 -1 5039 5038 5040 -1 4862 4861 5039 -1 5004 4860 5041 -1 5041 4860 4862 -1 5041 4862 5042 -1 5042 4862 5039 -1 5042 5039 5036 -1 5036 5039 5040 -1 5036 5040 5037 -1 5037 5040 5043 -1 5037 5043 4854 -1 4854 5043 5044 -1 4854 5044 4855 -1 5045 5046 5047 -1 5045 5047 5048 -1 4858 4857 5049 -1 5049 4857 5050 -1 5049 5050 5051 -1 5051 5050 5052 -1 5051 5052 5053 -1 5053 5052 5045 -1 5053 5045 5054 -1 5054 5045 5048 -1 5054 5048 5055 -1 5031 4859 5032 -1 5032 4859 4858 -1 5032 4858 5033 -1 5033 4858 5049 -1 5033 5049 5034 -1 5034 5049 5051 -1 5034 5051 5035 -1 5035 5051 5053 -1 5035 5053 5056 -1 5056 5053 5054 -1 5056 5054 5057 -1 5057 5054 5055 -1 5057 5055 5058 -1 5058 5055 5059 -1 5058 5059 5060 -1 5046 5045 5061 -1 5061 5045 5052 -1 5061 5052 5062 -1 5062 5052 5050 -1 5062 5050 4856 -1 4856 5050 4857 -1 4856 4857 4854 -1 4854 4857 4859 -1 4854 4859 5036 -1 5036 4859 5031 -1 5036 5031 5042 -1 5042 5031 5014 -1 5042 5014 5041 -1 5041 5014 5015 -1 5041 5015 5004 -1 4870 4869 5063 -1 5063 4869 5028 -1 5063 5028 5064 -1 5064 5028 5027 -1 5064 5027 5060 -1 5060 5027 5025 -1 5060 5025 5058 -1 5058 5025 5023 -1 5058 5023 5057 -1 5057 5023 5021 -1 5057 5021 5056 -1 5056 5021 5019 -1 5056 5019 5035 -1 5035 5019 5017 -1 5035 5017 5006 -1 5006 5017 5016 -1 5006 5016 5007 -1 4843 4842 5065 -1 5065 4842 4849 -1 5065 4849 5066 -1 4847 5067 4848 -1 4848 5067 5068 -1 4848 5068 4849 -1 4849 5068 5069 -1 4849 5069 5066 -1 5070 5071 5072 -1 5072 5071 5073 -1 4846 4845 5074 -1 4847 4848 4845 -1 4845 4848 4842 -1 4845 4842 5074 -1 5074 4842 4844 -1 5074 4844 5075 -1 5075 4844 5076 -1 5075 5076 5077 -1 5077 5076 5078 -1 5077 5078 4861 -1 4861 5079 5077 -1 5077 5079 5080 -1 5077 5080 5075 -1 5075 5080 5081 -1 5075 5081 5074 -1 5074 5081 5082 -1 5074 5082 4846 -1 4846 5082 5083 -1 4846 5083 4847 -1 4847 5083 5084 -1 4847 5084 5067 -1 5067 5084 5085 -1 5086 5085 5087 -1 5087 5085 5084 -1 5087 5084 5088 -1 5088 5084 5083 -1 5088 5083 5089 -1 5089 5083 5082 -1 5089 5082 5090 -1 5090 5082 5081 -1 5090 5081 5091 -1 5091 5081 5080 -1 5091 5080 5092 -1 5092 5080 5079 -1 5092 5079 5093 -1 5093 5079 4861 -1 5094 5070 5095 -1 5095 5070 5072 -1 5095 5072 5096 -1 5096 5072 5073 -1 5096 5073 5097 -1 5097 5073 5098 -1 5099 5100 5101 -1 5101 5100 5102 -1 5101 5102 5103 -1 5103 5102 5104 -1 5105 5106 4841 -1 4841 5106 4911 -1 4841 4911 4839 -1 4839 4911 4909 -1 4839 4909 4840 -1 4912 4911 5107 -1 5107 4911 5106 -1 5107 5106 5094 -1 5094 5106 5105 -1 5094 5105 5070 -1 5070 5105 5108 -1 5070 5108 5071 -1 5097 5109 5096 -1 5096 5109 5110 -1 5096 5110 5095 -1 5095 5110 5111 -1 5095 5111 5094 -1 5094 5111 5112 -1 5094 5112 5107 -1 5107 5112 5113 -1 5107 5113 4912 -1 4881 4883 5114 -1 5114 4883 5115 -1 5114 5115 5116 -1 4878 4908 5117 -1 5117 4908 4910 -1 5117 4910 5118 -1 5118 4910 4912 -1 5118 4912 5119 -1 5119 4912 5113 -1 5119 5113 4882 -1 4882 5113 5112 -1 4882 5112 4883 -1 4883 5112 5111 -1 4883 5111 5115 -1 5115 5111 5110 -1 5115 5110 5116 -1 5116 5110 5109 -1 5116 5109 5120 -1 5120 5109 5097 -1 5120 5097 5121 -1 5121 5097 5098 -1 5104 5122 5103 -1 5103 5122 5123 -1 5103 5123 5101 -1 5101 5123 5124 -1 5101 5124 5099 -1 5099 5124 4939 -1 5099 4939 5125 -1 5125 4939 4941 -1 5125 4941 5126 -1 5126 4941 4943 -1 5126 4943 4938 -1 4938 4943 4933 -1 4938 4933 4936 -1 4936 4933 4875 -1 4936 4875 4934 -1 4934 4875 4877 -1 4934 4877 4880 -1 5122 5127 5123 -1 5123 5127 5128 -1 5123 5128 5124 -1 5124 5128 5129 -1 5124 5129 4939 -1 4939 5129 5130 -1 4939 5130 4940 -1 4878 5117 4879 -1 4879 5117 5118 -1 4879 5118 4935 -1 4935 5118 5119 -1 4935 5119 4937 -1 4937 5119 4882 -1 4937 4882 4938 -1 4938 4882 4881 -1 4938 4881 5126 -1 5126 4881 5114 -1 5126 5114 5125 -1 5125 5114 5116 -1 5125 5116 5099 -1 5099 5116 5120 -1 5099 5120 5100 -1 5100 5120 5121 -1 5100 5121 5102 -1 5102 5121 5098 -1 5102 5098 5104 -1 4861 5131 5093 -1 5093 5131 5132 -1 5093 5132 5092 -1 5092 5132 5133 -1 5092 5133 5091 -1 5091 5133 5134 -1 5091 5134 5090 -1 5090 5134 5135 -1 5090 5135 5089 -1 5089 5135 5136 -1 5089 5136 5088 -1 5088 5136 5137 -1 5088 5137 5087 -1 5087 5137 5138 -1 5087 5138 5086 -1 5086 5138 5139 -1 5020 5139 5018 -1 5018 5139 5138 -1 5018 5138 5016 -1 5016 5138 5137 -1 5016 5137 5007 -1 5007 5137 5136 -1 5007 5136 5009 -1 5009 5136 5135 -1 5009 5135 5011 -1 5011 5135 5134 -1 5011 5134 5013 -1 5013 5134 5133 -1 5013 5133 5015 -1 5015 5133 5132 -1 5015 5132 5004 -1 5004 5132 5131 -1 5004 5131 5005 -1 5005 5131 4861 -1 4950 4947 4951 -1 4951 4947 4949 -1 4951 4949 4944 -1 4944 4949 4954 -1 4944 4954 4931 -1 4931 4954 4893 -1 4931 4893 4876 -1 4876 4893 4891 -1 4876 4891 4877 -1 4877 4891 4927 -1 4877 4927 4880 -1 4880 4927 4928 -1 4880 4928 4878 -1 4878 4928 4929 -1 4878 4929 4908 -1 4908 4929 4930 -1 4908 4930 4909 -1 4909 4930 5140 -1 4909 5140 4840 -1 5047 4850 5048 -1 5048 4850 4852 -1 5048 4852 5055 -1 5055 4852 4853 -1 5055 4853 5059 -1 5059 4853 4993 -1 5059 4993 5060 -1 5060 4993 4994 -1 5060 4994 5064 -1 5064 4994 4995 -1 5064 4995 5063 -1 5063 4995 4996 -1 5063 4996 4870 -1 4870 4996 4997 -1 4870 4997 4871 -1 4871 4997 4998 -1 4871 4998 5029 -1 5029 4998 4999 -1 5029 4999 5030 -1 5030 4999 5000 -1 5030 5000 4983 -1 4983 5000 5001 -1 4983 5001 4985 -1 4985 5001 5002 -1 4985 5002 4980 -1 4980 5002 5003 -1 4980 5003 4981 -1 4981 5003 4898 -1 4981 4898 4988 -1 4988 4898 4901 -1 4988 4901 4989 -1 4989 4901 4905 -1 4989 4905 4990 -1 4991 5141 4866 -1 4866 5141 4895 -1 4866 4895 4867 -1 4867 4895 4897 -1 4867 4897 4987 -1 4987 4897 4944 -1 4987 4944 4986 -1 4986 4944 4945 -1 4986 4945 4873 -1 4873 4945 4946 -1 4873 4946 4874 -1 4874 4946 4943 -1 4874 4943 4961 -1 4961 4943 4942 -1 4961 4942 5026 -1 5026 4942 4940 -1 5026 4940 5024 -1 5024 4940 5130 -1 5024 5130 5022 -1 5022 5130 5129 -1 5022 5129 5020 -1 5020 5129 5128 -1 5020 5128 5139 -1 5139 5128 5127 -1 5139 5127 5086 -1 5086 5127 5122 -1 5086 5122 5085 -1 5085 5122 5104 -1 5085 5104 5067 -1 5067 5104 5098 -1 5067 5098 5068 -1 5068 5098 5073 -1 5068 5073 5069 -1 5069 5073 5071 -1 5069 5071 5066 -1 5142 4479 5143 -1 5143 4479 4455 -1 5143 4455 4457 -1 5142 5144 4479 -1 4479 5144 5145 -1 4479 5145 5146 -1 5145 5147 5146 -1 5146 5147 5148 -1 5146 5148 5149 -1 5149 5148 5150 -1 5149 5150 5151 -1 5151 5152 5149 -1 5149 5152 5153 -1 5149 5153 5154 -1 5154 5153 5155 -1 5154 5155 5156 -1 5157 5158 5159 -1 2279 2154 5160 -1 5155 5161 5156 -1 5162 5163 5164 -1 5151 5165 5152 -1 2281 3217 5166 -1 5167 2109 2290 -1 2286 2285 5145 -1 2290 2289 5167 -1 5167 2289 2288 -1 5167 2288 5145 -1 5145 2288 2287 -1 5145 2287 2286 -1 2285 2284 5145 -1 5145 2284 2283 -1 5145 2283 2296 -1 2296 2295 5145 -1 5145 2295 2294 -1 5145 2294 5147 -1 5147 2294 2293 -1 5147 2293 3225 -1 3225 3216 5147 -1 5147 3216 3215 -1 5147 3215 3218 -1 5157 5150 5158 -1 5158 5150 5148 -1 5158 5148 5166 -1 5166 5148 5147 -1 5166 5147 2281 -1 2281 5147 3218 -1 5168 5169 5170 -1 5170 5169 5156 -1 5170 5156 5164 -1 5164 5156 5161 -1 5164 5161 5162 -1 5162 5161 5155 -1 5162 5155 5165 -1 5165 5155 5153 -1 5165 5153 5152 -1 5171 5172 5173 -1 5173 5172 5174 -1 5173 5174 5175 -1 5176 5177 5178 -1 5178 5177 5179 -1 5178 5179 5180 -1 5180 5179 5181 -1 5180 5181 5171 -1 5171 5181 5182 -1 5171 5182 5172 -1 2279 5160 2312 -1 2312 5160 5183 -1 2312 5183 2311 -1 5159 2306 2308 -1 5159 2308 5183 -1 5183 2308 2309 -1 5183 2309 2311 -1 2304 2303 5158 -1 5158 2303 2301 -1 5158 2301 5159 -1 5159 2301 2300 -1 5159 2300 2306 -1 3217 2298 5166 -1 5166 2298 2299 -1 5166 2299 5158 -1 5158 2299 2305 -1 5158 2305 2304 -1 5163 5178 5164 -1 5164 5178 5180 -1 5164 5180 5170 -1 5170 5180 5171 -1 5170 5171 5168 -1 5168 5171 5173 -1 5168 5173 5184 -1 5184 5173 5175 -1 5184 5175 5185 -1 5185 5175 5186 -1 5185 5186 4348 -1 5151 5150 5165 -1 5165 5150 5157 -1 5165 5157 5162 -1 5162 5157 5159 -1 5162 5159 5163 -1 5163 5159 5183 -1 5163 5183 5178 -1 5178 5183 5160 -1 5178 5160 5176 -1 5176 5160 2154 -1 5187 5188 5189 -1 5190 5191 5192 -1 5193 5194 5195 -1 5196 5197 5198 -1 5199 5200 5201 -1 5202 5203 5204 -1 5205 5206 5207 -1 5208 5209 5210 -1 3237 3236 5211 -1 5211 3236 3242 -1 5212 5213 5214 -1 5212 5214 5215 -1 5216 5217 5199 -1 5199 5217 5218 -1 5219 5220 5221 -1 5190 5222 5191 -1 5191 5222 5223 -1 5191 5223 5224 -1 2135 5225 3229 -1 3229 5225 3248 -1 3246 2226 5226 -1 5226 2226 3249 -1 5226 3249 5227 -1 5227 3249 3248 -1 5227 3248 5228 -1 5228 3248 5225 -1 5228 5225 5229 -1 3246 5226 3247 -1 3247 5226 5230 -1 3247 5230 3243 -1 3243 5230 5231 -1 3243 5231 3244 -1 3244 5231 5232 -1 3244 5232 3245 -1 3245 5232 2216 -1 2216 5232 5233 -1 2216 5233 3226 -1 5234 2206 3241 -1 2206 5234 3242 -1 3238 3237 5235 -1 5235 3237 5211 -1 5235 5211 5236 -1 5236 5211 3242 -1 5236 3242 5237 -1 5237 3242 5234 -1 5237 5234 5238 -1 2203 3238 5239 -1 5239 3238 5235 -1 5239 5235 5240 -1 5240 5235 5236 -1 5240 5236 5241 -1 5241 5236 5237 -1 5241 5237 5242 -1 5242 5237 5238 -1 5242 5238 5243 -1 5243 5238 5244 -1 5245 5246 5247 -1 5247 5246 5248 -1 5247 5248 5249 -1 5247 5250 5245 -1 5245 5250 5238 -1 5245 5238 5251 -1 5251 5238 5234 -1 5251 5234 5233 -1 5233 5234 3241 -1 5233 3241 3226 -1 5252 5253 5254 -1 5255 5256 5257 -1 5257 5256 5258 -1 5257 5258 5259 -1 5244 5260 5261 -1 5261 5260 5262 -1 5261 5262 5263 -1 5263 5262 5264 -1 5263 5264 5265 -1 5265 5264 5266 -1 5265 5266 5267 -1 5258 5268 5259 -1 5259 5268 5269 -1 5259 5269 5270 -1 5244 5255 5260 -1 5260 5255 5257 -1 5260 5257 5262 -1 5262 5257 5259 -1 5262 5259 5264 -1 5264 5259 5270 -1 5264 5270 5266 -1 5244 5238 5255 -1 5255 5238 5250 -1 5255 5250 5256 -1 5256 5250 5247 -1 5256 5247 5258 -1 5258 5247 5249 -1 5258 5249 5268 -1 5210 5209 5271 -1 5271 5209 5272 -1 5271 5272 5273 -1 5273 5272 5274 -1 5273 5274 5275 -1 5275 5274 5276 -1 5275 5276 5277 -1 5277 5276 5278 -1 5277 5278 5279 -1 5188 5187 5280 -1 5280 5187 5281 -1 5280 5281 5282 -1 5283 5284 5285 -1 5285 5284 5286 -1 5285 5286 5287 -1 5287 5286 5288 -1 5287 5288 5289 -1 5289 5288 5290 -1 5289 5290 5207 -1 5207 5290 5291 -1 5207 5291 5205 -1 5292 5293 5294 -1 5295 5296 5297 -1 5297 5296 5298 -1 5297 5298 5299 -1 5299 5298 5300 -1 5299 5300 5301 -1 5301 5300 5292 -1 5301 5292 5302 -1 5302 5292 5294 -1 5302 5294 5303 -1 5304 5283 5295 -1 5295 5283 5285 -1 5295 5285 5296 -1 5296 5285 5287 -1 5296 5287 5298 -1 5298 5287 5289 -1 5298 5289 5300 -1 5300 5289 5207 -1 5300 5207 5292 -1 5292 5207 5206 -1 5292 5206 5293 -1 5204 5305 5306 -1 5306 5305 5307 -1 5306 5307 5308 -1 5308 5307 5309 -1 2200 3239 5279 -1 5279 3239 5310 -1 5279 5310 5277 -1 5277 5310 5311 -1 5277 5311 5275 -1 5275 5311 5312 -1 5275 5312 5273 -1 5273 5312 5313 -1 5273 5313 5271 -1 5271 5313 5304 -1 5271 5304 5210 -1 5210 5304 5295 -1 5210 5295 5208 -1 5208 5295 5297 -1 5208 5297 5314 -1 5314 5297 5299 -1 5314 5299 5315 -1 5315 5299 5301 -1 5315 5301 5316 -1 5316 5301 5302 -1 5316 5302 5317 -1 5317 5302 5303 -1 5317 5303 5318 -1 5281 5319 5282 -1 5282 5319 5320 -1 5282 5320 5309 -1 5309 5320 5321 -1 5309 5321 5308 -1 3239 2203 5310 -1 5310 2203 5239 -1 5310 5239 5311 -1 5311 5239 5240 -1 5311 5240 5312 -1 5312 5240 5241 -1 5312 5241 5313 -1 5313 5241 5242 -1 5313 5242 5304 -1 5304 5242 5243 -1 5304 5243 5283 -1 5283 5243 5244 -1 5283 5244 5284 -1 5284 5244 5261 -1 5284 5261 5286 -1 5286 5261 5263 -1 5286 5263 5288 -1 5288 5263 5265 -1 5288 5265 5290 -1 5290 5265 5267 -1 5290 5267 5291 -1 5322 5323 5324 -1 5324 5323 5325 -1 5324 5325 5326 -1 5326 5325 5192 -1 5326 5192 5219 -1 5219 5192 5191 -1 5219 5191 5220 -1 5220 5191 5224 -1 5327 5328 5329 -1 5221 5330 5219 -1 5219 5330 5331 -1 5219 5331 5326 -1 5326 5331 5332 -1 5326 5332 5324 -1 5324 5332 5333 -1 5324 5333 5322 -1 5322 5333 5334 -1 5335 5336 5337 -1 5337 5336 5327 -1 5337 5327 5338 -1 5338 5327 5329 -1 5339 5334 5340 -1 5340 5334 5333 -1 5340 5333 5341 -1 5341 5333 5332 -1 5341 5332 5342 -1 5342 5332 5331 -1 5342 5331 5343 -1 5343 5331 5330 -1 5216 5199 5344 -1 5344 5199 5201 -1 5344 5201 5345 -1 5345 5201 5346 -1 5345 5346 5347 -1 5213 4478 5214 -1 5214 4478 5348 -1 5214 5348 5196 -1 5196 5348 5349 -1 5196 5349 5197 -1 5350 5351 5352 -1 5350 5352 5353 -1 5352 5354 5353 -1 5353 5354 5355 -1 5353 5355 5356 -1 5357 5355 5358 -1 5358 5355 5354 -1 5358 5354 5359 -1 5359 5354 5352 -1 5359 5352 5360 -1 5360 5352 5351 -1 5360 5351 5361 -1 5194 5193 5362 -1 5362 5193 5363 -1 5362 5363 5364 -1 5364 5363 5365 -1 5364 5365 5366 -1 5367 5350 5368 -1 5368 5350 5353 -1 5368 5353 5369 -1 5369 5353 5356 -1 5369 5356 5370 -1 5370 5356 5371 -1 5370 5371 5372 -1 5372 5371 5373 -1 5343 5367 5342 -1 5342 5367 5368 -1 5342 5368 5341 -1 5341 5368 5369 -1 5341 5369 5340 -1 5340 5369 5370 -1 5340 5370 5339 -1 5339 5370 5372 -1 5339 5372 5374 -1 5374 5372 5373 -1 5374 5373 5254 -1 5254 5373 5375 -1 5254 5375 5252 -1 5218 5376 5199 -1 5199 5376 5215 -1 5199 5215 5200 -1 5200 5215 5214 -1 5200 5214 5201 -1 5201 5214 5196 -1 5201 5196 5346 -1 5346 5196 5198 -1 5346 5198 5347 -1 5347 5198 5377 -1 5347 5377 5378 -1 5221 5217 5330 -1 5330 5217 5216 -1 5330 5216 5343 -1 5343 5216 5344 -1 5343 5344 5367 -1 5367 5344 5345 -1 5367 5345 5350 -1 5350 5345 5347 -1 5350 5347 5351 -1 5351 5347 5378 -1 5351 5378 5361 -1 5254 5335 5374 -1 5374 5335 5337 -1 5374 5337 5339 -1 5339 5337 5338 -1 5339 5338 5334 -1 5334 5338 5329 -1 5334 5329 5322 -1 5322 5329 5328 -1 5322 5328 5323 -1 5204 5203 5305 -1 5305 5203 5379 -1 5305 5379 5380 -1 5318 5202 5317 -1 5317 5202 5204 -1 5317 5204 5316 -1 5316 5204 5306 -1 5316 5306 5315 -1 5315 5306 5308 -1 5315 5308 5314 -1 5314 5308 5321 -1 5314 5321 5208 -1 5208 5321 5320 -1 5208 5320 5209 -1 5209 5320 5319 -1 5209 5319 5272 -1 5272 5319 5281 -1 5272 5281 5274 -1 5274 5281 5187 -1 5274 5187 5276 -1 5276 5187 5189 -1 5276 5189 5278 -1 5357 5366 5355 -1 5355 5366 5365 -1 5355 5365 5356 -1 5356 5365 5363 -1 5356 5363 5371 -1 5371 5363 5193 -1 5371 5193 5373 -1 5373 5193 5195 -1 5373 5195 5375 -1 5375 5195 5381 -1 5375 5381 5252 -1 5229 5222 5228 -1 5228 5222 5190 -1 5228 5190 5227 -1 5227 5190 5192 -1 5227 5192 5226 -1 5226 5192 5325 -1 5226 5325 5230 -1 5230 5325 5323 -1 5230 5323 5231 -1 5231 5323 5328 -1 5231 5328 5232 -1 5232 5328 5327 -1 5232 5327 5233 -1 5233 5327 5336 -1 5233 5336 5251 -1 5251 5336 5335 -1 5251 5335 5245 -1 5245 5335 5254 -1 5245 5254 5246 -1 5246 5254 5253 -1 5246 5253 5248 -1 5382 5383 5384 -1 5385 5386 5387 -1 5388 5389 5390 -1 5391 5392 5393 -1 5394 5395 5396 -1 5397 5398 5399 -1 5400 5401 5402 -1 5403 5404 5405 -1 5406 5407 5408 -1 5409 5410 5411 -1 4861 5412 5413 -1 5414 5415 5416 -1 5417 5418 5419 -1 5404 5403 5420 -1 5421 5422 5423 -1 5038 4861 5424 -1 5425 5426 5427 -1 5428 5429 5430 -1 5431 5432 5433 -1 5434 5435 5436 -1 5437 5438 5439 -1 5440 5441 5442 -1 5443 5444 5445 -1 5446 5447 5448 -1 5449 5450 5451 -1 5452 5453 5454 -1 5455 5456 5457 -1 5458 5459 5460 -1 5412 4861 5461 -1 5462 5463 5464 -1 5465 5466 5467 -1 5468 5469 5470 -1 5471 5472 5473 -1 5474 5475 5476 -1 5475 5477 5478 -1 5479 5480 5481 -1 5482 5483 5484 -1 5485 5486 5487 -1 5488 5489 5490 -1 5491 5492 5493 -1 2088 2098 5494 -1 5495 5496 5497 -1 4488 5498 5499 -1 5220 5500 5501 -1 5229 5225 5502 -1 5224 5223 5503 -1 5503 5223 5222 -1 5504 5217 5501 -1 5501 5217 5221 -1 5501 5221 5220 -1 5504 5212 5215 -1 5215 5376 5504 -1 5504 5376 5218 -1 5504 5218 5217 -1 5505 4475 4477 -1 4487 4485 5506 -1 5506 4485 4484 -1 5506 4484 5507 -1 5507 4484 4483 -1 5507 4483 5508 -1 5508 4483 4482 -1 5508 4482 5509 -1 5510 3972 4495 -1 4495 4494 5510 -1 5510 4494 4493 -1 5510 4493 4492 -1 4492 4491 5510 -1 5510 4491 4490 -1 5510 4490 5499 -1 5499 4490 4489 -1 5499 4489 4488 -1 4812 4811 5510 -1 5510 4811 4810 -1 5510 4810 3972 -1 4814 5511 4501 -1 4501 5511 5512 -1 4501 5512 4502 -1 4502 5512 5513 -1 4502 5513 4798 -1 4798 5513 5514 -1 4798 5514 4799 -1 4799 5514 4800 -1 5515 5516 5514 -1 5516 5517 5514 -1 5514 5517 5518 -1 5514 5518 5519 -1 5519 5520 5514 -1 5514 5520 4801 -1 5514 4801 4800 -1 5496 5495 5521 -1 5522 5523 5524 -1 5524 5523 5525 -1 5524 5525 5526 -1 5526 5525 5527 -1 5528 5529 5530 -1 5530 5529 5531 -1 5531 5529 5532 -1 5532 5529 5533 -1 5532 5533 5534 -1 5534 5533 5535 -1 5535 5533 5463 -1 5535 5463 5536 -1 5537 5538 5539 -1 5539 5538 5540 -1 3163 2659 5541 -1 5542 3164 5543 -1 5543 3164 3163 -1 5543 3163 5544 -1 5544 3163 5541 -1 5544 5541 5545 -1 5546 3160 5542 -1 5542 3160 3165 -1 5542 3165 3164 -1 5547 3162 5546 -1 5546 3162 3161 -1 5546 3161 3160 -1 2669 5548 2672 -1 2672 5548 5549 -1 2672 5549 2671 -1 2671 5549 5465 -1 3158 3159 5550 -1 5550 3159 2677 -1 5550 2677 2678 -1 2737 2687 5551 -1 5551 2687 2688 -1 5551 2688 2689 -1 2689 2684 5551 -1 5551 2684 2685 -1 5551 2685 2686 -1 2686 2683 5551 -1 5551 2683 3157 -1 5551 3157 5467 -1 2747 2746 5552 -1 2746 2745 5552 -1 5552 2745 2744 -1 5552 2744 2743 -1 2743 2742 5552 -1 5552 2742 2741 -1 5552 2741 2740 -1 2740 2739 5552 -1 5552 2739 2738 -1 5552 2738 2737 -1 2516 2747 5553 -1 5553 2747 5552 -1 5553 5552 5554 -1 5554 5552 5555 -1 2737 5551 5552 -1 5552 5551 4835 -1 5552 4835 5555 -1 5556 5142 5557 -1 5557 5142 5143 -1 5557 5143 4457 -1 5558 5167 5145 -1 2107 2106 5558 -1 2107 5558 2113 -1 2099 2115 5558 -1 5558 2115 2114 -1 5558 2114 2113 -1 2106 2112 5558 -1 5558 2112 2111 -1 5558 2111 5167 -1 5167 2111 2110 -1 5167 2110 2109 -1 2095 2105 5559 -1 5559 2105 2104 -1 5559 2104 2103 -1 2103 2102 5559 -1 5559 2102 2101 -1 5559 2101 5558 -1 5558 2101 2100 -1 5558 2100 2099 -1 2098 2097 5494 -1 5494 2097 5560 -1 5494 5560 5561 -1 2097 2096 5560 -1 5560 2096 2094 -1 5560 2094 5559 -1 5559 2094 2093 -1 5559 2093 2095 -1 2092 2091 5562 -1 5562 2091 2089 -1 2078 2087 5563 -1 2078 5564 2081 -1 2081 5564 5565 -1 2081 5565 5566 -1 3227 2076 5567 -1 5567 2076 3231 -1 5567 3231 5566 -1 5566 3231 3230 -1 5566 3230 2081 -1 5225 2135 3228 -1 4975 5492 4973 -1 4973 5492 5491 -1 4973 5491 4971 -1 5489 5488 5568 -1 5568 5488 5569 -1 5568 5569 5570 -1 5570 5569 5571 -1 5570 5571 5572 -1 5573 5574 5490 -1 5490 5574 5575 -1 5490 5575 5488 -1 5488 5575 5576 -1 5488 5576 5569 -1 5569 5576 5577 -1 5569 5577 5571 -1 5571 5577 5578 -1 5571 5578 5572 -1 5572 5578 5579 -1 5572 5579 4967 -1 4967 5579 4968 -1 5145 5144 5558 -1 5558 5144 5142 -1 5558 5142 5559 -1 5559 5142 5556 -1 5559 5556 5560 -1 5560 5556 5580 -1 5560 5580 5561 -1 5561 5580 5581 -1 5561 5581 5582 -1 5582 5581 5583 -1 5582 5583 5584 -1 5585 5573 5586 -1 5586 5573 5490 -1 5586 5490 5587 -1 5587 5490 5489 -1 5587 5489 5588 -1 5588 5489 5568 -1 5588 5568 5493 -1 5493 5568 5570 -1 5493 5570 5491 -1 5491 5570 5572 -1 5491 5572 4971 -1 4971 5572 4967 -1 5589 5590 5591 -1 5584 5592 5582 -1 5582 5592 5593 -1 5582 5593 5561 -1 5561 5593 5562 -1 5561 5562 5494 -1 5494 5562 2089 -1 5494 2089 2088 -1 5563 5594 5595 -1 5595 5594 5596 -1 5595 5596 5597 -1 2078 5563 5564 -1 5564 5563 5595 -1 5564 5595 5565 -1 5565 5595 5597 -1 5565 5597 5566 -1 5566 5597 5598 -1 5566 5598 5567 -1 5599 5600 5601 -1 5601 5600 5602 -1 5601 5602 5603 -1 5599 5604 5605 -1 5605 5604 5503 -1 5605 5503 5502 -1 5502 5503 5222 -1 5502 5222 5229 -1 5502 5606 5605 -1 5605 5606 5607 -1 5605 5607 5599 -1 5599 5607 5608 -1 5599 5608 5600 -1 4478 5213 4477 -1 4477 5213 5212 -1 4477 5212 5505 -1 5505 5212 5504 -1 5505 5504 5609 -1 5609 5504 5501 -1 5609 5501 5610 -1 5610 5501 5500 -1 4481 4475 5611 -1 5611 4475 5505 -1 5611 5505 5612 -1 5612 5505 5609 -1 5612 5609 5613 -1 5613 5609 5610 -1 4482 4481 5509 -1 5509 4481 5611 -1 5509 5611 5603 -1 5603 5611 5612 -1 5603 5612 5601 -1 5601 5612 5613 -1 5601 5613 5599 -1 5599 5613 5610 -1 5599 5610 5604 -1 5604 5610 5500 -1 5604 5500 5503 -1 5503 5500 5220 -1 5503 5220 5224 -1 2087 2092 5563 -1 5563 2092 5562 -1 5563 5562 5594 -1 5594 5562 5593 -1 5594 5593 5596 -1 5596 5593 5592 -1 5596 5592 5487 -1 5487 5592 5584 -1 5487 5584 5485 -1 5591 5614 5589 -1 5589 5614 5615 -1 5589 5615 5616 -1 5616 5615 5617 -1 5617 5615 5618 -1 5617 5618 5619 -1 5619 5618 5620 -1 5619 5620 5621 -1 5485 5590 5486 -1 5486 5590 5589 -1 5486 5589 5622 -1 5622 5589 5616 -1 5622 5616 5623 -1 5623 5616 5617 -1 5623 5617 5624 -1 5624 5617 5619 -1 5624 5619 5482 -1 5482 5619 5621 -1 5482 5621 5483 -1 5625 5626 5627 -1 5627 5626 5479 -1 5627 5479 5628 -1 5628 5479 5481 -1 5629 5630 5631 -1 5631 5630 5632 -1 5631 5632 5633 -1 5487 5634 5635 -1 5633 5632 5636 -1 5636 5632 5637 -1 5636 5637 5638 -1 5639 5640 5638 -1 5641 5639 5481 -1 5481 5639 5638 -1 5481 5638 5628 -1 5628 5638 5637 -1 5628 5637 5627 -1 5627 5637 5632 -1 5627 5632 5625 -1 5625 5632 5630 -1 5476 5475 5642 -1 5642 5475 5478 -1 5642 5478 5643 -1 5643 5478 5644 -1 5643 5644 5645 -1 5645 5644 5646 -1 5645 5646 5647 -1 5647 5646 5648 -1 5647 5648 5649 -1 5649 5648 5650 -1 5649 5650 5651 -1 5652 5653 5654 -1 5655 5635 5656 -1 5656 5635 5634 -1 5656 5634 5657 -1 5225 3228 5502 -1 5502 3228 3227 -1 5502 3227 5606 -1 5606 3227 5567 -1 5606 5567 5607 -1 5607 5567 5598 -1 5607 5598 5608 -1 5608 5598 5597 -1 5608 5597 5600 -1 5600 5597 5596 -1 5600 5596 5602 -1 5602 5596 5487 -1 5602 5487 5603 -1 5603 5487 5635 -1 5603 5635 5509 -1 5509 5635 5655 -1 5509 5655 5508 -1 5508 5655 5658 -1 5508 5658 5507 -1 4814 4813 5659 -1 5659 4813 4812 -1 5659 4812 5660 -1 5660 4812 5510 -1 5660 5510 5661 -1 5661 5510 5499 -1 5661 5499 5662 -1 5662 5499 5498 -1 5653 5652 5663 -1 5640 5639 5654 -1 5654 5639 5641 -1 5654 5641 5652 -1 5652 5641 5664 -1 5652 5664 5663 -1 5662 5663 5661 -1 5661 5663 5664 -1 5661 5664 5660 -1 5660 5664 5665 -1 5660 5665 5659 -1 5659 5665 5666 -1 5659 5666 5667 -1 5477 5475 5668 -1 5668 5475 5474 -1 5668 5474 5669 -1 5670 5671 5672 -1 5672 5671 5673 -1 5672 5673 5674 -1 5675 5676 5677 -1 5677 5676 5678 -1 5677 5678 5679 -1 5675 5680 5676 -1 5676 5680 5681 -1 5676 5681 5678 -1 5678 5681 5682 -1 5678 5682 5683 -1 5684 5685 5686 -1 5686 5685 5687 -1 5686 5687 5471 -1 5471 5687 5688 -1 5471 5688 5472 -1 5472 5688 5689 -1 5690 5691 5692 -1 5692 5691 5693 -1 5692 5693 5694 -1 5694 5693 5695 -1 5669 5696 5668 -1 5668 5696 5697 -1 5668 5697 5477 -1 5477 5697 5698 -1 5477 5698 5478 -1 5478 5698 5699 -1 5478 5699 5644 -1 5644 5699 5700 -1 5644 5700 5646 -1 5646 5700 5701 -1 5646 5701 5648 -1 5648 5701 5702 -1 5648 5702 5650 -1 5703 5704 5705 -1 5705 5704 5473 -1 5705 5473 5706 -1 5706 5473 5472 -1 5706 5472 5707 -1 5707 5472 5689 -1 5687 5708 5688 -1 5688 5708 5709 -1 5688 5709 5689 -1 5689 5709 5710 -1 5689 5710 5707 -1 5707 5710 5711 -1 5707 5711 5706 -1 5706 5711 5712 -1 5706 5712 5705 -1 5705 5712 5713 -1 5705 5713 5703 -1 5691 5714 5693 -1 5693 5714 5715 -1 5693 5715 5695 -1 5695 5715 5716 -1 5695 5716 5717 -1 5670 5690 5671 -1 5671 5690 5692 -1 5671 5692 5718 -1 5718 5692 5694 -1 5718 5694 5719 -1 5719 5694 5695 -1 5719 5695 5720 -1 5720 5695 5717 -1 5720 5717 5721 -1 5721 5717 5722 -1 5723 5724 5725 -1 5725 5724 5726 -1 5725 5726 5727 -1 5727 5726 5728 -1 5727 5728 5729 -1 5729 5728 5730 -1 5724 5468 5726 -1 5726 5468 5470 -1 5726 5470 5728 -1 5728 5470 5731 -1 5728 5731 5730 -1 5730 5731 5732 -1 5715 5732 5716 -1 5716 5732 5731 -1 5716 5731 5717 -1 5717 5731 5470 -1 5717 5470 5722 -1 5722 5470 5469 -1 5733 5734 5735 -1 5735 5734 5736 -1 5735 5736 5737 -1 5737 5736 4838 -1 5737 4838 4837 -1 5735 5738 5733 -1 5733 5738 5739 -1 5733 5739 5740 -1 5740 5739 5741 -1 5740 5741 5742 -1 5679 5743 5744 -1 5744 5743 5745 -1 5744 5745 5746 -1 5746 5745 5747 -1 5748 5747 5749 -1 5749 5747 5745 -1 5749 5745 5750 -1 5750 5745 5743 -1 5679 5678 5743 -1 5743 5678 5683 -1 5743 5683 5750 -1 5750 5683 5751 -1 5750 5751 5749 -1 5749 5751 5752 -1 5749 5752 5748 -1 5753 5754 5755 -1 4814 5659 5511 -1 5511 5659 5667 -1 5511 5667 5512 -1 5512 5667 5756 -1 5512 5756 5513 -1 5757 5758 5759 -1 5759 5758 5760 -1 5759 5760 5761 -1 5755 5754 5762 -1 5762 5754 5757 -1 5762 5757 5521 -1 5521 5757 5759 -1 5521 5759 5496 -1 5496 5759 5761 -1 5496 5761 5497 -1 5756 5755 5513 -1 5513 5755 5762 -1 5513 5762 5514 -1 5514 5762 5521 -1 5514 5521 5763 -1 5763 5521 5495 -1 5763 5495 5764 -1 5764 5495 5765 -1 5764 5765 5763 -1 5763 5765 5766 -1 5763 5766 5514 -1 5514 5766 5767 -1 5514 5767 5515 -1 5685 5674 5687 -1 5687 5674 5673 -1 5687 5673 5708 -1 5708 5673 5671 -1 5708 5671 5709 -1 5709 5671 5718 -1 5709 5718 5710 -1 5710 5718 5719 -1 5710 5719 5711 -1 5711 5719 5720 -1 5711 5720 5712 -1 5712 5720 5721 -1 5712 5721 5713 -1 5713 5721 5768 -1 5713 5768 5703 -1 5703 5768 5769 -1 3157 3158 5467 -1 5467 3158 5550 -1 5467 5550 5465 -1 5465 5550 2678 -1 5465 2678 2671 -1 5770 5466 5771 -1 5771 5466 5465 -1 5771 5465 5772 -1 5772 5465 5549 -1 5772 5549 5547 -1 5547 5549 5548 -1 5547 5548 3162 -1 3162 5548 2669 -1 5773 5774 5775 -1 5775 5774 5776 -1 5775 5776 5777 -1 5777 5776 5778 -1 5777 5778 5779 -1 5779 5778 5780 -1 5779 5780 5781 -1 5781 5780 5782 -1 5781 5782 5783 -1 5783 5782 5784 -1 5783 5784 5785 -1 5785 5784 5786 -1 5785 5786 5787 -1 5787 5788 5789 -1 5789 5788 5790 -1 5723 5773 5724 -1 5724 5773 5775 -1 5724 5775 5468 -1 5468 5775 5777 -1 5468 5777 5469 -1 5469 5777 5779 -1 5469 5779 5722 -1 5722 5779 5781 -1 5722 5781 5721 -1 5721 5781 5783 -1 5721 5783 5768 -1 5768 5783 5785 -1 5768 5785 5769 -1 5769 5785 5787 -1 5769 5787 5791 -1 5791 5787 5789 -1 5464 5463 5527 -1 5527 5463 5533 -1 5527 5533 5526 -1 5526 5533 5529 -1 5526 5529 5524 -1 5524 5529 5528 -1 5524 5528 5792 -1 5680 5684 5681 -1 5681 5684 5686 -1 5681 5686 5682 -1 5682 5686 5471 -1 5682 5471 5683 -1 5683 5471 5473 -1 5683 5473 5751 -1 5751 5473 5704 -1 5751 5704 5752 -1 5752 5704 5703 -1 5752 5703 5523 -1 5523 5703 5769 -1 5523 5769 5525 -1 5525 5769 5791 -1 5525 5791 5527 -1 5527 5791 5789 -1 5527 5789 5464 -1 5464 5789 5790 -1 5464 5790 5462 -1 5786 5793 5787 -1 5787 5793 5794 -1 5787 5794 5788 -1 5788 5794 5795 -1 5788 5795 5790 -1 5790 5795 5539 -1 5790 5539 5462 -1 5462 5539 5540 -1 5462 5540 5463 -1 5463 5540 5796 -1 5463 5796 5536 -1 5545 5537 5544 -1 5544 5537 5539 -1 5544 5539 5543 -1 5543 5539 5795 -1 5543 5795 5542 -1 5542 5795 5794 -1 5542 5794 5546 -1 5546 5794 5793 -1 5546 5793 5547 -1 5547 5793 5786 -1 5547 5786 5772 -1 5772 5786 5784 -1 5772 5784 5771 -1 5771 5784 5782 -1 5771 5782 5770 -1 5770 5782 5780 -1 5770 5780 5466 -1 5466 5780 5778 -1 5466 5778 5467 -1 5467 5778 5776 -1 5467 5776 5551 -1 5551 5776 5774 -1 5551 5774 4835 -1 5797 5798 5460 -1 5460 5798 5799 -1 5460 5799 5458 -1 5800 5801 5460 -1 5460 5801 5802 -1 5460 5802 5797 -1 5803 5804 5460 -1 5460 5804 5805 -1 5460 5805 5800 -1 5806 5460 5807 -1 5807 5460 4861 -1 5461 4861 5460 -1 5408 5407 5808 -1 5808 5407 5809 -1 5808 5809 5810 -1 5810 5809 5457 -1 5810 5457 5811 -1 5811 5457 5456 -1 5811 5456 5812 -1 4861 5813 5807 -1 5807 5813 5814 -1 5807 5814 5806 -1 5806 5814 5815 -1 5806 5815 5460 -1 5460 5815 5816 -1 5460 5816 5803 -1 5803 5817 5804 -1 5804 5817 5818 -1 5804 5818 5805 -1 5805 5818 5819 -1 5805 5819 5800 -1 5800 5819 5820 -1 5800 5820 5801 -1 5801 5820 5821 -1 5801 5821 5802 -1 5802 5821 5822 -1 5802 5822 5797 -1 5797 5822 5823 -1 5797 5823 5798 -1 5798 5823 5824 -1 5798 5824 5799 -1 5799 5824 5825 -1 5799 5825 5458 -1 5458 5825 5826 -1 5458 5826 5459 -1 5815 5827 5816 -1 5816 5827 5828 -1 5816 5828 5803 -1 5803 5828 5829 -1 5803 5829 5817 -1 5817 5829 5830 -1 5817 5830 5818 -1 5818 5830 5831 -1 5818 5831 5819 -1 5819 5831 5832 -1 5819 5832 5820 -1 5820 5832 5833 -1 5820 5833 5821 -1 5821 5833 5834 -1 5821 5834 5822 -1 5822 5834 5835 -1 5822 5835 5823 -1 5823 5835 5836 -1 5823 5836 5824 -1 5824 5836 5837 -1 5824 5837 5825 -1 5825 5837 5838 -1 5825 5838 5826 -1 5839 5840 5841 -1 5841 5840 5842 -1 5841 5842 5843 -1 5844 5845 5453 -1 5453 5845 5454 -1 5454 5845 5846 -1 5454 5846 5847 -1 5455 5452 5456 -1 5456 5452 5454 -1 5456 5454 5812 -1 5812 5454 5847 -1 5812 5847 5848 -1 5848 5847 5849 -1 5850 5851 5852 -1 5852 5851 5853 -1 5854 5855 5856 -1 5856 5855 5857 -1 5856 5857 5858 -1 5858 5857 5859 -1 5858 5859 5860 -1 5861 5862 5863 -1 5864 5865 5866 -1 5866 5865 5867 -1 5866 5867 5868 -1 5868 5867 5869 -1 5868 5869 5870 -1 5870 5869 5871 -1 5870 5871 5872 -1 5872 5871 5873 -1 5872 5873 5874 -1 5875 5873 5876 -1 5876 5873 5871 -1 5876 5871 5877 -1 5877 5871 5869 -1 5877 5869 5878 -1 5878 5869 5867 -1 5878 5867 5476 -1 5476 5867 5865 -1 5476 5865 5474 -1 5474 5865 5864 -1 5474 5864 5669 -1 5879 5880 5881 -1 5881 5880 5882 -1 5883 5884 5885 -1 5885 5884 5886 -1 5885 5886 5887 -1 5887 5886 5888 -1 5887 5888 5889 -1 5890 5450 5891 -1 5891 5450 5449 -1 5891 5449 5892 -1 5451 5881 5449 -1 5449 5881 5882 -1 5449 5882 5892 -1 5892 5882 5893 -1 5892 5893 5894 -1 5894 5893 5895 -1 5894 5895 5896 -1 5896 5895 5897 -1 5896 5897 5898 -1 5898 5897 5899 -1 5863 5862 5900 -1 5900 5862 5901 -1 5900 5901 5445 -1 5445 5901 5902 -1 5445 5902 5443 -1 5442 5441 5903 -1 5903 5441 5904 -1 5903 5904 5905 -1 5906 5907 5908 -1 5909 5910 5911 -1 5911 5910 5912 -1 5911 5912 5908 -1 5908 5912 5913 -1 5908 5913 5906 -1 5880 5448 5882 -1 5882 5448 5447 -1 5882 5447 5893 -1 5893 5447 5446 -1 5893 5446 5895 -1 5895 5446 5914 -1 5895 5914 5897 -1 5897 5914 5440 -1 5897 5440 5899 -1 5899 5440 5442 -1 5915 5890 5916 -1 5916 5890 5891 -1 5916 5891 5917 -1 5917 5891 5892 -1 5917 5892 5918 -1 5918 5892 5894 -1 5918 5894 5919 -1 5919 5894 5896 -1 5919 5896 5920 -1 5920 5896 5898 -1 5920 5898 5921 -1 5921 5898 5899 -1 5921 5899 5922 -1 5922 5899 5442 -1 5922 5442 5923 -1 5923 5442 5903 -1 5923 5903 5924 -1 5924 5903 5905 -1 5924 5905 5925 -1 5480 5651 5481 -1 5481 5651 5650 -1 5481 5650 5641 -1 5641 5650 5702 -1 5641 5702 5664 -1 5664 5702 5701 -1 5664 5701 5665 -1 5665 5701 5700 -1 5665 5700 5666 -1 5666 5700 5699 -1 5666 5699 5667 -1 5667 5699 5698 -1 5667 5698 5756 -1 5756 5698 5697 -1 5756 5697 5755 -1 5755 5697 5696 -1 5755 5696 5753 -1 5753 5696 5669 -1 5753 5669 5926 -1 5926 5669 5864 -1 5926 5864 5927 -1 5927 5864 5866 -1 5927 5866 5928 -1 5928 5866 5868 -1 5928 5868 5915 -1 5915 5868 5870 -1 5915 5870 5890 -1 5890 5870 5872 -1 5890 5872 5450 -1 5450 5872 5874 -1 5450 5874 5451 -1 5861 5929 5862 -1 5862 5929 5930 -1 5862 5930 5901 -1 5901 5930 5931 -1 5901 5931 5902 -1 5932 5933 5934 -1 5934 5933 5935 -1 5934 5935 5936 -1 5932 5937 5933 -1 5933 5937 5938 -1 5933 5938 5935 -1 5935 5938 5939 -1 5935 5939 5936 -1 5936 5939 5940 -1 5936 5940 5934 -1 5934 5940 5941 -1 5934 5941 5942 -1 5943 5944 5945 -1 5945 5944 5934 -1 5945 5934 5946 -1 5946 5934 5942 -1 5947 5843 5948 -1 5948 5843 5842 -1 5948 5842 5934 -1 5934 5842 5840 -1 5934 5840 5932 -1 5932 5840 5839 -1 5932 5839 5937 -1 4861 5949 5934 -1 5934 5949 5950 -1 5934 5950 5948 -1 5948 5950 5951 -1 5948 5951 5947 -1 5947 5951 5952 -1 4861 5953 5949 -1 5949 5953 5954 -1 5949 5954 5950 -1 5950 5954 5955 -1 5950 5955 5951 -1 5951 5955 5956 -1 5951 5956 5952 -1 5952 5956 5957 -1 4861 5958 5953 -1 5953 5958 5959 -1 5953 5959 5954 -1 5954 5959 5960 -1 5954 5960 5955 -1 5955 5960 5961 -1 5955 5961 5956 -1 5956 5961 5850 -1 5956 5850 5957 -1 5957 5850 5852 -1 5962 5963 5964 -1 5965 5966 5967 -1 5967 5966 5968 -1 5967 5968 5969 -1 5969 5968 5438 -1 5969 5438 5970 -1 5970 5438 5437 -1 5970 5437 5971 -1 4861 5972 5958 -1 5958 5972 5973 -1 5958 5973 5959 -1 5959 5973 5974 -1 5959 5974 5960 -1 5960 5974 5975 -1 5960 5975 5961 -1 5961 5975 5976 -1 5961 5976 5850 -1 5850 5976 5854 -1 5850 5854 5851 -1 5851 5854 5856 -1 5851 5856 5853 -1 5853 5856 5858 -1 5853 5858 5879 -1 5879 5858 5860 -1 5977 5978 5979 -1 5980 4861 5981 -1 5981 5982 5980 -1 5980 5982 5983 -1 5980 5983 5984 -1 5984 5983 5985 -1 5984 5985 5986 -1 5979 5978 5987 -1 5987 5978 5988 -1 5987 5988 5989 -1 5989 5988 5990 -1 5989 5990 5991 -1 5991 5990 5435 -1 5991 5435 5992 -1 5992 5435 5434 -1 5992 5434 5993 -1 5436 5435 5994 -1 5994 5435 5990 -1 5994 5990 5995 -1 5995 5990 5988 -1 5995 5988 5986 -1 5986 5988 5978 -1 5986 5978 5984 -1 5984 5978 5977 -1 5984 5977 5980 -1 5985 5996 5986 -1 5986 5996 5997 -1 5986 5997 5995 -1 5995 5997 5998 -1 5995 5998 5994 -1 5994 5998 5999 -1 5994 5999 5436 -1 5993 5965 5992 -1 5992 5965 5967 -1 5992 5967 5991 -1 5991 5967 5969 -1 5991 5969 5989 -1 5989 5969 5970 -1 5989 5970 5987 -1 5987 5970 5971 -1 5987 5971 5979 -1 5861 5962 5929 -1 5929 5962 5964 -1 5929 5964 5930 -1 5930 5964 6000 -1 5930 6000 5931 -1 5931 6000 6001 -1 5931 6001 5902 -1 5902 6001 6002 -1 5902 6002 5443 -1 5910 5444 5912 -1 5912 5444 5443 -1 5912 5443 5913 -1 5913 5443 6002 -1 5913 6002 5906 -1 5906 6002 6001 -1 5906 6001 6003 -1 6003 6001 6000 -1 6003 6000 6004 -1 6004 6000 5964 -1 6004 5964 6005 -1 6005 5964 5963 -1 6005 5963 5439 -1 5439 5438 6005 -1 6005 5438 5968 -1 6005 5968 6004 -1 6004 5968 5966 -1 6004 5966 6003 -1 6003 5966 6006 -1 6003 6006 5906 -1 5906 6006 6007 -1 5906 6007 5907 -1 6007 6008 5907 -1 5907 6008 6009 -1 5907 6009 5908 -1 5908 6009 6010 -1 5908 6010 5911 -1 5911 6010 6011 -1 5911 6011 5909 -1 5909 6011 6012 -1 5909 6012 5910 -1 5910 6012 5889 -1 5910 5889 5444 -1 5444 5889 5888 -1 5444 5888 5445 -1 5445 5888 5886 -1 5445 5886 5900 -1 5900 5886 5884 -1 5900 5884 5863 -1 5905 6013 5925 -1 5925 6013 6014 -1 5925 6014 6015 -1 5426 5428 5427 -1 5427 5428 5430 -1 5427 5430 6016 -1 6016 5430 6017 -1 6016 6017 6018 -1 6018 6017 5433 -1 6018 5433 6019 -1 6019 5433 5432 -1 6019 5432 6020 -1 6021 6022 6023 -1 6024 6023 6025 -1 6025 6023 6022 -1 6025 6022 6026 -1 6027 6021 6028 -1 6028 6021 6023 -1 6028 6023 6029 -1 6029 6023 6024 -1 6029 6024 6030 -1 6014 6031 6015 -1 6015 6031 6027 -1 6015 6027 6032 -1 6032 6027 6028 -1 6032 6028 6033 -1 6033 6028 6029 -1 6033 6029 6034 -1 6034 6029 6030 -1 6034 6030 6035 -1 5999 5425 5436 -1 5436 5425 5427 -1 5436 5427 5434 -1 5434 5427 6016 -1 5434 6016 5993 -1 5993 6016 6018 -1 5993 6018 5965 -1 5965 6018 6019 -1 5965 6019 5966 -1 5966 6019 6020 -1 5966 6020 6006 -1 6006 6020 5432 -1 6006 5432 6007 -1 6007 5432 5431 -1 6007 5431 6008 -1 5522 5761 5523 -1 5523 5761 5760 -1 5523 5760 5752 -1 5752 5760 5758 -1 5752 5758 5748 -1 5748 5758 5757 -1 5748 5757 5747 -1 5747 5757 5754 -1 5747 5754 5746 -1 5746 5754 5753 -1 5746 5753 5744 -1 5744 5753 5926 -1 5744 5926 5679 -1 5679 5926 5927 -1 5679 5927 5677 -1 5677 5927 5928 -1 5677 5928 5675 -1 5675 5928 5915 -1 5675 5915 5680 -1 5680 5915 5916 -1 5680 5916 5684 -1 5684 5916 5917 -1 5684 5917 5685 -1 5685 5917 5918 -1 5685 5918 5674 -1 5674 5918 5919 -1 5674 5919 5672 -1 5672 5919 5920 -1 5672 5920 5670 -1 5670 5920 5921 -1 5670 5921 5690 -1 5690 5921 5922 -1 5690 5922 5691 -1 5691 5922 5923 -1 5691 5923 5714 -1 5714 5923 5924 -1 5714 5924 5715 -1 5715 5924 5925 -1 5715 5925 5732 -1 5732 5925 6015 -1 5732 6015 5730 -1 5730 6015 6032 -1 5730 6032 5729 -1 5729 6032 6033 -1 5729 6033 5727 -1 5727 6033 6034 -1 5727 6034 5725 -1 5725 6034 6035 -1 5725 6035 5723 -1 6036 5044 6037 -1 6037 5044 5043 -1 6037 5043 5424 -1 5424 5043 5040 -1 5424 5040 5038 -1 6038 4861 6039 -1 6040 4861 6038 -1 6041 6039 4861 -1 6042 6043 6044 -1 6044 6043 6045 -1 4861 6046 5424 -1 5424 6046 6047 -1 5424 6047 6037 -1 6037 6047 6048 -1 6037 6048 6036 -1 6036 6048 6049 -1 6036 6049 6050 -1 6050 6049 6051 -1 6050 6051 6052 -1 6052 6051 6053 -1 6052 6053 6054 -1 6054 5061 6052 -1 6052 5061 5062 -1 6052 5062 6050 -1 6050 5062 4856 -1 6050 4856 6036 -1 6036 4856 4855 -1 6036 4855 5044 -1 5046 5061 6055 -1 6055 5061 6054 -1 6055 6054 6056 -1 6056 6054 6053 -1 6056 6053 6057 -1 6057 6053 6051 -1 6057 6051 6058 -1 6058 6051 6049 -1 6058 6049 6059 -1 6059 6049 6048 -1 6059 6048 6060 -1 6060 6048 6047 -1 6060 6047 6061 -1 6061 6047 6046 -1 6061 6046 6062 -1 6062 6046 4861 -1 6063 6042 6064 -1 6064 6042 6044 -1 6064 6044 6065 -1 6065 6044 6045 -1 6065 6045 6066 -1 6067 5423 6068 -1 6067 6068 6069 -1 6070 6071 6072 -1 6072 6071 6069 -1 6072 6069 6073 -1 6073 6069 6068 -1 6074 6067 6075 -1 6075 6067 6069 -1 6075 6069 6076 -1 6076 6069 6071 -1 6076 6071 6077 -1 5410 6063 5411 -1 5411 6063 6064 -1 5411 6064 6078 -1 6078 6064 6065 -1 6078 6065 6079 -1 6079 6065 6066 -1 6079 6066 6080 -1 6081 6082 6083 -1 6084 6085 6081 -1 6081 6085 6038 -1 6081 6038 6082 -1 6082 6038 6039 -1 6082 6039 6083 -1 6083 6039 6041 -1 6086 6084 6087 -1 6087 6084 6081 -1 6087 6081 6088 -1 6088 6081 6083 -1 6088 6083 6089 -1 6089 6083 6041 -1 6090 6086 6091 -1 6092 6093 6094 -1 6094 6093 6095 -1 6094 6095 6096 -1 6096 6095 6097 -1 6096 6097 6098 -1 6098 6097 6099 -1 6098 6099 6100 -1 6100 6099 6101 -1 6102 6103 6104 -1 6103 6105 6104 -1 6104 6105 6106 -1 6104 6106 6107 -1 6107 6106 6108 -1 6107 6108 6109 -1 6109 6108 6110 -1 6109 6110 6111 -1 6111 6112 6109 -1 6109 6112 6113 -1 6109 6113 6107 -1 6107 6113 6114 -1 6107 6114 6104 -1 6104 6114 6115 -1 6104 6115 6102 -1 6116 6117 6118 -1 6118 6119 5414 -1 5419 6120 5417 -1 5417 6120 6121 -1 5417 6121 6122 -1 6122 6121 6123 -1 6122 6123 6124 -1 5418 5417 6125 -1 6125 5417 6122 -1 6125 6122 6126 -1 6126 6122 6124 -1 6126 6124 6127 -1 6038 6128 6129 -1 6129 6128 6130 -1 6129 6130 6131 -1 6131 6130 6132 -1 6131 6132 6133 -1 6038 6129 6134 -1 6134 6129 6131 -1 6134 6131 6135 -1 6135 6131 6133 -1 6135 6133 6136 -1 5416 5415 6137 -1 5414 6119 5415 -1 5415 6119 6138 -1 5415 6138 6137 -1 6118 6117 6119 -1 6119 6117 6139 -1 6119 6139 6138 -1 6138 6139 6140 -1 6138 6140 6137 -1 6110 6141 6111 -1 6111 6141 6137 -1 6111 6137 6112 -1 6112 6137 6140 -1 6112 6140 6113 -1 6113 6140 6139 -1 6113 6139 6114 -1 6114 6139 6117 -1 6114 6117 6115 -1 6115 6117 6116 -1 6115 6116 6102 -1 6137 6090 6142 -1 6090 6091 6142 -1 6142 6091 6143 -1 6142 6143 6137 -1 6086 6087 6091 -1 6091 6087 6088 -1 6091 6088 6143 -1 6143 6088 6089 -1 6143 6089 6137 -1 6137 6089 6041 -1 6137 6041 4861 -1 6123 6144 6124 -1 6124 6144 6145 -1 6124 6145 6127 -1 6127 6145 6146 -1 6127 6146 6147 -1 6147 6146 6148 -1 6144 6149 6145 -1 6145 6149 6150 -1 6145 6150 6146 -1 6146 6150 6151 -1 6146 6151 6148 -1 6080 6040 6079 -1 6079 6040 6152 -1 6079 6152 6078 -1 6078 6152 6153 -1 6078 6153 5411 -1 5411 6153 6154 -1 5411 6154 5409 -1 5409 6154 6155 -1 6156 6157 6158 -1 6159 6160 6161 -1 5396 5395 6162 -1 6162 5395 6163 -1 6162 6163 6164 -1 6164 6163 6165 -1 6164 6165 6166 -1 6166 6165 6167 -1 6166 6167 6168 -1 6168 6167 6169 -1 6168 6169 6170 -1 6040 6038 6152 -1 6152 6038 6134 -1 6152 6134 6153 -1 6153 6134 6135 -1 6153 6135 6154 -1 6154 6135 6136 -1 6154 6136 6155 -1 6155 6136 6171 -1 6155 6171 6172 -1 6172 6171 6156 -1 6172 6156 6173 -1 6173 6156 6158 -1 6173 6158 6161 -1 6080 4861 6040 -1 6151 6171 6148 -1 6148 6171 6136 -1 6148 6136 6147 -1 6147 6136 6133 -1 6147 6133 6127 -1 6127 6133 6132 -1 6127 6132 6126 -1 6126 6132 6130 -1 6126 6130 6125 -1 6125 6130 6128 -1 6125 6128 5418 -1 5418 6128 6038 -1 5418 6038 5419 -1 5419 6038 6174 -1 5419 6174 6120 -1 6175 6176 6177 -1 6175 6177 6178 -1 5943 5945 6179 -1 6179 5945 5946 -1 6179 5946 6180 -1 6180 5946 5942 -1 6180 5942 6181 -1 6181 5942 5941 -1 6181 5941 6182 -1 6182 5941 5940 -1 6182 5940 6183 -1 6183 5940 5939 -1 6183 5939 6184 -1 6184 5939 5938 -1 6184 5938 6185 -1 6185 5938 5937 -1 6185 5937 6186 -1 6186 5937 5839 -1 6186 5839 6187 -1 6187 5839 5841 -1 6187 5841 6188 -1 6188 5841 5843 -1 6188 5843 6189 -1 6189 5843 5947 -1 6189 5947 5844 -1 5844 5947 5952 -1 5844 5952 5845 -1 5845 5952 5957 -1 5845 5957 5846 -1 5846 5957 5852 -1 5846 5852 5847 -1 5847 5852 5853 -1 5847 5853 5849 -1 5849 5853 5879 -1 5849 5879 5848 -1 5848 5879 5881 -1 5848 5881 5812 -1 5812 5881 5451 -1 5812 5451 5811 -1 5811 5451 5874 -1 5811 5874 5810 -1 5810 5874 5873 -1 5810 5873 5808 -1 5808 5873 5875 -1 5808 5875 5408 -1 5408 5875 6190 -1 5408 6190 5406 -1 5406 5413 5407 -1 5407 5413 5412 -1 5407 5412 5809 -1 5809 5412 5461 -1 5809 5461 5457 -1 5457 5461 5460 -1 5457 5460 5455 -1 5455 5460 5459 -1 5455 5459 5452 -1 5452 5459 5826 -1 5452 5826 5453 -1 5453 5826 5838 -1 5453 5838 5844 -1 5844 5838 5837 -1 5844 5837 6189 -1 6189 5837 5836 -1 6189 5836 6188 -1 6188 5836 5835 -1 6188 5835 6187 -1 6187 5835 5834 -1 6187 5834 6186 -1 6186 5834 5833 -1 6186 5833 6185 -1 6185 5833 5832 -1 6185 5832 6184 -1 6184 5832 5831 -1 6184 5831 6183 -1 6183 5831 5830 -1 6183 5830 6182 -1 6182 5830 5829 -1 6182 5829 6181 -1 6181 5829 5828 -1 6181 5828 6180 -1 6180 5828 5827 -1 6180 5827 6179 -1 6179 5827 5815 -1 6179 5815 5943 -1 5943 5815 5814 -1 5943 5814 5944 -1 5944 5814 5813 -1 5944 5813 5934 -1 5934 5813 4861 -1 5423 5422 6068 -1 6068 5422 6191 -1 6068 6191 6073 -1 6073 6191 6192 -1 6073 6192 6072 -1 6072 6192 6193 -1 6072 6193 6070 -1 5046 6055 5047 -1 5047 6055 6194 -1 5047 6194 4850 -1 4850 6195 6196 -1 6193 6197 6070 -1 6070 6197 6198 -1 6070 6198 6071 -1 6071 6198 5401 -1 6071 5401 6077 -1 6077 5401 5400 -1 5397 6199 6200 -1 6200 6199 6201 -1 6200 6201 6202 -1 6202 6201 6203 -1 4850 6196 4851 -1 4851 6196 6204 -1 4851 6204 4853 -1 6195 6205 6196 -1 6196 6205 6206 -1 6196 6206 6204 -1 6204 6206 6207 -1 6204 6207 4853 -1 6205 6208 6206 -1 6206 6208 6209 -1 6206 6209 6207 -1 6207 6209 6210 -1 6207 6210 4853 -1 4853 6210 6211 -1 4853 6211 4977 -1 6057 5420 6056 -1 6056 5420 5403 -1 6056 5403 6055 -1 6055 5403 5405 -1 6055 5405 6194 -1 6194 5405 6212 -1 6194 6212 4850 -1 4850 6212 6213 -1 4850 6213 6195 -1 6195 6213 6214 -1 6195 6214 6205 -1 6205 6214 6215 -1 6205 6215 6208 -1 6216 6217 6218 -1 4975 4977 5492 -1 5492 4977 6211 -1 5492 6211 5493 -1 5493 6211 6210 -1 5493 6210 5588 -1 5588 6210 6209 -1 5588 6209 5587 -1 5587 6209 6208 -1 5587 6208 5586 -1 5586 6208 6215 -1 5586 6215 5585 -1 5585 6215 6214 -1 5585 6214 6217 -1 6217 6214 6213 -1 6217 6213 6218 -1 6218 6213 6212 -1 6218 6212 6219 -1 6219 6212 5405 -1 6197 6203 6198 -1 6198 6203 6201 -1 6198 6201 5401 -1 5401 6201 6199 -1 5401 6199 5402 -1 5402 6199 5397 -1 5402 5397 6220 -1 6220 5397 5399 -1 5421 6170 5422 -1 5422 6170 6169 -1 5422 6169 6191 -1 6191 6169 6167 -1 6191 6167 6192 -1 6192 6167 6165 -1 6192 6165 6193 -1 6193 6165 6163 -1 6193 6163 6197 -1 6197 6163 5395 -1 6197 5395 6203 -1 6203 5395 5394 -1 6203 5394 6202 -1 5392 6221 5393 -1 5393 6221 6222 -1 5393 6222 6160 -1 6223 6224 6225 -1 6226 6227 6228 -1 6228 6227 6229 -1 6230 6231 6232 -1 6232 6231 6233 -1 6232 6233 6234 -1 6234 6233 6235 -1 6236 6230 6237 -1 6237 6230 6232 -1 6237 6232 6225 -1 6225 6232 6234 -1 6225 6234 6223 -1 5389 5398 5390 -1 5390 5398 5397 -1 5390 5397 6238 -1 6238 5397 6200 -1 6238 6200 6239 -1 6239 6200 6202 -1 6239 6202 6240 -1 6240 6202 5394 -1 6223 6241 6224 -1 6224 6241 6242 -1 6224 6242 6225 -1 6225 6242 6243 -1 6225 6243 6237 -1 6237 6243 6244 -1 6237 6244 6236 -1 6241 5385 6242 -1 6242 5385 5387 -1 6242 5387 6243 -1 6243 5387 6245 -1 6243 6245 6244 -1 6244 6245 6246 -1 6244 6246 6236 -1 6160 6159 5393 -1 5393 6159 6226 -1 5393 6226 5391 -1 5391 6226 6228 -1 5391 6228 6247 -1 6247 6228 6229 -1 6247 6229 6248 -1 6248 6229 6249 -1 6248 6249 6250 -1 6161 6158 6159 -1 6159 6158 6157 -1 6159 6157 6226 -1 6226 6157 6251 -1 6226 6251 6227 -1 6227 6251 6252 -1 6227 6252 6229 -1 6229 6252 6253 -1 6229 6253 6249 -1 6250 5386 6248 -1 6248 5386 5385 -1 6248 5385 6247 -1 6247 5385 6241 -1 6247 6241 5391 -1 5391 6241 6223 -1 5391 6223 5392 -1 5392 6223 6234 -1 5392 6234 6221 -1 6221 6234 6235 -1 6221 6235 6222 -1 6246 5388 6236 -1 6236 5388 5390 -1 6236 5390 6230 -1 6230 5390 6238 -1 6230 6238 6231 -1 6231 6238 6239 -1 6231 6239 6233 -1 6233 6239 6240 -1 6233 6240 6235 -1 6235 6240 5394 -1 6235 5394 6222 -1 6222 5394 5396 -1 6222 5396 6160 -1 6160 5396 6162 -1 6160 6162 6161 -1 6161 6162 6164 -1 6161 6164 6173 -1 6173 6164 6166 -1 6173 6166 6172 -1 6172 6166 6168 -1 6172 6168 6155 -1 6155 6168 6170 -1 6155 6170 5409 -1 5409 6170 5421 -1 5409 5421 5410 -1 5410 5421 5423 -1 5410 5423 6063 -1 6063 5423 6067 -1 6063 6067 6042 -1 6042 6067 6074 -1 6042 6074 6043 -1 6176 6175 6254 -1 6254 6175 6255 -1 6254 6255 6256 -1 6256 6255 6257 -1 6256 6257 6258 -1 6259 6260 6178 -1 6178 6260 6261 -1 6178 6261 6175 -1 6175 6261 6262 -1 6175 6262 6255 -1 6255 6262 6263 -1 6255 6263 6257 -1 6101 6038 6100 -1 6100 6038 6085 -1 6100 6085 6098 -1 6098 6085 6084 -1 6098 6084 6096 -1 6096 6084 6086 -1 6096 6086 6094 -1 6094 6086 6090 -1 6094 6090 6092 -1 6092 6090 6137 -1 6092 6137 6093 -1 6093 6137 6141 -1 6093 6141 6095 -1 6095 6141 6110 -1 6095 6110 6097 -1 6097 6110 6108 -1 6097 6108 6099 -1 6099 6108 6106 -1 6099 6106 6101 -1 6101 6106 6105 -1 6101 6105 6038 -1 6038 6105 6103 -1 6038 6103 6174 -1 6174 6103 6102 -1 6174 6102 6120 -1 6120 6102 6116 -1 6120 6116 6121 -1 6121 6116 6118 -1 6121 6118 6123 -1 6123 6118 5414 -1 6123 5414 6144 -1 6144 5414 5416 -1 6144 5416 6149 -1 6149 5416 6137 -1 6149 6137 6150 -1 6150 6137 6259 -1 6150 6259 6151 -1 6151 6259 6178 -1 6151 6178 6171 -1 6171 6178 6177 -1 6171 6177 6156 -1 6156 6177 6176 -1 6156 6176 6157 -1 6157 6176 6254 -1 6157 6254 6251 -1 6251 6254 6256 -1 6251 6256 6252 -1 6252 6256 6258 -1 6252 6258 6253 -1 6263 5383 6257 -1 6257 5383 5382 -1 6257 5382 6258 -1 6258 5382 6264 -1 6258 6264 6253 -1 6253 6264 6265 -1 6253 6265 6249 -1 6249 6265 6266 -1 6249 6266 6250 -1 6250 6266 6267 -1 6250 6267 5386 -1 5386 6267 6268 -1 5386 6268 5387 -1 5387 6268 6269 -1 5387 6269 6245 -1 6245 6269 6270 -1 6245 6270 6246 -1 6246 6270 6271 -1 6246 6271 5388 -1 5388 6271 6272 -1 5388 6272 5389 -1 5389 6272 6273 -1 5389 6273 5398 -1 5398 6273 6216 -1 5398 6216 5399 -1 5399 6216 6218 -1 5399 6218 6220 -1 6220 6218 6219 -1 6220 6219 5402 -1 5402 6219 5405 -1 5402 5405 5400 -1 5400 5405 5404 -1 5400 5404 6077 -1 6077 5404 5420 -1 6077 5420 6076 -1 6076 5420 6057 -1 6076 6057 6075 -1 6075 6057 6058 -1 6075 6058 6074 -1 6074 6058 6059 -1 6074 6059 6043 -1 6043 6059 6060 -1 6043 6060 6045 -1 6045 6060 6061 -1 6045 6061 6066 -1 6066 6061 6062 -1 6066 6062 6080 -1 6080 6062 4861 -1 5384 6274 5382 -1 5382 6274 6275 -1 5382 6275 6264 -1 6264 6275 6276 -1 6264 6276 6265 -1 6265 6276 6277 -1 6265 6277 6266 -1 6266 6277 6278 -1 6266 6278 6267 -1 6267 6278 6279 -1 6267 6279 6268 -1 6268 6279 5484 -1 6268 5484 6269 -1 6269 5484 5483 -1 6269 5483 6270 -1 6270 5483 5621 -1 6270 5621 6271 -1 6271 5621 5620 -1 6271 5620 6272 -1 6272 5620 5618 -1 6272 5618 6273 -1 6273 5618 5615 -1 6273 5615 6216 -1 6216 5615 5614 -1 6216 5614 6217 -1 6217 5614 5591 -1 6217 5591 5585 -1 5585 5591 5590 -1 5585 5590 5573 -1 5573 5590 5485 -1 5573 5485 5574 -1 5574 5485 5584 -1 5574 5584 5575 -1 5575 5584 5583 -1 5575 5583 5576 -1 5576 5583 5581 -1 5576 5581 5577 -1 5577 5581 5580 -1 5577 5580 5578 -1 5578 5580 5556 -1 5578 5556 5579 -1 5579 5556 5557 -1 5579 5557 4968 -1 4968 5557 4457 -1 5742 5741 6280 -1 6280 5741 6281 -1 6280 6281 6282 -1 4861 5980 5972 -1 5972 5980 5977 -1 5972 5977 5973 -1 5973 5977 5979 -1 5973 5979 5974 -1 5974 5979 5971 -1 5974 5971 5975 -1 5975 5971 5437 -1 5975 5437 5976 -1 5976 5437 5439 -1 5976 5439 5854 -1 5854 5439 5963 -1 5854 5963 5855 -1 5855 5963 5962 -1 5855 5962 5857 -1 5857 5962 5861 -1 5857 5861 5859 -1 5859 5861 5863 -1 5859 5863 5860 -1 5860 5863 5884 -1 5860 5884 5879 -1 5879 5884 5883 -1 5879 5883 5880 -1 5880 5883 5885 -1 5880 5885 5448 -1 5448 5885 5887 -1 5448 5887 5446 -1 5446 5887 5889 -1 5446 5889 5914 -1 5914 5889 6012 -1 5914 6012 5440 -1 5440 6012 6011 -1 5440 6011 5441 -1 5441 6011 6010 -1 5441 6010 5904 -1 5904 6010 6009 -1 5904 6009 5905 -1 5905 6009 6008 -1 5905 6008 6013 -1 6013 6008 5431 -1 6013 5431 6014 -1 6014 5431 5433 -1 6014 5433 6031 -1 6031 5433 6017 -1 6031 6017 6027 -1 6027 6017 5430 -1 6027 5430 6021 -1 6021 5430 5429 -1 6021 5429 6022 -1 6022 5429 6283 -1 6022 6283 6026 -1 6026 6283 6282 -1 6026 6282 6025 -1 6025 6282 6281 -1 6025 6281 6024 -1 6024 6281 5741 -1 6024 5741 6030 -1 6030 5741 5739 -1 6030 5739 6035 -1 6035 5739 5738 -1 6035 5738 5723 -1 5723 5738 5735 -1 5723 5735 5773 -1 5773 5735 5737 -1 5773 5737 5774 -1 5774 5737 4837 -1 5774 4837 4835 -1 4488 4486 5498 -1 5498 4486 4487 -1 5498 4487 5662 -1 5662 4487 5506 -1 5662 5506 5663 -1 5663 5506 5507 -1 5663 5507 5653 -1 5653 5507 5658 -1 5653 5658 5654 -1 5654 5658 5655 -1 5654 5655 5640 -1 5640 5655 5656 -1 5640 5656 5638 -1 5638 5656 5657 -1 5638 5657 5636 -1 5636 5657 5634 -1 5636 5634 5633 -1 5633 5634 5487 -1 5633 5487 5631 -1 5631 5487 5486 -1 5631 5486 5629 -1 5629 5486 5622 -1 5629 5622 5630 -1 5630 5622 5623 -1 5630 5623 5625 -1 5625 5623 5624 -1 5625 5624 5626 -1 5626 5624 5482 -1 5626 5482 5479 -1 5479 5482 5484 -1 5479 5484 5480 -1 5480 5484 6279 -1 5480 6279 5651 -1 5651 6279 6278 -1 5651 6278 5649 -1 5649 6278 6277 -1 5649 6277 5647 -1 5647 6277 6276 -1 5647 6276 5645 -1 5645 6276 6275 -1 5645 6275 5643 -1 5643 6275 6274 -1 5643 6274 5642 -1 5642 6274 5384 -1 5642 5384 5476 -1 5476 5384 5383 -1 5476 5383 5878 -1 5878 5383 6263 -1 5878 6263 5877 -1 5877 6263 6262 -1 5877 6262 5876 -1 5876 6262 6261 -1 5876 6261 5875 -1 5875 6261 6260 -1 5875 6260 6190 -1 6190 6260 6259 -1 6190 6259 5406 -1 5406 6259 6137 -1 5406 6137 5413 -1 5413 6137 4861 -1 6284 6285 6286 -1 6287 6288 6289 -1 6290 6291 6292 -1 6293 6294 6295 -1 6296 6297 6298 -1 6299 6300 6301 -1 6302 6303 6304 -1 6305 6306 6307 -1 6308 6309 6310 -1 6309 6308 2563 -1 5528 5530 6311 -1 5541 2659 3172 -1 5538 5537 6284 -1 6284 5537 5545 -1 6284 5545 6285 -1 6285 5545 5541 -1 5536 5796 6312 -1 6312 5796 5540 -1 6312 5540 6313 -1 3177 2643 6308 -1 6308 2643 3181 -1 6308 3181 2563 -1 2647 6314 3166 -1 3166 6314 6315 -1 3166 6315 3167 -1 3167 6315 6316 -1 3167 6316 3168 -1 3168 6316 6317 -1 5541 3172 6285 -1 6285 3172 3171 -1 6285 3171 6286 -1 6286 3171 3170 -1 6286 3170 6318 -1 6318 3170 3169 -1 6318 3169 6317 -1 6317 3169 2655 -1 6317 2655 3168 -1 2647 3174 6314 -1 6314 3174 6319 -1 6314 6319 6320 -1 6321 6322 6323 -1 6323 6322 6324 -1 6323 6324 6325 -1 6325 6324 6326 -1 6325 6326 6327 -1 6328 6329 6330 -1 6330 6329 6331 -1 6330 6331 6332 -1 3178 2639 6321 -1 6321 2639 3177 -1 6321 3177 6322 -1 6322 3177 6308 -1 6322 6308 6324 -1 6324 6308 6310 -1 6324 6310 6326 -1 6304 6303 6333 -1 6334 6335 6336 -1 6336 6335 6337 -1 6338 6339 6340 -1 6340 6339 6341 -1 6340 6341 6332 -1 6332 6341 6320 -1 6332 6320 6330 -1 6330 6320 6319 -1 6330 6319 6328 -1 6328 6319 3174 -1 6301 6300 6302 -1 6302 6300 6342 -1 6302 6342 6303 -1 6336 6343 6334 -1 6334 6343 6344 -1 6334 6344 6345 -1 6345 6344 6346 -1 6331 6347 6332 -1 6332 6347 6298 -1 6332 6298 6340 -1 6340 6298 6297 -1 6340 6297 6338 -1 6329 6348 6331 -1 6331 6348 6349 -1 6331 6349 6347 -1 6347 6349 6350 -1 6347 6350 6298 -1 6298 6350 6295 -1 6298 6295 6296 -1 6296 6295 6294 -1 3179 6351 6352 -1 6352 6351 6353 -1 6352 6353 6354 -1 6354 6353 6355 -1 6354 6355 6356 -1 6356 6355 6357 -1 6356 6357 6358 -1 6358 6357 6359 -1 6358 6359 6360 -1 6360 6359 6361 -1 6360 6361 6362 -1 6362 6361 6363 -1 6362 6363 6364 -1 3174 3179 6328 -1 6328 3179 6352 -1 6328 6352 6329 -1 6329 6352 6354 -1 6329 6354 6348 -1 6348 6354 6356 -1 6348 6356 6349 -1 6349 6356 6358 -1 6349 6358 6350 -1 6350 6358 6360 -1 6350 6360 6295 -1 6295 6360 6362 -1 6295 6362 6293 -1 6293 6362 6364 -1 6363 6365 6364 -1 6364 6365 6366 -1 6364 6366 6293 -1 6293 6366 6367 -1 6293 6367 6294 -1 6294 6367 6368 -1 6294 6368 6296 -1 6296 6368 6369 -1 6296 6369 6297 -1 6297 6369 6370 -1 6297 6370 6338 -1 6371 6372 6373 -1 6292 6374 6375 -1 6375 6374 6376 -1 6375 6376 6377 -1 6378 6376 6379 -1 6379 6376 6374 -1 6379 6374 6380 -1 6380 6374 6292 -1 6380 6292 6381 -1 6381 6292 6382 -1 6381 6382 6383 -1 6383 6382 6384 -1 6383 6384 6385 -1 6385 6384 6372 -1 6385 6372 6386 -1 6386 6372 6371 -1 6386 6371 6387 -1 6292 6291 6382 -1 6382 6291 6388 -1 6382 6388 6384 -1 6384 6388 6389 -1 6384 6389 6372 -1 6372 6389 6390 -1 6372 6390 6373 -1 6391 6342 6392 -1 6392 6342 6300 -1 6392 6300 6393 -1 6393 6300 6299 -1 6393 6299 6394 -1 5535 5536 6395 -1 6395 5536 6312 -1 6395 6312 6396 -1 6396 6312 6313 -1 6396 6313 6397 -1 5534 5535 6398 -1 6398 5535 6395 -1 6398 6395 6399 -1 6399 6395 6396 -1 6399 6396 6400 -1 6400 6396 6397 -1 6400 6397 6401 -1 5532 5534 6402 -1 6402 5534 6398 -1 6402 6398 6403 -1 6403 6398 6399 -1 6403 6399 6404 -1 6404 6399 6400 -1 6404 6400 6405 -1 6405 6400 6401 -1 6405 6401 6406 -1 6306 6305 6288 -1 6288 6305 6407 -1 6288 6407 6289 -1 6287 6289 6408 -1 6408 6289 6409 -1 6408 6409 6410 -1 6410 6409 6411 -1 6410 6411 6412 -1 6412 6411 6413 -1 6412 6413 6414 -1 6414 6413 6415 -1 6414 6415 6416 -1 5531 5532 6416 -1 6416 5532 6402 -1 6416 6402 6414 -1 6414 6402 6403 -1 6414 6403 6412 -1 6412 6403 6404 -1 6412 6404 6410 -1 6410 6404 6405 -1 6410 6405 6408 -1 6408 6405 6406 -1 6408 6406 6287 -1 6417 6418 6419 -1 6420 6421 6422 -1 5792 5528 6423 -1 6423 5528 6311 -1 6423 6311 6424 -1 6424 6311 6419 -1 6424 6419 6425 -1 6425 6419 6418 -1 6425 6418 6426 -1 6426 6418 6427 -1 6427 6418 6422 -1 6422 6418 6417 -1 6422 6417 6420 -1 6420 6417 6428 -1 6420 6428 6429 -1 6430 6431 6432 -1 6432 6431 6429 -1 6429 6431 6420 -1 6420 6431 6433 -1 6420 6433 6421 -1 6434 6435 6430 -1 6430 6435 6436 -1 6430 6436 6431 -1 6431 6436 6437 -1 6431 6437 6433 -1 6432 6438 6430 -1 6430 6438 6439 -1 6430 6439 6434 -1 6440 6441 6442 -1 6442 6441 6443 -1 6428 6444 6429 -1 6429 6444 6445 -1 6429 6445 6432 -1 6432 6445 6442 -1 6432 6442 6438 -1 6438 6442 6443 -1 6438 6443 6439 -1 6439 6443 6446 -1 6439 6446 6434 -1 6436 6447 6437 -1 6437 6447 6448 -1 6437 6448 6433 -1 6433 6448 6449 -1 6433 6449 6421 -1 6421 6449 6450 -1 6421 6450 6422 -1 6422 6450 6451 -1 6422 6451 6427 -1 5530 5531 6311 -1 6311 5531 6416 -1 6311 6416 6419 -1 6419 6416 6415 -1 6419 6415 6417 -1 6417 6415 6413 -1 6417 6413 6428 -1 6428 6413 6411 -1 6428 6411 6444 -1 6444 6411 6409 -1 6444 6409 6445 -1 6445 6409 6289 -1 6445 6289 6442 -1 6442 6289 6407 -1 6442 6407 6440 -1 6440 6407 6305 -1 6440 6305 6333 -1 6333 6305 6307 -1 6333 6307 6304 -1 6290 6292 6452 -1 6452 6292 6375 -1 6452 6375 6453 -1 6453 6375 6377 -1 6453 6377 6454 -1 3179 3178 6351 -1 6351 3178 6321 -1 6351 6321 6353 -1 6353 6321 6323 -1 6353 6323 6355 -1 6355 6323 6325 -1 6355 6325 6357 -1 6357 6325 6327 -1 6357 6327 6359 -1 6359 6327 6455 -1 6359 6455 6361 -1 6361 6455 6456 -1 6361 6456 6363 -1 6363 6456 6378 -1 6363 6378 6365 -1 6365 6378 6379 -1 6365 6379 6366 -1 6366 6379 6380 -1 6366 6380 6367 -1 6367 6380 6381 -1 6367 6381 6368 -1 6368 6381 6383 -1 6368 6383 6369 -1 6369 6383 6385 -1 6369 6385 6370 -1 6370 6385 6386 -1 6370 6386 6338 -1 6338 6386 6387 -1 6338 6387 6339 -1 6391 6346 6342 -1 6342 6346 6344 -1 6342 6344 6303 -1 6303 6344 6343 -1 6303 6343 6333 -1 6333 6343 6336 -1 6333 6336 6440 -1 6440 6336 6337 -1 6440 6337 6441 -1 6441 6337 6457 -1 6441 6457 6443 -1 6443 6457 6458 -1 6443 6458 6446 -1 6446 6458 6459 -1 6446 6459 6434 -1 6434 6459 6460 -1 6434 6460 6435 -1 6435 6460 6461 -1 6435 6461 6436 -1 6436 6461 6462 -1 6436 6462 6447 -1 6373 6394 6371 -1 6371 6394 6299 -1 6371 6299 6387 -1 6387 6299 6301 -1 6387 6301 6339 -1 6339 6301 6302 -1 6339 6302 6341 -1 6341 6302 6304 -1 6341 6304 6320 -1 6320 6304 6307 -1 6320 6307 6314 -1 6314 6307 6306 -1 6314 6306 6315 -1 6315 6306 6288 -1 6315 6288 6316 -1 6316 6288 6287 -1 6316 6287 6317 -1 6317 6287 6406 -1 6317 6406 6318 -1 6318 6406 6401 -1 6318 6401 6286 -1 6286 6401 6397 -1 6286 6397 6284 -1 6284 6397 6313 -1 6284 6313 5538 -1 5538 6313 5540 -1 4803 4805 6463 -1 4497 4802 6464 -1 6465 6466 6467 -1 6468 6469 6470 -1 6471 6472 6473 -1 6474 6475 6476 -1 6476 6475 6477 -1 6478 6479 6480 -1 6481 6482 6483 -1 6484 6485 6486 -1 6487 6488 6489 -1 6490 6491 6492 -1 6493 6494 6495 -1 6496 6497 6498 -1 6499 6500 6501 -1 6502 6503 6504 -1 6504 6503 6505 -1 6506 6507 6508 -1 6509 6510 6511 -1 6512 6513 6514 -1 6515 6507 6516 -1 6517 6518 6519 -1 6520 4829 4828 -1 6521 4697 6522 -1 4511 4766 6523 -1 6523 4766 4784 -1 6523 4784 6521 -1 6521 4784 4698 -1 6521 4698 4697 -1 6524 6525 4781 -1 4781 6525 4782 -1 4782 6525 6526 -1 4782 6526 4827 -1 4827 6526 6527 -1 4827 6527 4828 -1 4828 6527 6528 -1 4828 6528 6520 -1 6529 6530 6531 -1 6531 6530 6532 -1 6531 6532 6533 -1 4781 4511 6524 -1 6524 4511 6523 -1 6524 6523 6534 -1 6534 6523 6521 -1 6534 6521 6535 -1 6535 6521 6522 -1 6535 6522 6536 -1 6537 6538 6539 -1 6539 6538 6540 -1 6517 6519 6541 -1 6542 6543 6544 -1 6544 6543 6545 -1 6544 6545 6546 -1 6547 6548 6549 -1 6549 6548 6542 -1 6549 6542 6550 -1 6550 6542 6544 -1 6534 6551 6524 -1 6524 6551 6552 -1 6524 6552 6525 -1 6525 6552 6553 -1 6525 6553 6526 -1 6526 6553 6554 -1 6526 6554 6527 -1 6527 6554 6546 -1 6527 6546 6555 -1 6555 6546 6545 -1 6555 6545 6519 -1 6519 6545 6543 -1 6519 6543 6541 -1 6541 6543 6542 -1 6541 6542 6556 -1 6556 6542 6548 -1 6518 6529 6519 -1 6519 6529 6531 -1 6519 6531 6555 -1 6555 6531 6533 -1 6555 6533 6527 -1 6527 6533 6532 -1 6527 6532 6528 -1 6528 6532 6530 -1 6528 6530 6520 -1 6557 6558 6559 -1 6508 6507 6560 -1 6560 6507 6515 -1 6560 6515 6561 -1 6562 6563 6564 -1 6564 6563 6565 -1 6566 6567 6568 -1 6568 6567 6569 -1 6568 6569 6570 -1 6570 6569 6571 -1 6480 6479 6572 -1 6572 6479 6573 -1 6572 6573 6574 -1 6574 6573 6575 -1 6574 6575 6576 -1 6512 6514 6577 -1 6577 6514 6578 -1 6577 6578 6579 -1 6580 6511 6581 -1 6581 6511 6510 -1 6581 6510 6582 -1 6583 6584 6585 -1 6586 6571 6587 -1 6587 6571 6569 -1 6587 6569 6579 -1 6579 6569 6567 -1 6579 6567 6577 -1 6577 6567 6566 -1 6577 6566 6512 -1 6588 6589 6590 -1 6590 6589 6591 -1 6590 6591 6592 -1 6592 6591 6593 -1 6504 6506 6502 -1 6502 6506 6508 -1 6502 6508 6594 -1 6594 6508 6560 -1 6594 6560 6559 -1 6559 6560 6561 -1 6559 6561 6557 -1 6505 6595 6596 -1 6596 6595 6597 -1 6598 6597 6599 -1 6599 6597 6595 -1 6599 6595 6600 -1 6600 6595 6505 -1 6600 6505 6601 -1 6601 6505 6503 -1 6602 6603 6604 -1 6604 6603 6605 -1 6604 6605 6606 -1 6606 6605 6607 -1 6606 6607 6608 -1 6608 6607 6609 -1 6608 6609 6610 -1 6602 6611 6603 -1 6603 6611 6612 -1 6603 6612 6605 -1 6605 6612 6613 -1 6605 6613 6607 -1 6607 6613 6614 -1 6607 6614 6609 -1 6516 6507 6615 -1 6615 6507 6506 -1 6615 6506 6616 -1 6616 6506 6504 -1 6616 6504 6617 -1 6617 6504 6505 -1 6617 6505 6611 -1 6611 6505 6596 -1 6611 6596 6612 -1 6612 6596 6597 -1 6612 6597 6613 -1 6613 6597 6598 -1 6613 6598 6614 -1 6559 6618 6594 -1 6594 6618 6619 -1 6594 6619 6502 -1 6502 6619 6620 -1 6502 6620 6503 -1 6503 6620 6621 -1 6503 6621 6601 -1 6601 6621 6622 -1 6601 6622 6600 -1 6600 6622 6623 -1 6600 6623 6599 -1 6599 6623 6624 -1 6599 6624 6598 -1 6598 6624 6625 -1 6598 6625 6614 -1 6614 6625 6626 -1 6614 6626 6609 -1 6609 6626 6627 -1 6609 6627 6610 -1 6501 6500 6628 -1 6628 6500 6629 -1 6628 6629 6630 -1 6631 6586 6632 -1 6632 6586 6587 -1 6632 6587 6633 -1 6633 6587 6579 -1 6633 6579 6634 -1 6634 6579 6578 -1 6562 6564 6635 -1 6635 6564 6636 -1 6635 6636 6637 -1 6637 6636 6638 -1 6637 6638 6639 -1 6640 6584 6641 -1 6641 6584 6583 -1 6641 6583 6642 -1 6643 6644 6640 -1 6640 6641 6643 -1 6643 6641 6642 -1 6643 6642 6645 -1 6645 6642 6646 -1 6645 6646 6647 -1 6638 6648 6649 -1 6650 6651 6652 -1 6652 6651 6653 -1 6652 6653 6496 -1 6654 6644 6655 -1 6655 6644 6643 -1 6655 6643 6656 -1 6656 6643 6645 -1 6656 6645 6657 -1 6657 6645 6647 -1 6657 6647 6658 -1 6651 6654 6653 -1 6653 6654 6655 -1 6653 6655 6659 -1 6659 6655 6656 -1 6659 6656 6660 -1 6660 6656 6657 -1 6660 6657 6661 -1 6661 6657 6658 -1 6661 6658 6662 -1 6663 6664 6665 -1 6665 6664 6666 -1 6665 6666 6667 -1 6667 6666 6668 -1 6667 6668 6669 -1 6669 6668 6670 -1 6664 6662 6666 -1 6666 6662 6658 -1 6666 6658 6668 -1 6668 6658 6647 -1 6668 6647 6670 -1 6670 6647 6646 -1 6670 6646 6671 -1 6671 6646 6642 -1 6671 6642 6580 -1 6580 6642 6583 -1 6580 6583 6511 -1 6511 6583 6585 -1 6511 6585 6509 -1 6672 6673 6674 -1 6675 6676 6677 -1 6675 6677 6678 -1 6638 6649 6639 -1 6639 6649 6679 -1 6639 6679 6680 -1 6681 6630 6682 -1 6682 6630 6629 -1 6682 6629 6683 -1 6683 6629 6495 -1 6495 6494 6683 -1 6683 6494 6684 -1 6683 6684 6682 -1 6682 6684 6685 -1 6682 6685 6681 -1 6686 6687 6688 -1 6688 6687 6689 -1 6688 6689 6690 -1 6691 6493 6692 -1 6692 6493 6495 -1 6692 6495 6693 -1 6693 6495 6629 -1 6693 6629 6694 -1 6694 6629 6500 -1 6694 6500 6588 -1 6588 6500 6499 -1 6588 6499 6589 -1 6695 6498 6678 -1 6678 6498 6497 -1 6678 6497 6675 -1 6672 6696 6697 -1 6673 6672 6698 -1 6698 6672 6699 -1 6698 6699 6700 -1 6676 6674 6677 -1 6677 6674 6673 -1 6677 6673 6678 -1 6678 6673 6698 -1 6678 6698 6695 -1 6695 6698 6700 -1 6695 6700 6701 -1 6492 6491 6702 -1 6702 6491 6703 -1 6702 6703 6704 -1 6704 6703 6705 -1 6704 6705 6706 -1 6672 6697 6699 -1 6699 6697 6707 -1 6699 6707 6700 -1 6700 6707 6708 -1 6700 6708 6701 -1 6701 6708 6709 -1 6701 6709 6710 -1 6711 6712 6696 -1 6696 6712 6713 -1 6696 6713 6697 -1 6697 6713 6714 -1 6697 6714 6707 -1 6707 6714 6715 -1 6707 6715 6708 -1 6708 6715 6716 -1 6708 6716 6709 -1 6709 6716 6717 -1 6709 6717 6710 -1 6710 6717 6718 -1 6710 6718 6719 -1 6490 6720 6491 -1 6491 6720 6721 -1 6491 6721 6703 -1 6703 6721 6722 -1 6703 6722 6705 -1 6705 6722 6690 -1 6705 6690 6706 -1 6706 6690 6689 -1 6722 6723 6690 -1 6690 6723 6724 -1 6690 6724 6688 -1 6688 6724 6725 -1 6688 6725 6686 -1 6686 6725 6726 -1 6686 6726 6727 -1 6727 6726 6728 -1 6727 6728 6729 -1 6496 6653 6497 -1 6497 6653 6659 -1 6497 6659 6675 -1 6675 6659 6660 -1 6675 6660 6676 -1 6676 6660 6661 -1 6676 6661 6674 -1 6674 6661 6662 -1 6674 6662 6672 -1 6672 6662 6664 -1 6672 6664 6696 -1 6696 6664 6663 -1 6696 6663 6711 -1 6691 6492 6493 -1 6493 6492 6702 -1 6493 6702 6494 -1 6494 6702 6704 -1 6494 6704 6684 -1 6684 6704 6706 -1 6684 6706 6685 -1 6685 6706 6689 -1 6685 6689 6681 -1 6681 6689 6687 -1 6681 6687 6730 -1 6730 6687 6686 -1 6730 6686 6731 -1 6731 6686 6727 -1 6731 6727 6732 -1 6732 6727 6729 -1 6732 6729 6733 -1 6648 6638 6734 -1 6734 6638 6636 -1 6734 6636 6735 -1 6735 6636 6564 -1 6735 6564 6736 -1 6736 6564 6565 -1 6736 6565 6737 -1 6738 6739 6740 -1 6741 6742 6743 -1 6743 6742 6744 -1 6741 6745 6742 -1 6742 6745 6746 -1 6742 6746 6747 -1 6747 6746 6748 -1 6747 6748 6749 -1 6750 6751 6752 -1 6751 6750 6746 -1 6489 6753 6487 -1 6487 6753 6754 -1 6487 6754 6755 -1 6755 6754 6756 -1 6755 6756 6757 -1 6757 6756 6758 -1 6757 6758 6759 -1 6752 6760 6750 -1 6750 6760 6761 -1 6750 6761 6762 -1 6762 6761 6763 -1 6762 6763 6764 -1 6765 6766 6767 -1 6767 6766 6768 -1 6767 6768 6769 -1 6769 6768 6770 -1 6769 6770 6488 -1 6488 6770 6771 -1 6488 6771 6489 -1 6772 6773 6485 -1 6485 6773 6774 -1 6485 6774 6486 -1 6775 6764 6776 -1 6759 6758 6777 -1 6777 6758 6778 -1 6777 6778 6779 -1 6764 6763 6776 -1 6776 6763 6780 -1 6776 6780 6781 -1 6781 6780 6782 -1 6781 6782 6783 -1 6775 6776 6784 -1 6784 6776 6781 -1 6784 6781 6785 -1 6785 6781 6783 -1 6785 6783 6786 -1 6787 6788 6789 -1 6789 6788 6790 -1 6789 6790 6791 -1 6788 6792 6790 -1 6790 6792 6793 -1 6790 6793 6791 -1 6791 6793 6794 -1 6791 6794 6795 -1 6796 6797 6798 -1 6798 6797 6799 -1 6798 6799 6779 -1 6779 6799 6800 -1 6779 6800 6777 -1 6777 6800 6801 -1 6777 6801 6759 -1 6772 6485 6802 -1 6802 6485 6484 -1 6802 6484 6803 -1 6753 6804 6754 -1 6754 6804 6805 -1 6754 6805 6756 -1 6756 6805 6806 -1 6756 6806 6758 -1 6758 6806 6807 -1 6758 6807 6778 -1 6808 6478 6809 -1 6809 6478 6480 -1 6809 6480 6558 -1 6558 6480 6572 -1 6558 6572 6559 -1 6559 6572 6574 -1 6559 6574 6618 -1 6618 6574 6576 -1 6618 6576 6619 -1 6810 6811 6812 -1 6812 6811 6813 -1 6812 6813 6814 -1 6815 6816 6817 -1 6818 6477 6819 -1 6819 6477 6475 -1 6819 6475 6820 -1 6820 6475 6474 -1 6820 6474 6803 -1 6821 6822 6814 -1 6814 6822 6823 -1 6814 6823 6812 -1 6812 6823 6824 -1 6812 6824 6810 -1 6810 6824 6825 -1 6810 6825 6826 -1 6826 6825 6827 -1 6826 6827 6828 -1 6828 6827 6469 -1 6829 6774 6830 -1 6830 6774 6773 -1 6830 6773 6831 -1 6831 6773 6772 -1 6831 6772 6832 -1 6832 6772 6802 -1 6832 6802 6833 -1 6833 6802 6803 -1 6833 6803 6834 -1 6834 6803 6474 -1 6834 6474 6835 -1 6835 6474 6476 -1 6835 6476 6836 -1 6836 6476 6477 -1 6836 6477 6837 -1 6837 6477 6818 -1 6837 6818 6838 -1 6838 6818 6839 -1 6838 6839 6840 -1 6482 6481 6841 -1 6841 6481 6815 -1 6841 6815 6842 -1 6842 6815 6817 -1 6842 6817 6843 -1 6467 6471 6844 -1 6844 6471 6473 -1 6844 6473 6845 -1 6845 6473 6846 -1 6845 6846 6847 -1 6847 6846 6848 -1 6847 6848 6849 -1 6849 6848 6850 -1 6849 6850 6851 -1 6851 6850 6852 -1 6851 6852 6853 -1 6853 6852 6854 -1 6853 6854 6855 -1 6855 6854 6856 -1 6855 6856 6857 -1 6857 6856 6858 -1 6857 6858 6859 -1 6859 6858 6860 -1 6859 6860 6861 -1 6861 6860 6862 -1 6861 6862 6863 -1 6863 6862 6744 -1 6472 6864 6473 -1 6473 6864 6840 -1 6473 6840 6846 -1 6846 6840 6839 -1 6846 6839 6848 -1 6848 6839 6818 -1 6848 6818 6850 -1 6850 6818 6819 -1 6850 6819 6852 -1 6852 6819 6820 -1 6852 6820 6854 -1 6854 6820 6803 -1 6854 6803 6856 -1 6856 6803 6484 -1 6856 6484 6858 -1 6858 6484 6486 -1 6858 6486 6860 -1 6860 6486 6774 -1 6860 6774 6862 -1 6862 6774 6829 -1 6862 6829 6744 -1 6828 6865 6826 -1 6826 6865 6866 -1 6826 6866 6810 -1 6810 6866 6867 -1 6810 6867 6811 -1 6811 6867 6868 -1 6811 6868 6813 -1 6869 6870 6871 -1 6871 6870 6872 -1 6871 6872 6873 -1 6873 6872 6874 -1 6469 6468 6828 -1 6828 6468 6875 -1 6828 6875 6865 -1 6865 6875 6876 -1 6865 6876 6866 -1 6866 6876 6877 -1 6866 6877 6867 -1 6867 6877 6878 -1 6867 6878 6868 -1 6467 6466 6471 -1 6471 6466 6879 -1 6471 6879 6472 -1 6472 6879 6880 -1 6472 6880 6864 -1 6744 6742 6863 -1 6863 6742 6747 -1 6863 6747 6861 -1 6861 6747 6749 -1 6861 6749 6859 -1 6859 6749 6881 -1 6859 6881 6857 -1 6857 6881 6787 -1 6857 6787 6855 -1 6855 6787 6789 -1 6855 6789 6853 -1 6853 6789 6791 -1 6853 6791 6851 -1 6851 6791 6795 -1 6851 6795 6849 -1 6849 6795 6882 -1 6849 6882 6847 -1 6847 6882 6883 -1 6847 6883 6845 -1 6845 6883 6884 -1 6845 6884 6844 -1 6844 6884 6885 -1 6844 6885 6467 -1 6467 6885 6886 -1 6467 6886 6465 -1 6509 6887 6510 -1 6510 6887 6888 -1 6510 6888 6582 -1 6582 6888 6889 -1 6582 6889 6890 -1 6890 6563 6582 -1 6582 6563 6562 -1 6582 6562 6581 -1 6581 6562 6635 -1 6581 6635 6580 -1 6580 6635 6637 -1 6580 6637 6671 -1 6671 6637 6639 -1 6671 6639 6670 -1 6670 6639 6680 -1 6670 6680 6669 -1 6650 6631 6651 -1 6651 6631 6632 -1 6651 6632 6654 -1 6654 6632 6633 -1 6654 6633 6644 -1 6644 6633 6634 -1 6644 6634 6640 -1 6640 6634 6578 -1 6640 6578 6584 -1 6584 6578 6514 -1 6584 6514 6585 -1 6585 6514 6513 -1 6585 6513 6509 -1 6509 6513 6891 -1 6509 6891 6887 -1 6887 6891 6892 -1 6887 6892 6888 -1 6888 6892 6893 -1 6888 6893 6889 -1 6889 6893 6894 -1 6889 6894 6890 -1 6746 6750 6748 -1 6748 6750 6762 -1 6748 6762 6749 -1 6749 6762 6764 -1 6749 6764 6881 -1 6881 6764 6775 -1 6881 6775 6787 -1 6787 6775 6784 -1 6787 6784 6788 -1 6788 6784 6785 -1 6788 6785 6792 -1 6792 6785 6786 -1 6792 6786 6793 -1 6793 6786 6895 -1 6793 6895 6794 -1 6794 6895 6896 -1 6794 6896 6795 -1 6795 6896 6483 -1 6795 6483 6882 -1 6882 6483 6482 -1 6882 6482 6883 -1 6883 6482 6841 -1 6883 6841 6884 -1 6884 6841 6842 -1 6884 6842 6885 -1 6885 6842 6843 -1 6885 6843 6886 -1 6897 6869 6898 -1 6898 6869 6871 -1 6898 6871 6593 -1 6593 6871 6873 -1 6593 6873 6592 -1 6592 6873 6874 -1 6592 6874 6590 -1 6796 6899 6797 -1 6797 6899 6900 -1 6797 6900 6901 -1 6901 6900 6902 -1 6901 6902 6903 -1 6903 6902 6904 -1 6903 6904 6905 -1 6905 6904 6906 -1 6905 6906 6907 -1 6907 6906 6816 -1 6796 6908 6899 -1 6899 6908 6909 -1 6899 6909 6900 -1 6900 6909 6910 -1 6900 6910 6902 -1 6902 6910 6911 -1 6902 6911 6904 -1 6904 6911 6912 -1 6904 6912 6906 -1 6906 6912 6913 -1 6906 6913 6816 -1 6516 6539 6515 -1 6515 6539 6540 -1 6515 6540 6561 -1 6561 6540 6538 -1 6561 6538 6557 -1 6557 6538 6914 -1 6557 6914 6558 -1 6558 6914 6915 -1 6558 6915 6809 -1 6809 6915 6916 -1 6809 6916 6808 -1 6816 6815 6907 -1 6907 6815 6481 -1 6907 6481 6905 -1 6905 6481 6483 -1 6905 6483 6903 -1 6903 6483 6896 -1 6903 6896 6901 -1 6901 6896 6895 -1 6901 6895 6797 -1 6797 6895 6786 -1 6797 6786 6799 -1 6799 6786 6783 -1 6799 6783 6800 -1 6800 6783 6782 -1 6800 6782 6801 -1 6801 6782 6780 -1 6801 6780 6759 -1 6759 6780 6763 -1 6759 6763 6757 -1 6757 6763 6761 -1 6757 6761 6755 -1 6755 6761 6760 -1 6755 6760 6487 -1 6487 6760 6752 -1 6487 6752 6488 -1 6488 6752 6751 -1 6488 6751 6769 -1 6769 6751 6746 -1 6769 6746 6767 -1 6767 6746 6745 -1 6767 6745 6765 -1 6765 6745 6741 -1 6765 6741 6917 -1 6917 6741 6743 -1 6917 6743 6918 -1 6918 6743 6919 -1 6918 6919 6920 -1 6920 6919 6921 -1 6920 6921 6922 -1 6922 6921 6464 -1 6922 6464 6923 -1 6923 6464 4802 -1 6923 4802 4801 -1 6738 6740 6924 -1 6924 6740 6925 -1 6924 6925 6926 -1 6926 6925 6927 -1 6926 6927 6928 -1 6928 6927 4806 -1 6928 4806 4498 -1 6829 6739 6744 -1 6744 6739 6738 -1 6744 6738 6743 -1 6743 6738 6924 -1 6743 6924 6919 -1 6919 6924 6926 -1 6919 6926 6921 -1 6921 6926 6928 -1 6921 6928 6464 -1 6464 6928 4498 -1 6464 4498 4497 -1 4832 4831 6929 -1 6929 4831 4830 -1 6929 4830 6930 -1 6930 4830 6931 -1 6930 6931 6932 -1 6932 6931 6933 -1 6932 6933 6934 -1 6934 6933 6935 -1 6838 6470 6837 -1 6837 6470 6469 -1 6837 6469 6836 -1 6836 6469 6827 -1 6836 6827 6835 -1 6835 6827 6825 -1 6835 6825 6834 -1 6834 6825 6824 -1 6834 6824 6833 -1 6833 6824 6823 -1 6833 6823 6832 -1 6832 6823 6822 -1 6832 6822 6831 -1 6831 6822 6821 -1 6831 6821 6830 -1 6830 6821 6936 -1 6830 6936 6829 -1 6829 6936 6937 -1 6829 6937 6739 -1 6739 6937 6938 -1 6739 6938 6740 -1 6740 6938 6939 -1 6740 6939 6925 -1 6925 6939 6463 -1 6925 6463 6927 -1 6927 6463 4805 -1 6927 4805 4806 -1 6870 6570 6872 -1 6872 6570 6571 -1 6872 6571 6874 -1 6874 6571 6586 -1 6874 6586 6590 -1 6590 6586 6631 -1 6590 6631 6588 -1 6588 6631 6650 -1 6588 6650 6694 -1 6694 6650 6652 -1 6694 6652 6693 -1 6693 6652 6496 -1 6693 6496 6692 -1 6692 6496 6498 -1 6692 6498 6691 -1 6691 6498 6695 -1 6691 6695 6492 -1 6492 6695 6701 -1 6492 6701 6490 -1 6490 6701 6710 -1 6490 6710 6720 -1 6720 6710 6719 -1 6610 6547 6608 -1 6608 6547 6549 -1 6608 6549 6606 -1 6606 6549 6550 -1 6606 6550 6604 -1 6604 6550 6544 -1 6604 6544 6602 -1 6602 6544 6546 -1 6602 6546 6611 -1 6611 6546 6554 -1 6611 6554 6617 -1 6617 6554 6553 -1 6617 6553 6616 -1 6616 6553 6552 -1 6616 6552 6615 -1 6615 6552 6551 -1 6615 6551 6516 -1 6516 6551 6534 -1 6516 6534 6539 -1 6539 6534 6535 -1 6539 6535 6537 -1 6537 6535 6536 -1 6913 6940 6816 -1 6816 6940 6941 -1 6816 6941 6817 -1 6817 6941 6942 -1 6817 6942 6843 -1 6843 6942 6943 -1 6843 6943 6886 -1 6886 6943 6944 -1 6886 6944 6465 -1 6465 6944 6737 -1 6465 6737 6466 -1 6466 6737 6565 -1 6466 6565 6879 -1 6879 6565 6563 -1 6879 6563 6880 -1 6880 6563 6890 -1 6880 6890 6864 -1 6864 6890 6894 -1 6864 6894 6840 -1 6840 6894 6893 -1 6840 6893 6838 -1 6838 6893 6892 -1 6838 6892 6470 -1 6470 6892 6891 -1 6470 6891 6468 -1 6468 6891 6513 -1 6468 6513 6875 -1 6875 6513 6512 -1 6875 6512 6876 -1 6876 6512 6566 -1 6876 6566 6877 -1 6877 6566 6568 -1 6877 6568 6878 -1 6878 6568 6570 -1 6878 6570 6868 -1 6868 6570 6870 -1 6868 6870 6813 -1 6813 6870 6869 -1 6813 6869 6814 -1 6814 6869 6897 -1 6814 6897 6821 -1 6821 6897 6945 -1 6821 6945 6936 -1 6936 6945 6946 -1 6936 6946 6937 -1 6937 6946 6935 -1 6937 6935 6938 -1 6938 6935 6933 -1 6938 6933 6939 -1 6939 6933 6931 -1 6939 6931 6463 -1 6463 6931 4830 -1 6463 4830 4803 -1 4697 4832 6522 -1 6522 4832 6929 -1 6522 6929 6536 -1 6536 6929 6930 -1 6536 6930 6537 -1 6537 6930 6932 -1 6537 6932 6538 -1 6538 6932 6934 -1 6538 6934 6914 -1 6914 6934 6935 -1 6914 6935 6915 -1 6915 6935 6946 -1 6915 6946 6916 -1 6916 6946 6945 -1 6916 6945 6808 -1 6808 6945 6897 -1 6808 6897 6478 -1 6478 6897 6898 -1 6478 6898 6479 -1 6479 6898 6593 -1 6479 6593 6573 -1 6573 6593 6591 -1 6573 6591 6575 -1 6575 6591 6589 -1 6575 6589 6576 -1 6576 6589 6499 -1 6576 6499 6619 -1 6619 6499 6501 -1 6619 6501 6620 -1 6620 6501 6628 -1 6620 6628 6621 -1 6621 6628 6630 -1 6621 6630 6622 -1 6622 6630 6681 -1 6622 6681 6623 -1 6623 6681 6730 -1 6623 6730 6624 -1 6624 6730 6731 -1 6624 6731 6625 -1 6625 6731 6732 -1 6625 6732 6626 -1 6626 6732 6733 -1 6626 6733 6627 -1 6947 6948 3678 -1 3678 6948 6949 -1 3678 6949 6950 -1 3678 6951 6952 -1 3679 6953 3678 -1 3678 6953 6954 -1 3678 6954 6951 -1 6952 6955 3678 -1 3678 6955 6956 -1 3678 6956 6947 -1 6957 6958 6959 -1 6960 5554 4834 -1 4834 5554 5555 -1 4834 5555 4835 -1 6961 6962 6963 -1 6963 6962 4834 -1 4834 6962 6964 -1 4834 6964 6960 -1 6965 6966 6967 -1 6967 6966 6968 -1 6967 6968 6963 -1 6963 6968 6969 -1 6963 6969 6961 -1 6957 6959 6967 -1 6967 6959 6970 -1 6967 6970 6965 -1 6971 6972 6973 -1 6974 6975 6976 -1 6977 6978 6979 -1 6980 2446 6981 -1 6981 2446 3132 -1 6968 6982 6969 -1 6966 6983 6979 -1 6983 6966 6965 -1 6958 6984 6959 -1 6969 6982 6961 -1 6961 6982 6985 -1 6961 6985 6962 -1 6962 6985 6986 -1 6962 6986 6964 -1 3152 3151 6960 -1 3151 2437 6960 -1 6960 2437 2427 -1 6960 2427 2429 -1 2505 2516 5553 -1 2429 2431 6960 -1 6960 2431 2424 -1 6960 2424 2425 -1 2425 2330 6960 -1 6960 2330 2420 -1 6960 2420 2421 -1 2421 2422 6960 -1 6960 2422 2415 -1 6960 2415 2416 -1 5553 5554 6960 -1 2416 2414 6960 -1 6960 2414 2413 -1 6960 2413 5553 -1 5553 2413 2504 -1 5553 2504 2505 -1 3152 6960 3153 -1 3153 6960 6964 -1 3153 6964 3154 -1 3154 6964 6986 -1 3154 6986 3133 -1 3133 6986 6985 -1 3133 6985 2328 -1 6976 6975 6987 -1 6987 6975 6981 -1 6987 6981 6988 -1 6988 6981 3132 -1 6988 3132 2328 -1 6965 6970 6983 -1 6983 6970 6989 -1 6983 6989 6979 -1 6990 6991 6992 -1 6992 6991 6973 -1 6992 6973 6993 -1 6993 6973 6972 -1 6993 6972 6958 -1 6958 6972 6971 -1 6958 6971 6984 -1 6984 6971 6989 -1 6984 6989 6959 -1 6959 6989 6970 -1 6994 6995 6990 -1 6990 6995 6996 -1 6990 6996 6991 -1 6991 6996 6997 -1 6991 6997 6973 -1 6980 6981 6998 -1 6998 6981 6975 -1 6998 6975 6999 -1 6999 6975 6974 -1 6999 6974 7000 -1 6997 7000 6973 -1 6973 7000 6974 -1 6973 6974 6971 -1 6971 6974 6976 -1 6971 6976 6989 -1 6989 6976 6987 -1 6989 6987 6979 -1 6979 6987 6988 -1 6979 6988 6977 -1 6977 6988 2328 -1 6977 2328 6978 -1 6978 2328 6985 -1 6978 6985 6979 -1 6979 6985 6982 -1 6979 6982 6966 -1 6966 6982 6968 -1 7001 7002 7003 -1 7004 7005 7006 -1 7007 7008 7009 -1 7010 7011 7012 -1 7013 7014 7015 -1 7016 7017 7018 -1 7019 7020 7021 -1 7022 7023 7024 -1 7025 7026 7027 -1 7028 7029 7030 -1 3504 3503 7031 -1 3517 3516 7032 -1 3542 3541 7033 -1 3538 7034 3539 -1 3539 7034 7035 -1 3539 7035 3540 -1 7036 3533 3543 -1 3530 3537 7037 -1 7037 3537 3536 -1 7037 3536 3534 -1 3530 7037 3531 -1 3531 7037 7038 -1 3531 7038 3532 -1 3522 3529 7038 -1 7038 3529 3528 -1 7038 3528 3532 -1 7039 3525 7040 -1 7040 3525 3523 -1 7040 3523 3522 -1 3520 3521 7039 -1 7039 3521 3526 -1 7039 3526 3525 -1 7041 3467 3466 -1 3515 3514 7041 -1 7041 3514 3518 -1 7041 3518 3467 -1 3517 7032 3508 -1 3509 7042 3510 -1 3510 7042 7043 -1 3510 7043 3511 -1 3511 7043 7044 -1 3502 3513 7044 -1 7044 3513 3512 -1 7044 3512 3511 -1 3501 3507 7045 -1 7045 3507 3506 -1 7045 3506 3505 -1 3468 3500 7046 -1 7046 3500 3501 -1 7046 3501 7047 -1 7048 7037 7036 -1 7036 7037 3534 -1 7036 3534 3533 -1 3522 7038 7040 -1 7040 7038 7037 -1 7040 7037 7049 -1 7049 7037 7048 -1 7049 7048 7050 -1 3542 7033 3543 -1 3543 7033 7051 -1 3543 7051 7036 -1 7036 7051 7052 -1 7036 7052 7048 -1 7053 7054 7028 -1 7029 7028 7055 -1 7055 7028 7054 -1 7055 7054 7056 -1 7050 7053 7057 -1 7057 7053 7028 -1 7057 7028 7058 -1 7058 7028 7030 -1 7058 7030 7059 -1 3541 3540 7033 -1 7033 3540 7035 -1 7033 7035 7051 -1 7051 7035 7060 -1 7051 7060 7052 -1 7052 7060 7061 -1 7052 7061 7062 -1 7050 7048 7053 -1 7053 7048 7052 -1 7053 7052 7054 -1 7054 7052 7062 -1 7054 7062 7056 -1 7063 7064 7065 -1 7066 7067 7068 -1 7068 7067 7069 -1 7068 7069 7070 -1 7070 7069 7071 -1 7065 7064 7072 -1 7072 7064 7073 -1 7072 7073 7074 -1 7074 7073 7075 -1 7074 7075 7067 -1 7026 7025 7076 -1 7076 7025 7075 -1 7076 7075 7077 -1 7077 7075 7073 -1 7077 7073 7078 -1 7078 7073 7064 -1 7078 7064 7079 -1 7079 7064 7063 -1 7079 7063 7080 -1 7024 7023 7081 -1 7081 7023 7082 -1 7081 7082 7083 -1 7083 7082 7084 -1 7083 7084 7085 -1 7086 7015 7016 -1 7016 7015 7021 -1 7016 7021 7017 -1 7017 7021 7020 -1 7087 7088 7089 -1 7015 7014 7021 -1 7021 7014 7090 -1 7021 7090 7019 -1 7024 7091 7022 -1 7022 7091 7092 -1 7022 7092 7093 -1 7067 7075 7069 -1 7069 7075 7025 -1 7069 7025 7071 -1 7071 7025 7027 -1 7071 7027 7089 -1 7094 7066 7095 -1 7095 7066 7068 -1 7095 7068 7096 -1 7096 7068 7070 -1 7096 7070 7097 -1 7097 7070 7071 -1 7097 7071 7098 -1 7098 7071 7089 -1 7098 7089 7099 -1 7099 7089 7088 -1 7100 7101 7102 -1 7102 7101 7010 -1 7102 7010 7103 -1 7103 7010 7012 -1 7104 7105 7007 -1 7106 7107 7108 -1 7109 7110 7108 -1 7108 7110 7111 -1 7108 7111 7106 -1 7112 7113 7114 -1 7114 7113 7115 -1 7116 7112 7117 -1 7117 7112 7114 -1 7117 7114 7107 -1 7107 7114 7115 -1 7107 7115 7108 -1 7108 7115 7118 -1 7108 7118 7109 -1 7109 7118 7119 -1 7109 7119 7120 -1 7110 7011 7111 -1 7111 7011 7010 -1 7111 7010 7121 -1 7121 7010 7101 -1 7121 7101 7122 -1 7122 7101 7100 -1 7122 7100 7123 -1 3501 7045 7047 -1 7047 7045 7124 -1 7047 7124 7125 -1 7125 7124 7126 -1 7125 7126 7127 -1 7127 7126 7128 -1 7127 7128 7129 -1 7129 7128 7130 -1 7129 7130 7131 -1 7131 7130 7009 -1 7131 7009 7132 -1 7132 7009 7008 -1 7132 7008 6994 -1 7031 7133 7134 -1 7134 7133 7135 -1 7134 7135 7136 -1 7136 7135 7137 -1 7136 7137 7138 -1 7138 7137 7139 -1 7138 7139 7140 -1 7140 7139 7006 -1 7140 7006 7104 -1 7104 7006 7005 -1 7104 7005 7105 -1 3503 3502 7031 -1 7031 3502 7044 -1 7031 7044 7133 -1 7133 7044 7043 -1 7133 7043 7141 -1 7007 7009 7104 -1 7104 7009 7130 -1 7104 7130 7140 -1 7140 7130 7128 -1 7140 7128 7138 -1 7138 7128 7126 -1 7138 7126 7136 -1 7136 7126 7124 -1 7136 7124 7134 -1 7134 7124 7045 -1 7134 7045 7031 -1 7031 7045 3505 -1 7031 3505 3504 -1 7086 7016 7142 -1 7142 7016 7018 -1 7142 7018 7143 -1 7143 7018 7144 -1 7143 7144 7145 -1 7145 7144 7146 -1 7145 7146 7147 -1 7147 7146 7148 -1 7147 7148 7149 -1 7149 7148 7150 -1 7149 7150 7151 -1 7151 7150 7152 -1 7151 7152 7153 -1 7153 7152 7154 -1 7153 7154 7155 -1 7155 7154 7156 -1 7155 7156 7157 -1 7157 7156 7158 -1 7157 7158 7159 -1 7159 7158 7160 -1 7159 7160 7161 -1 7002 7013 7003 -1 7003 7013 7015 -1 7003 7015 7162 -1 7162 7015 7086 -1 7162 7086 7163 -1 7163 7086 7142 -1 7163 7142 7093 -1 7093 7142 7143 -1 7093 7143 7022 -1 7022 7143 7145 -1 7022 7145 7023 -1 7023 7145 7147 -1 7023 7147 7082 -1 7082 7147 7149 -1 7082 7149 7084 -1 7084 7149 7151 -1 7084 7151 7164 -1 7164 7151 7153 -1 7164 7153 7165 -1 7165 7153 7155 -1 7165 7155 7166 -1 7166 7155 7157 -1 7166 7157 7167 -1 7167 7157 7159 -1 7167 7159 7168 -1 7168 7159 7161 -1 7168 7161 7169 -1 3466 3520 7041 -1 7041 3520 7039 -1 7041 7039 7170 -1 7141 7171 7133 -1 7133 7171 7012 -1 7133 7012 7135 -1 7135 7012 7011 -1 7135 7011 7137 -1 7137 7011 7110 -1 7137 7110 7139 -1 7139 7110 7109 -1 7139 7109 7006 -1 7006 7109 7120 -1 7006 7120 7004 -1 7172 7001 7173 -1 7173 7001 7003 -1 7173 7003 7174 -1 7174 7003 7162 -1 7174 7162 7175 -1 7175 7162 7163 -1 7175 7163 7176 -1 7176 7163 7093 -1 7176 7093 7177 -1 7177 7093 7092 -1 7170 7039 7178 -1 7178 7039 7040 -1 7178 7040 7179 -1 7179 7040 7049 -1 7179 7049 7180 -1 7180 7049 7050 -1 7180 7050 7181 -1 7181 7050 7057 -1 7181 7057 7182 -1 7182 7057 7058 -1 7182 7058 7183 -1 7183 7058 7059 -1 7183 7059 7184 -1 3516 3515 7032 -1 7032 3515 7041 -1 7032 7041 7185 -1 7185 7041 7170 -1 7185 7170 7169 -1 7169 7170 7178 -1 7169 7178 7168 -1 7168 7178 7179 -1 7168 7179 7167 -1 7167 7179 7180 -1 7167 7180 7166 -1 7166 7180 7181 -1 7166 7181 7165 -1 7165 7181 7182 -1 7165 7182 7164 -1 7164 7182 7183 -1 7164 7183 7084 -1 7084 7183 7184 -1 7084 7184 7085 -1 7094 7116 7066 -1 7066 7116 7117 -1 7066 7117 7067 -1 7067 7117 7107 -1 7067 7107 7074 -1 7074 7107 7106 -1 7074 7106 7072 -1 7072 7106 7111 -1 7072 7111 7065 -1 7065 7111 7121 -1 7065 7121 7063 -1 7063 7121 7122 -1 7063 7122 7080 -1 7080 7122 7123 -1 3509 3508 7042 -1 7042 3508 7032 -1 7042 7032 7043 -1 7043 7032 7185 -1 7043 7185 7141 -1 7141 7185 7169 -1 7141 7169 7171 -1 7171 7169 7161 -1 7171 7161 7012 -1 7012 7161 7160 -1 7012 7160 7103 -1 7103 7160 7158 -1 7103 7158 7102 -1 7102 7158 7156 -1 7102 7156 7100 -1 7100 7156 7154 -1 7100 7154 7123 -1 7123 7154 7152 -1 7123 7152 7080 -1 7080 7152 7150 -1 7080 7150 7079 -1 7079 7150 7148 -1 7079 7148 7078 -1 7078 7148 7146 -1 7078 7146 7077 -1 7077 7146 7144 -1 7077 7144 7076 -1 7076 7144 7018 -1 7076 7018 7026 -1 7026 7018 7017 -1 7026 7017 7027 -1 7027 7017 7020 -1 7027 7020 7089 -1 7089 7020 7019 -1 7089 7019 7087 -1 7087 7019 7090 -1 7186 7187 7188 -1 5524 5792 7189 -1 5524 7189 7188 -1 7188 7189 7190 -1 7188 7190 7186 -1 4834 4836 7188 -1 7188 4836 7191 -1 5524 7188 5522 -1 5522 7188 7191 -1 5522 7191 5761 -1 5761 7191 5497 -1 7192 7047 7125 -1 7193 7194 7195 -1 7132 6994 6990 -1 3474 3475 7194 -1 3433 3435 3635 -1 3630 3632 7194 -1 7194 3632 3634 -1 7194 3634 3472 -1 3624 3626 7194 -1 7194 3626 3628 -1 7194 3628 3630 -1 3433 3635 7194 -1 7194 3635 3625 -1 7194 3625 3624 -1 3472 3471 7194 -1 7194 3471 3473 -1 7194 3473 3474 -1 3475 3476 7194 -1 7194 3476 3477 -1 7194 3477 3478 -1 3478 3479 7194 -1 7194 3479 3480 -1 7194 3480 3481 -1 3481 3485 7194 -1 7194 3485 3484 -1 7194 3484 3483 -1 3483 3482 7194 -1 7194 3482 3489 -1 7194 3489 7195 -1 3489 3488 7195 -1 7195 3488 3487 -1 7195 3487 3486 -1 3486 3493 7195 -1 7195 3493 3491 -1 7195 3491 3490 -1 3490 3496 7195 -1 7195 3496 3495 -1 7195 3495 3498 -1 6958 6957 6993 -1 6993 6957 7196 -1 6993 7196 6992 -1 3497 3499 7192 -1 7192 3499 3469 -1 7047 7192 7046 -1 7046 7192 3469 -1 7046 3469 3468 -1 7132 6990 7131 -1 7131 6990 7197 -1 7131 7197 7198 -1 7199 6963 7200 -1 7200 6963 4834 -1 7200 4834 7193 -1 7193 7195 7200 -1 7200 7195 7201 -1 7200 7201 7199 -1 7199 7201 7202 -1 7199 7202 7198 -1 6990 6992 7197 -1 7197 6992 7196 -1 7197 7196 7198 -1 7198 7196 6957 -1 7198 6957 7199 -1 7199 6957 6967 -1 7199 6967 6963 -1 3498 3497 7195 -1 7195 3497 7192 -1 7195 7192 7201 -1 7201 7192 7125 -1 7201 7125 7202 -1 7202 7125 7127 -1 7202 7127 7198 -1 7198 7127 7129 -1 7198 7129 7131 -1 6462 6461 7203 -1 7204 7187 7186 -1 7205 7206 7207 -1 7208 7209 7210 -1 7211 7212 7213 -1 7214 7215 7216 -1 7217 7218 7219 -1 6454 7220 6453 -1 6453 7220 7221 -1 7222 6392 6393 -1 7222 6393 7223 -1 6334 6345 7224 -1 7224 6345 6346 -1 7224 6346 7222 -1 7222 6346 6391 -1 7222 6391 6392 -1 7225 7224 7226 -1 7226 7224 7222 -1 7226 7222 7227 -1 7227 7222 7223 -1 6393 6394 7223 -1 7223 6394 6373 -1 7223 6373 6390 -1 7228 6389 6388 -1 6388 6291 7229 -1 7229 6291 6290 -1 7229 6290 7221 -1 7221 6290 6452 -1 7221 6452 6453 -1 6388 7229 7228 -1 7228 7229 7230 -1 7228 7230 7231 -1 7220 7232 7221 -1 7221 7232 7233 -1 7221 7233 7229 -1 7229 7233 7234 -1 7229 7234 7230 -1 7232 7235 7233 -1 7233 7235 7236 -1 7233 7236 7234 -1 7234 7236 7237 -1 7234 7237 7230 -1 7230 7237 7238 -1 7230 7238 7231 -1 7231 7238 7239 -1 7231 7239 7240 -1 7240 7239 7241 -1 7240 7241 7242 -1 7243 7244 7245 -1 7245 7244 7246 -1 7245 7246 7247 -1 7247 7246 7248 -1 7247 7248 7249 -1 7249 7248 7250 -1 7249 7251 7247 -1 7247 7251 7252 -1 7247 7252 7245 -1 7245 7252 7253 -1 7245 7253 7243 -1 7243 7253 7254 -1 7243 7254 7255 -1 7256 7257 7258 -1 7258 7257 7259 -1 7258 7259 7260 -1 7260 7259 7261 -1 7260 7261 7262 -1 7263 7264 7265 -1 7265 7264 7266 -1 7265 7266 7267 -1 7257 7268 7259 -1 7259 7268 7269 -1 7259 7269 7261 -1 7261 7269 7270 -1 7261 7270 7262 -1 7262 7270 7271 -1 7268 7272 7269 -1 7269 7272 7273 -1 7269 7273 7270 -1 7270 7273 7265 -1 7270 7265 7271 -1 7271 7265 7267 -1 7271 7267 7274 -1 7218 7275 7219 -1 7219 7275 7276 -1 7219 7276 7277 -1 7277 7276 7278 -1 7277 7278 7279 -1 7279 7278 7280 -1 7279 7280 7281 -1 7281 7280 7282 -1 7281 7282 7283 -1 7283 7282 7284 -1 7283 7284 7285 -1 7286 7287 7215 -1 7215 7287 7288 -1 7215 7288 7216 -1 7216 7288 7289 -1 7290 7287 7291 -1 7291 7287 7286 -1 7291 7286 7292 -1 7210 7209 7293 -1 7293 7209 7294 -1 7293 7294 7211 -1 7211 7294 7295 -1 7211 7295 7212 -1 7296 7289 7297 -1 7297 7289 7288 -1 7297 7288 7298 -1 7298 7288 7287 -1 7298 7287 7299 -1 7299 7287 7290 -1 7300 7205 7301 -1 7301 7205 7207 -1 7301 7207 7302 -1 7302 7207 7303 -1 7302 7303 7304 -1 7304 7303 7305 -1 7304 7305 7190 -1 7306 7307 7308 -1 7308 7307 7309 -1 7308 7309 7310 -1 7206 7308 7207 -1 7207 7308 7310 -1 7207 7310 7303 -1 7303 7310 7204 -1 7303 7204 7305 -1 7305 7204 7186 -1 7305 7186 7190 -1 7311 7312 7313 -1 7313 7312 7314 -1 7313 7314 7266 -1 7266 7314 7315 -1 7266 7315 7267 -1 7267 7315 7316 -1 7267 7316 7274 -1 7274 7316 7317 -1 7274 7317 7271 -1 7271 7317 7255 -1 7271 7255 7262 -1 7262 7255 7254 -1 7262 7254 7260 -1 7260 7254 7253 -1 7260 7253 7258 -1 7258 7253 7252 -1 7258 7252 7256 -1 7256 7252 7251 -1 7318 7189 5792 -1 6426 7319 6425 -1 6425 7319 7320 -1 6425 7320 6424 -1 6424 7320 7318 -1 6424 7318 6423 -1 6423 7318 5792 -1 6450 7321 6451 -1 6451 7321 6427 -1 6450 6449 7321 -1 7321 6449 6448 -1 7321 6448 7203 -1 7203 6448 6447 -1 7203 6447 6462 -1 7322 6459 6458 -1 6458 6457 7322 -1 7322 6457 6337 -1 7322 6337 6335 -1 6461 6460 7203 -1 7203 6460 6459 -1 7203 6459 7225 -1 7225 6459 7322 -1 7225 7322 7224 -1 7224 7322 6335 -1 7224 6335 6334 -1 6426 6427 7319 -1 7319 6427 7321 -1 7319 7321 7323 -1 7323 7321 7203 -1 7323 7203 7324 -1 7324 7203 7225 -1 7190 7189 7304 -1 7304 7189 7318 -1 7304 7318 7302 -1 7302 7318 7320 -1 7302 7320 7301 -1 7301 7320 7319 -1 7301 7319 7300 -1 7300 7319 7323 -1 7300 7323 7325 -1 7325 7323 7324 -1 7325 7324 7326 -1 7326 7324 7225 -1 7326 7225 7242 -1 7242 7225 7226 -1 7242 7226 7240 -1 7240 7226 7227 -1 7240 7227 7231 -1 7231 7227 7223 -1 7231 7223 7228 -1 7228 7223 6390 -1 7228 6390 6389 -1 7327 7328 7292 -1 7327 7292 7213 -1 7213 7292 7286 -1 7213 7286 7211 -1 7211 7286 7215 -1 7211 7215 7293 -1 7293 7215 7214 -1 7293 7214 7210 -1 7263 7265 7329 -1 7329 7265 7273 -1 7329 7273 7330 -1 7330 7273 7272 -1 7330 7272 7331 -1 7331 7272 7268 -1 7331 7268 7332 -1 7332 7268 7257 -1 7332 7257 7333 -1 7333 7257 7256 -1 7333 7256 7334 -1 7334 7256 7251 -1 7334 7251 7335 -1 7335 7251 7249 -1 7335 7249 7336 -1 7336 7249 7250 -1 7336 7250 7337 -1 7275 7208 7276 -1 7276 7208 7210 -1 7276 7210 7278 -1 7278 7210 7214 -1 7278 7214 7280 -1 7280 7214 7216 -1 7280 7216 7282 -1 7282 7216 7289 -1 7282 7289 7284 -1 7284 7289 7296 -1 7284 7296 7285 -1 7285 7296 7338 -1 7285 7338 7339 -1 7339 7338 7340 -1 7339 7340 7341 -1 7341 7340 7342 -1 7341 7342 7343 -1 7333 7217 7332 -1 7332 7217 7219 -1 7332 7219 7331 -1 7331 7219 7277 -1 7331 7277 7330 -1 7330 7277 7279 -1 7330 7279 7329 -1 7329 7279 7281 -1 7329 7281 7263 -1 7263 7281 7283 -1 7263 7283 7264 -1 7264 7283 7285 -1 7264 7285 7266 -1 7266 7285 7339 -1 7266 7339 7313 -1 7313 7339 7341 -1 7313 7341 7311 -1 7311 7341 7343 -1 7235 7337 7236 -1 7236 7337 7250 -1 7236 7250 7237 -1 7237 7250 7248 -1 7237 7248 7238 -1 7238 7248 7246 -1 7238 7246 7239 -1 7239 7246 7244 -1 7239 7244 7241 -1 7241 7244 7243 -1 7241 7243 7242 -1 7242 7243 7255 -1 7242 7255 7326 -1 7326 7255 7317 -1 7326 7317 7325 -1 7325 7317 7316 -1 7325 7316 7300 -1 7300 7316 7315 -1 7300 7315 7205 -1 7205 7315 7314 -1 7205 7314 7206 -1 7206 7314 7312 -1 7206 7312 7308 -1 7308 7312 7311 -1 7308 7311 7306 -1 7306 7311 7343 -1 7344 3409 3408 -1 7344 3408 7187 -1 7187 3408 3412 -1 7187 3412 7188 -1 7188 3412 3414 -1 7188 3414 3416 -1 3416 3418 7188 -1 7188 3418 3420 -1 7188 3420 3433 -1 3433 7194 7188 -1 7188 7194 7193 -1 7188 7193 4834 -1 3183 7345 7346 -1 3142 2336 7347 -1 3550 3552 7348 -1 3550 7348 3548 -1 7034 3538 3546 -1 3552 3554 7348 -1 7348 3554 3556 -1 7348 3556 3559 -1 3559 3558 7348 -1 7348 3558 3557 -1 7348 3557 3565 -1 3565 3564 7348 -1 7348 3564 3563 -1 7348 3563 3560 -1 3560 3561 7348 -1 7348 3561 3569 -1 3142 7347 3140 -1 2632 2636 7345 -1 2632 7345 2630 -1 3183 3185 7345 -1 7345 3185 3188 -1 7345 3188 2630 -1 2636 2637 7345 -1 7345 2637 2608 -1 7345 2608 2610 -1 2610 2612 7345 -1 7345 2612 2614 -1 7345 2614 2616 -1 2616 2618 7345 -1 7345 2618 2620 -1 7345 2620 2622 -1 2368 2370 7349 -1 2622 2623 7345 -1 7345 2623 2605 -1 7345 2605 7349 -1 7349 2605 2366 -1 7349 2366 2368 -1 2370 2372 7349 -1 7349 2372 2373 -1 7349 2373 2359 -1 2359 2361 7349 -1 7349 2361 2363 -1 7349 2363 2364 -1 2364 2354 7349 -1 7349 2354 2356 -1 7349 2356 2357 -1 2357 3135 7349 -1 7349 3135 3136 -1 7349 3136 2350 -1 2350 3138 7349 -1 7349 3138 3137 -1 7349 3137 2346 -1 2346 3139 7349 -1 7349 3139 3140 -1 7349 3140 7350 -1 3569 3568 7348 -1 7348 3568 3567 -1 7348 3567 7351 -1 7351 3567 3566 -1 7351 3566 7352 -1 7352 3566 3595 -1 3595 3594 7352 -1 7352 3594 3593 -1 7352 3593 3622 -1 3622 3599 7352 -1 7352 3599 3598 -1 7352 3598 3597 -1 3597 3596 7352 -1 7352 3596 3601 -1 7352 3601 3600 -1 3600 3603 7352 -1 7352 3603 3606 -1 7352 3606 3608 -1 3608 3609 7352 -1 7352 3609 3617 -1 7352 3617 3615 -1 7353 7354 3613 -1 3613 7354 3615 -1 3613 3611 7353 -1 7353 3611 3610 -1 7353 3610 7354 -1 7354 3610 3576 -1 3615 7354 7352 -1 7352 7354 7355 -1 7352 7355 7356 -1 7355 7357 7356 -1 7356 7357 7358 -1 7356 7358 7359 -1 7358 7360 7359 -1 7359 7360 7328 -1 7359 7328 7361 -1 7328 7327 7361 -1 7361 7327 7213 -1 7361 7213 7362 -1 7213 7212 7362 -1 7362 7212 7295 -1 7362 7295 7363 -1 7363 7295 7294 -1 7363 7294 7364 -1 7294 7209 7364 -1 7364 7209 7208 -1 7364 7208 7365 -1 7365 7208 7275 -1 7365 7275 7366 -1 7366 7275 7218 -1 7218 7217 7366 -1 7366 7217 7333 -1 7366 7333 7367 -1 7333 7334 7367 -1 7367 7334 7335 -1 7367 7335 7368 -1 7368 7335 7336 -1 7368 7336 7369 -1 7336 7337 7369 -1 7369 7337 7235 -1 7369 7235 7370 -1 7235 7232 7370 -1 7370 7232 7220 -1 7370 7220 7371 -1 7371 7220 6454 -1 7371 6454 7372 -1 7372 6454 6377 -1 7372 6377 7373 -1 7373 6377 6376 -1 6376 6378 7373 -1 7373 6378 6456 -1 7373 6456 7374 -1 6456 6455 7374 -1 7374 6455 6327 -1 7374 6327 7375 -1 2563 3183 6309 -1 6309 3183 7346 -1 6309 7346 6310 -1 6310 7346 7375 -1 6310 7375 6326 -1 6326 7375 6327 -1 3140 7347 7350 -1 7350 7347 7376 -1 7350 7376 7377 -1 7376 7378 7377 -1 7377 7378 7379 -1 7377 7379 7380 -1 7380 7379 7381 -1 7380 7381 7382 -1 7381 7383 7382 -1 7382 7383 7384 -1 7382 7384 7385 -1 7385 7384 7386 -1 7386 7387 7385 -1 7385 7387 7388 -1 7385 7388 7389 -1 7388 7390 7389 -1 7389 7390 7172 -1 7389 7172 7391 -1 7172 7173 7391 -1 7391 7173 7174 -1 7391 7174 7392 -1 7392 7174 7175 -1 7392 7175 7393 -1 7175 7176 7393 -1 7393 7176 7177 -1 7393 7177 7394 -1 7394 7177 7092 -1 7394 7092 7395 -1 7395 7092 7091 -1 7091 7024 7395 -1 7395 7024 7081 -1 7395 7081 7396 -1 7081 7083 7396 -1 7396 7083 7085 -1 7396 7085 7397 -1 7397 7085 7184 -1 7397 7184 7398 -1 7398 7184 7059 -1 7059 7030 7398 -1 7398 7030 7029 -1 7398 7029 7399 -1 7029 7055 7399 -1 7399 7055 7056 -1 7399 7056 7400 -1 7400 7056 7062 -1 7400 7062 7401 -1 7401 7062 7061 -1 3546 3548 7034 -1 7034 3548 7348 -1 7034 7348 7035 -1 7035 7348 7401 -1 7035 7401 7060 -1 7060 7401 7061 -1 7402 7403 7404 -1 7405 7406 7407 -1 3589 3588 7405 -1 3406 7408 7409 -1 3405 3403 7410 -1 3401 3409 7344 -1 7292 7328 7360 -1 7299 7290 7411 -1 7411 7290 7291 -1 3401 7344 3403 -1 3406 7409 3396 -1 3396 7409 7412 -1 3396 7412 3398 -1 3398 7412 7413 -1 3398 7413 3592 -1 3588 3586 7405 -1 7405 3586 3585 -1 7405 3585 7406 -1 7406 3585 3621 -1 7406 3621 7407 -1 7407 3621 3590 -1 7407 3590 7413 -1 7413 3590 3591 -1 7413 3591 3592 -1 3584 7404 3583 -1 3583 7404 7414 -1 3583 7414 3581 -1 3581 7414 7415 -1 3581 7415 3580 -1 3580 7415 3578 -1 7299 7411 7298 -1 7298 7411 7416 -1 7298 7416 7297 -1 7297 7416 7417 -1 7297 7417 7296 -1 7296 7417 7418 -1 7296 7418 7338 -1 7411 7419 7416 -1 7416 7419 7420 -1 7416 7420 7417 -1 7417 7420 7403 -1 7417 7403 7418 -1 7418 7403 7402 -1 7418 7402 7421 -1 7358 7357 7415 -1 7415 7357 7355 -1 7415 7355 3578 -1 3578 7355 7354 -1 3578 7354 3576 -1 3403 7344 7410 -1 7410 7344 7187 -1 7410 7187 7204 -1 7307 7413 7309 -1 7309 7413 7412 -1 7309 7412 7310 -1 7310 7412 7409 -1 7310 7409 7204 -1 7204 7409 7408 -1 7204 7408 7410 -1 7410 7408 3406 -1 7410 3406 3405 -1 7404 7403 7414 -1 7414 7403 7420 -1 7414 7420 7415 -1 7415 7420 7419 -1 7415 7419 7358 -1 7358 7419 7411 -1 7358 7411 7360 -1 7360 7411 7291 -1 7360 7291 7292 -1 7306 7343 7421 -1 7421 7343 7342 -1 7421 7342 7418 -1 7418 7342 7340 -1 7418 7340 7338 -1 7307 7306 7413 -1 7413 7306 7421 -1 7413 7421 7407 -1 7407 7421 7402 -1 7407 7402 7405 -1 7405 7402 7404 -1 7405 7404 3589 -1 3589 7404 3584 -1 6923 4801 5520 -1 5520 5519 6923 -1 6923 5519 5518 -1 6923 5518 5517 -1 5517 5516 6923 -1 6923 5516 5515 -1 6923 5515 5767 -1 5767 5766 6923 -1 6923 5766 5765 -1 6923 5765 6922 -1 6922 5765 5495 -1 6922 5495 6920 -1 6920 5495 6918 -1 7191 6766 6765 -1 5495 5497 6918 -1 6918 5497 7191 -1 6918 7191 6917 -1 6917 7191 6765 -1 7422 3676 7423 -1 7423 3676 3678 -1 7423 3678 6950 -1 7424 7425 7426 -1 7426 7425 3676 -1 7426 3676 7427 -1 7427 3676 7422 -1 7428 7425 7424 -1 7429 7430 3676 -1 7431 3676 7432 -1 7432 3676 7425 -1 7432 7425 7428 -1 7433 3677 7434 -1 7434 3677 3676 -1 7434 3676 7435 -1 7435 3676 7430 -1 7431 7436 3676 -1 3676 7436 7437 -1 3676 7437 7438 -1 7438 7439 3676 -1 3676 7439 7440 -1 3676 7440 7429 -1 6953 3679 7441 -1 7441 3679 3677 -1 7441 3677 7433 -1 7442 7443 7382 -1 3934 3933 7444 -1 7385 7389 7445 -1 7445 7389 7446 -1 7447 7448 7449 -1 7450 7451 7452 -1 7452 7451 7453 -1 7400 7454 7399 -1 7399 7454 7455 -1 7456 7457 7401 -1 7458 7356 6719 -1 6719 7356 7359 -1 6719 7359 6720 -1 7459 7460 7461 -1 3885 3884 7462 -1 7396 7463 7395 -1 7395 7463 7464 -1 7455 7465 7399 -1 7399 7465 7466 -1 7399 7466 7398 -1 7368 4771 4829 -1 7461 7460 7467 -1 7391 7392 7468 -1 3934 7444 3927 -1 3927 7444 7469 -1 3927 7469 3876 -1 3826 7470 4441 -1 4441 7470 7471 -1 7472 7473 7474 -1 7474 7473 7475 -1 7476 7477 7475 -1 7475 7477 7478 -1 7475 7478 7474 -1 7450 7479 7451 -1 7451 7479 7480 -1 7451 7480 7481 -1 7481 7480 7482 -1 7466 7483 7398 -1 7398 7483 7484 -1 7398 7484 7397 -1 7397 7484 7485 -1 7397 7485 7396 -1 7396 7485 7486 -1 7396 7486 7463 -1 6729 7362 6733 -1 6733 7362 7363 -1 6733 7363 6627 -1 6627 7363 7364 -1 6556 6548 7365 -1 7365 6548 6547 -1 7365 6547 7364 -1 7364 6547 6610 -1 7364 6610 6627 -1 7366 6518 6517 -1 7368 4829 7367 -1 4771 7368 4772 -1 4772 7368 7369 -1 4772 7369 4776 -1 3952 3943 7487 -1 7487 3943 3945 -1 7487 3945 7488 -1 7488 3945 4192 -1 7488 4192 7489 -1 7490 7491 7453 -1 7453 7491 7492 -1 7453 7492 7452 -1 7493 7494 7461 -1 7461 7494 7495 -1 7461 7495 7459 -1 7496 7497 7498 -1 7498 7497 7499 -1 7498 7499 7500 -1 7468 7501 7391 -1 7391 7501 7502 -1 7391 7502 7389 -1 7389 7502 7503 -1 7389 7503 7446 -1 7464 7504 7395 -1 7395 7504 7505 -1 7395 7505 7394 -1 7394 7505 7506 -1 7394 7506 7393 -1 7393 7506 7507 -1 7393 7507 7392 -1 7392 7507 7508 -1 7392 7508 7468 -1 7482 7509 7481 -1 7481 7509 7510 -1 7481 7510 7511 -1 7457 7512 7401 -1 7401 7512 7513 -1 7401 7513 7400 -1 7400 7513 7514 -1 7400 7514 7454 -1 6724 6723 7361 -1 7361 6723 6722 -1 7361 6722 7359 -1 7359 6722 6721 -1 7359 6721 6720 -1 3952 7487 3958 -1 3958 7487 7515 -1 3958 7515 3959 -1 3933 3932 7444 -1 7444 3932 3961 -1 7444 3961 7515 -1 7515 3961 3960 -1 7515 3960 3959 -1 7460 7516 7467 -1 7467 7516 7517 -1 7467 7517 7518 -1 7518 7517 7519 -1 7518 7519 7490 -1 7490 7519 7520 -1 7490 7520 7491 -1 7521 7522 7493 -1 7493 7522 7523 -1 7493 7523 7494 -1 7497 7524 7521 -1 7521 7524 7525 -1 7521 7525 7522 -1 7382 7443 7380 -1 7462 3884 7526 -1 7472 7527 7473 -1 7473 7527 7528 -1 7473 7528 7449 -1 7449 7528 7529 -1 7449 7529 7447 -1 7510 7530 7511 -1 7511 7530 7531 -1 7511 7531 7532 -1 7532 7531 7533 -1 7532 7533 7476 -1 7476 7533 7534 -1 7476 7534 7477 -1 7535 7536 7348 -1 7348 7536 7537 -1 7348 7537 7401 -1 7401 7537 7538 -1 7401 7538 7456 -1 7535 7348 7539 -1 7539 7348 7351 -1 7539 7351 7540 -1 7540 7351 7352 -1 7540 7352 7541 -1 7458 7542 7356 -1 7356 7542 7543 -1 7356 7543 7352 -1 7352 7543 7544 -1 7352 7544 7541 -1 7366 6517 7365 -1 7365 6517 6541 -1 7365 6541 6556 -1 4829 6520 7367 -1 7367 6520 6530 -1 7367 6530 7366 -1 7366 6530 6529 -1 7366 6529 6518 -1 7370 4778 7369 -1 7369 4778 4777 -1 7369 4777 4776 -1 4192 4585 7489 -1 7489 4585 4673 -1 7489 4673 7545 -1 7496 7546 7497 -1 7497 7546 7547 -1 7497 7547 7548 -1 7549 7550 7350 -1 7445 7551 7385 -1 7385 7551 7552 -1 7385 7552 7382 -1 7382 7552 7553 -1 7382 7553 7442 -1 3884 3883 7526 -1 7526 3883 3882 -1 7526 3882 7469 -1 7469 3882 3877 -1 7469 3877 3876 -1 3826 3825 7470 -1 7470 3825 3859 -1 7470 3859 7554 -1 7554 3859 3836 -1 7554 3836 3838 -1 7555 4402 7471 -1 7471 4402 4442 -1 7471 4442 4441 -1 7556 4413 7555 -1 7555 4413 4403 -1 7555 4403 4402 -1 7557 7558 7559 -1 7559 7558 7449 -1 7559 7449 7560 -1 7560 7449 7448 -1 6729 6728 7362 -1 7362 6728 6726 -1 7362 6726 7361 -1 7361 6726 6725 -1 7361 6725 6724 -1 4833 7375 4649 -1 4649 7375 7346 -1 7561 7562 7377 -1 7377 7562 7563 -1 7377 7563 7564 -1 7557 7565 7558 -1 7558 7565 7566 -1 7558 7566 7556 -1 7556 7566 4414 -1 7556 4414 4413 -1 4644 4643 7567 -1 7567 4643 4658 -1 7567 4658 4657 -1 4673 4674 7545 -1 7545 4674 4675 -1 7545 4675 7568 -1 7568 4675 4676 -1 7548 7569 7497 -1 7497 7569 7570 -1 7497 7570 7524 -1 7443 7571 7380 -1 7380 7571 7572 -1 7380 7572 7377 -1 7377 7572 7573 -1 7377 7573 7561 -1 7564 7574 7377 -1 7377 7574 7575 -1 7377 7575 7350 -1 7350 7575 7576 -1 7350 7576 7549 -1 4748 4788 7372 -1 7372 4788 4787 -1 7372 4787 7371 -1 7371 4787 4780 -1 7371 4780 7370 -1 7370 4780 4779 -1 7370 4779 4778 -1 7375 4732 7374 -1 7374 4732 4731 -1 7374 4731 4757 -1 4833 4719 7375 -1 7375 4719 4723 -1 7375 4723 4725 -1 4725 4734 7375 -1 7375 4734 4733 -1 7375 4733 4732 -1 4680 4681 7577 -1 7577 4681 7578 -1 7579 7580 7499 -1 7499 7580 7581 -1 7499 7581 7500 -1 3838 3888 7554 -1 7554 3888 3887 -1 7554 3887 7462 -1 7462 3887 3886 -1 7462 3886 3885 -1 4748 7372 4749 -1 4749 7372 7373 -1 4749 7373 4750 -1 4757 4756 7374 -1 7374 4756 4755 -1 7374 4755 4754 -1 4657 4656 7567 -1 7567 4656 4646 -1 7567 4646 4655 -1 4665 7582 4670 -1 4670 7582 7578 -1 4670 7578 4604 -1 4604 7578 4681 -1 4676 4677 7568 -1 7568 4677 4678 -1 7568 4678 7577 -1 7577 4678 4679 -1 7577 4679 4680 -1 4754 4753 7374 -1 7374 4753 4513 -1 7374 4513 7373 -1 7373 4513 4512 -1 7373 4512 4750 -1 7550 7579 7350 -1 7350 7579 7499 -1 7350 7499 7349 -1 7349 7499 7583 -1 7349 7583 7345 -1 7345 7583 7584 -1 7345 7584 7346 -1 7346 7584 7585 -1 7346 7585 7567 -1 4665 4668 7582 -1 7582 4668 4667 -1 7582 4667 7567 -1 7567 4667 4666 -1 7567 4666 4644 -1 4655 4654 7567 -1 7567 4654 4652 -1 7567 4652 7346 -1 7346 4652 4650 -1 7346 4650 4649 -1 7579 7550 7586 -1 7587 7452 7492 -1 7588 7589 7590 -1 7591 7592 7593 -1 7594 7595 7596 -1 7597 7598 7599 -1 7600 4959 4958 -1 7601 7602 7603 -1 4890 4892 7604 -1 4886 4889 7605 -1 7606 7607 7608 -1 4922 4923 7609 -1 7610 7611 7612 -1 7613 7614 7615 -1 7613 7524 7570 -1 7569 7548 7616 -1 7616 7548 7547 -1 7617 7618 7619 -1 7620 7621 7622 -1 7623 7624 7625 -1 7626 7627 7628 -1 7629 7630 7627 -1 7631 7632 7633 -1 7634 7635 7636 -1 7637 7638 7639 -1 7508 7507 7640 -1 7641 7642 7643 -1 7643 7642 7644 -1 7645 7646 7641 -1 7647 7648 7649 -1 7649 7648 7650 -1 7649 7650 7651 -1 7652 7653 7654 -1 7655 7647 7656 -1 7656 7647 7649 -1 7656 7649 7645 -1 7645 7649 7651 -1 7645 7651 7646 -1 7641 7643 7645 -1 7645 7643 7657 -1 7645 7657 7656 -1 7656 7657 7658 -1 7656 7658 7655 -1 7659 7660 7661 -1 7661 7660 7662 -1 7661 7662 7663 -1 7664 7665 7634 -1 7634 7665 7635 -1 7635 7665 7666 -1 7635 7666 7667 -1 7668 7669 7636 -1 7669 7670 7655 -1 7671 7653 7672 -1 7672 7653 7652 -1 7672 7652 7673 -1 7673 7674 7672 -1 7672 7674 7675 -1 7672 7675 7671 -1 7671 7675 7676 -1 7443 7442 7677 -1 7677 7442 7676 -1 7677 7676 7678 -1 7678 7676 7675 -1 7678 7675 7679 -1 7679 7675 7674 -1 7680 7681 7682 -1 7682 7681 7683 -1 7682 7683 7684 -1 7685 7686 7687 -1 7687 7686 7688 -1 7687 7688 7689 -1 7689 7688 7690 -1 7689 7690 7691 -1 7692 7693 7691 -1 7691 7693 7694 -1 7691 7694 7689 -1 7689 7694 7695 -1 7689 7695 7687 -1 7696 7697 7698 -1 7698 7697 7699 -1 7636 7635 7668 -1 7668 7635 7667 -1 7668 7667 7700 -1 7700 7667 7701 -1 7700 7701 7702 -1 7702 7701 7703 -1 7702 7703 7704 -1 7669 7668 7670 -1 7670 7668 7700 -1 7670 7700 7705 -1 7705 7700 7702 -1 7705 7702 7696 -1 7696 7702 7704 -1 7696 7704 7697 -1 7688 7706 7690 -1 7690 7706 7707 -1 7690 7707 7691 -1 7691 7707 7708 -1 7691 7708 7692 -1 7692 7708 7709 -1 7627 7626 7629 -1 7629 7626 7561 -1 7629 7561 7573 -1 7630 7710 7627 -1 7627 7710 7711 -1 7627 7711 7628 -1 7628 7711 7712 -1 7628 7712 7713 -1 7713 7712 7714 -1 7713 7714 7715 -1 7715 7574 7713 -1 7713 7574 7564 -1 7713 7564 7628 -1 7628 7564 7563 -1 7628 7563 7626 -1 7626 7563 7562 -1 7626 7562 7561 -1 7572 7571 7716 -1 7716 7571 7698 -1 7716 7698 7717 -1 7717 7698 7699 -1 7693 7680 7694 -1 7694 7680 7682 -1 7694 7682 7695 -1 7695 7682 7684 -1 7695 7684 7687 -1 7687 7684 7718 -1 7687 7718 7685 -1 7685 7718 7619 -1 7685 7619 7719 -1 7719 7619 7618 -1 7571 7443 7698 -1 7698 7443 7677 -1 7698 7677 7696 -1 7696 7677 7678 -1 7696 7678 7705 -1 7705 7678 7679 -1 7705 7679 7670 -1 7670 7679 7674 -1 7670 7674 7655 -1 7655 7674 7673 -1 7655 7673 7647 -1 7647 7673 7652 -1 7647 7652 7648 -1 7648 7652 7654 -1 7648 7654 7650 -1 7640 7644 7508 -1 7508 7644 7642 -1 7508 7642 7468 -1 7468 7642 7641 -1 7468 7641 7501 -1 7501 7641 7646 -1 7501 7646 7502 -1 7502 7646 7651 -1 7502 7651 7503 -1 7503 7651 7650 -1 7503 7650 7446 -1 7446 7650 7654 -1 7446 7654 7445 -1 7445 7654 7653 -1 7445 7653 7551 -1 7551 7653 7671 -1 7551 7671 7552 -1 7552 7671 7676 -1 7552 7676 7553 -1 7553 7676 7442 -1 7720 7721 7722 -1 7722 7721 7723 -1 7722 7723 7724 -1 7725 7633 7726 -1 7726 7633 7632 -1 7726 7632 7727 -1 7728 7729 7730 -1 7730 7729 7731 -1 7732 7733 7734 -1 7734 7733 7731 -1 7734 7731 7735 -1 7735 7731 7729 -1 7735 7729 7736 -1 7736 7729 7728 -1 7736 7728 7737 -1 7738 7620 7739 -1 7739 7620 7622 -1 7739 7622 7725 -1 7725 7622 7740 -1 7725 7740 7633 -1 7633 7740 7663 -1 7633 7663 7631 -1 7631 7663 7662 -1 7631 7662 7741 -1 7741 7662 7660 -1 7621 7617 7622 -1 7622 7617 7619 -1 7622 7619 7740 -1 7740 7619 7718 -1 7740 7718 7663 -1 7663 7718 7684 -1 7663 7684 7661 -1 7661 7684 7683 -1 7661 7683 7659 -1 7625 7742 7623 -1 7623 7742 7743 -1 7623 7743 7744 -1 7744 7743 7745 -1 7744 7745 7746 -1 7746 7745 7747 -1 7746 7747 7748 -1 7742 7749 7743 -1 7743 7749 7750 -1 7743 7750 7745 -1 7745 7750 7751 -1 7745 7751 7747 -1 7625 7752 7742 -1 7742 7752 7753 -1 7742 7753 7749 -1 7749 7753 7754 -1 7749 7754 7750 -1 7750 7754 7755 -1 7750 7755 7751 -1 7710 7709 7711 -1 7711 7709 7708 -1 7711 7708 7712 -1 7712 7708 7707 -1 7712 7707 7714 -1 7714 7707 7706 -1 7714 7706 7715 -1 7715 7706 7688 -1 7715 7688 7756 -1 7756 7688 7686 -1 7756 7686 7757 -1 7757 7686 7685 -1 7757 7685 7758 -1 7758 7685 7719 -1 7758 7719 7759 -1 7759 7719 7618 -1 7759 7618 7760 -1 7760 7618 7617 -1 7760 7617 7761 -1 7761 7617 7621 -1 7761 7621 7762 -1 7762 7621 7620 -1 7762 7620 7763 -1 7763 7620 7738 -1 7763 7738 7764 -1 7765 7766 7767 -1 7767 7766 7768 -1 7767 7768 7769 -1 7769 7768 7770 -1 7769 7770 7764 -1 7764 7770 7771 -1 7764 7771 7763 -1 7614 7613 7772 -1 7772 7613 7570 -1 7772 7570 7569 -1 7773 7774 7775 -1 7569 7616 7772 -1 7772 7616 7776 -1 7772 7776 7614 -1 7614 7776 7777 -1 7614 7777 7615 -1 7615 7777 7778 -1 7615 7778 7779 -1 7779 7778 7780 -1 7779 7780 7781 -1 7781 7780 7782 -1 7781 7782 7783 -1 7783 7782 7784 -1 7783 7784 7785 -1 7786 7787 7788 -1 7788 7787 7789 -1 7790 7789 7791 -1 7791 7789 7787 -1 7791 7787 7792 -1 7792 7787 7793 -1 7794 7786 7795 -1 7795 7786 7788 -1 7795 7788 7611 -1 7796 7797 7774 -1 7774 7797 7798 -1 7774 7798 7775 -1 7796 7799 7800 -1 7800 7801 7796 -1 7796 7801 7802 -1 7796 7802 7797 -1 7797 7802 7803 -1 7797 7803 7798 -1 7610 7612 7804 -1 7804 7612 7805 -1 7804 7805 7806 -1 7611 7788 7612 -1 7612 7788 7789 -1 7612 7789 7805 -1 7805 7789 7790 -1 7805 7790 7806 -1 7806 7790 7807 -1 7806 7807 7808 -1 7809 7804 7810 -1 7810 7804 7806 -1 7810 7806 7811 -1 7811 7806 7808 -1 7803 7460 7785 -1 7785 7460 7459 -1 7785 7459 7783 -1 7783 7459 7495 -1 7783 7495 7781 -1 7781 7495 7494 -1 7781 7494 7779 -1 7779 7494 7523 -1 7779 7523 7615 -1 7615 7523 7522 -1 7615 7522 7613 -1 7613 7522 7525 -1 7613 7525 7524 -1 7794 7737 7786 -1 7786 7737 7728 -1 7786 7728 7787 -1 7787 7728 7730 -1 7787 7730 7793 -1 7793 7730 7731 -1 7793 7731 7812 -1 7812 7731 7733 -1 4886 7607 4887 -1 4887 7607 7606 -1 4887 7606 4925 -1 4925 7606 4924 -1 4959 7600 4894 -1 4923 4924 7609 -1 7609 4924 7606 -1 7609 7606 7813 -1 7813 7606 7608 -1 7813 7608 7814 -1 4886 7605 7607 -1 7607 7605 7602 -1 7607 7602 7608 -1 7608 7602 7601 -1 7608 7601 7814 -1 4957 7815 4958 -1 4958 7815 7816 -1 4958 7816 7600 -1 7817 7818 7819 -1 7820 7720 7821 -1 7821 7720 7722 -1 7821 7722 7727 -1 7727 7722 7724 -1 7727 7724 7726 -1 7822 7598 7823 -1 7823 7598 7597 -1 7823 7597 7824 -1 7825 7824 7826 -1 7826 7824 7597 -1 7826 7597 7827 -1 7827 7597 7599 -1 7827 7599 7828 -1 4957 4956 7815 -1 7815 4956 4955 -1 7815 4955 7829 -1 7829 4955 4953 -1 7829 4953 7830 -1 7830 4953 4952 -1 7594 7828 7831 -1 7831 7828 7599 -1 7831 7599 7832 -1 7832 7599 7598 -1 7832 7598 7833 -1 7833 7598 7822 -1 7833 7822 7834 -1 7834 7822 7823 -1 7834 7823 7820 -1 7820 7823 7824 -1 7820 7824 7720 -1 7720 7824 7825 -1 7720 7825 7721 -1 4952 4948 7830 -1 7830 4948 4947 -1 7830 4947 7835 -1 7835 4947 4950 -1 7602 7836 7603 -1 7603 7836 7837 -1 7603 7837 7838 -1 7838 7837 7839 -1 7838 7839 7840 -1 7840 7839 7841 -1 7840 7841 7842 -1 7842 7841 7843 -1 7842 7843 7844 -1 7844 7843 7845 -1 7844 7845 7846 -1 4950 7847 7835 -1 7835 7847 7848 -1 7835 7848 7849 -1 4892 4894 7604 -1 7604 4894 7600 -1 7604 7600 7850 -1 7850 7600 7816 -1 7850 7816 7851 -1 7851 7816 7815 -1 7851 7815 7852 -1 7852 7815 7829 -1 7852 7829 7853 -1 7853 7829 7830 -1 7853 7830 7854 -1 7854 7830 7835 -1 7854 7835 7855 -1 7855 7835 7849 -1 7855 7849 7856 -1 7857 7846 7856 -1 7856 7846 7845 -1 7856 7845 7855 -1 7855 7845 7843 -1 7855 7843 7854 -1 7854 7843 7841 -1 7854 7841 7853 -1 7853 7841 7839 -1 7853 7839 7852 -1 7852 7839 7837 -1 7852 7837 7851 -1 7851 7837 7836 -1 7851 7836 7850 -1 7850 7836 7602 -1 7850 7602 7604 -1 7604 7602 7605 -1 7604 7605 4890 -1 4890 7605 4889 -1 7594 7596 7828 -1 7828 7596 7858 -1 7828 7858 7827 -1 7827 7858 7859 -1 7827 7859 7826 -1 7826 7859 7860 -1 7826 7860 7825 -1 7825 7860 7861 -1 7825 7861 7721 -1 7721 7861 7862 -1 7721 7862 7723 -1 7863 7864 7865 -1 7865 7864 7866 -1 7865 7866 7867 -1 7867 7866 7868 -1 7867 7868 7869 -1 7869 7868 7870 -1 7869 7870 7871 -1 7871 7870 7872 -1 7871 7872 7873 -1 7873 7872 7874 -1 7873 7874 7875 -1 7875 7874 7876 -1 7875 7876 7877 -1 7877 7876 7773 -1 7877 7773 7878 -1 7878 7773 7775 -1 7879 7863 7880 -1 7880 7863 7865 -1 7880 7865 7881 -1 7881 7865 7867 -1 7881 7867 7882 -1 7882 7867 7869 -1 7882 7869 7883 -1 7883 7869 7871 -1 7883 7871 7884 -1 7884 7871 7873 -1 7884 7873 7885 -1 7885 7873 7875 -1 7885 7875 7886 -1 7886 7875 7877 -1 7886 7877 7887 -1 7887 7877 7878 -1 7887 7878 7888 -1 7888 7878 7775 -1 7889 7890 7891 -1 7891 7890 7879 -1 7891 7879 7892 -1 7892 7879 7880 -1 7892 7880 7893 -1 7893 7880 7881 -1 7893 7881 7894 -1 7894 7881 7882 -1 7894 7882 7895 -1 7895 7882 7883 -1 7895 7883 7896 -1 7896 7883 7884 -1 7896 7884 7897 -1 7897 7884 7885 -1 7897 7885 7752 -1 7752 7885 7886 -1 7752 7886 7753 -1 7753 7886 7887 -1 7753 7887 7754 -1 7754 7887 7888 -1 7754 7888 7755 -1 7888 7765 7755 -1 7755 7765 7767 -1 7755 7767 7751 -1 7751 7767 7769 -1 7751 7769 7747 -1 7747 7769 7764 -1 7747 7764 7748 -1 7748 7764 7738 -1 7748 7738 7746 -1 7746 7738 7739 -1 7746 7739 7744 -1 7744 7739 7725 -1 7744 7725 7623 -1 7623 7725 7726 -1 7623 7726 7624 -1 7624 7726 7724 -1 7624 7724 7625 -1 7625 7724 7723 -1 7625 7723 7752 -1 7752 7723 7862 -1 7752 7862 7897 -1 7897 7862 7861 -1 7897 7861 7896 -1 7896 7861 7860 -1 7896 7860 7895 -1 7895 7860 7859 -1 7895 7859 7894 -1 7894 7859 7858 -1 7894 7858 7893 -1 7893 7858 7596 -1 7893 7596 7892 -1 7892 7596 7595 -1 7892 7595 7891 -1 7898 7899 7900 -1 7900 7899 7901 -1 7900 7901 7902 -1 7903 7904 7905 -1 7591 7593 7906 -1 7907 7908 7909 -1 7909 7908 7910 -1 7909 7910 7911 -1 7911 7910 7912 -1 7911 7912 7913 -1 7913 7912 7914 -1 7913 7914 7899 -1 7899 7914 7915 -1 7899 7915 7901 -1 7916 7917 7918 -1 7919 7920 7921 -1 7922 7923 7924 -1 7924 7923 7925 -1 7924 7925 7926 -1 7926 7925 4921 -1 7926 4921 4922 -1 7589 7920 7590 -1 7590 7920 7919 -1 7590 7919 7927 -1 7927 7919 7928 -1 7927 7928 7929 -1 7929 7928 7930 -1 7929 7930 7931 -1 7931 7930 7932 -1 7931 7932 7933 -1 7592 7588 7593 -1 7593 7588 7590 -1 7593 7590 7934 -1 7934 7590 7927 -1 7934 7927 7935 -1 7935 7927 7929 -1 7935 7929 7936 -1 7936 7929 7931 -1 7936 7931 7937 -1 7937 7931 7933 -1 7937 7933 7938 -1 7939 7940 7941 -1 7941 7940 7942 -1 7941 7942 7943 -1 7943 7942 7944 -1 7943 7944 7945 -1 7945 7944 7946 -1 7904 7906 7905 -1 7905 7906 7593 -1 7905 7593 7947 -1 7947 7593 7934 -1 7947 7934 7948 -1 7948 7934 7935 -1 7948 7935 7949 -1 7949 7935 7936 -1 7949 7936 7950 -1 7950 7936 7937 -1 7950 7937 7951 -1 7951 7937 7938 -1 7951 7938 7952 -1 4922 7609 7926 -1 7926 7609 7813 -1 7926 7813 7924 -1 7924 7813 7953 -1 7924 7953 7922 -1 7917 7916 7954 -1 7954 7916 7955 -1 7954 7955 7956 -1 7955 7957 7956 -1 7956 7957 7958 -1 7956 7958 7959 -1 7959 7958 7960 -1 7959 7960 7961 -1 7961 7960 7962 -1 7907 7909 7963 -1 7963 7909 7964 -1 7963 7964 7965 -1 7965 7964 7966 -1 7965 7966 7967 -1 7967 7966 7968 -1 7967 7968 7969 -1 7969 7968 7970 -1 7969 7970 7971 -1 7971 7970 7972 -1 7971 7972 7973 -1 7973 7960 7971 -1 7971 7960 7958 -1 7971 7958 7969 -1 7969 7958 7957 -1 7969 7957 7967 -1 7967 7957 7955 -1 7967 7955 7965 -1 7965 7955 7916 -1 7965 7916 7963 -1 7963 7916 7918 -1 7963 7918 7907 -1 7898 7974 7899 -1 7899 7974 7975 -1 7899 7975 7913 -1 7913 7975 7976 -1 7913 7976 7911 -1 7911 7976 7977 -1 7911 7977 7909 -1 7909 7977 7978 -1 7909 7978 7964 -1 7964 7978 7979 -1 7964 7979 7966 -1 7966 7979 7980 -1 7966 7980 7968 -1 7968 7980 7981 -1 7968 7981 7970 -1 7970 7981 7982 -1 7970 7982 7972 -1 7974 7903 7975 -1 7975 7903 7905 -1 7975 7905 7976 -1 7976 7905 7947 -1 7976 7947 7977 -1 7977 7947 7948 -1 7977 7948 7978 -1 7978 7948 7949 -1 7978 7949 7979 -1 7979 7949 7950 -1 7979 7950 7980 -1 7980 7950 7951 -1 7980 7951 7981 -1 7981 7951 7952 -1 7981 7952 7982 -1 7983 7984 7985 -1 7985 7986 7987 -1 7987 7986 7988 -1 7987 7988 7989 -1 7989 7988 7990 -1 7989 7990 7991 -1 7991 7990 7992 -1 7991 7992 7993 -1 7993 7992 7994 -1 7993 7994 7995 -1 7995 7994 7996 -1 7995 7996 7997 -1 7997 7996 7639 -1 7997 7639 7998 -1 7998 7639 7638 -1 7985 7984 7986 -1 7986 7984 7999 -1 7986 7999 7988 -1 7988 7999 8000 -1 7988 8000 7990 -1 7990 8000 8001 -1 7990 8001 7992 -1 7992 8001 8002 -1 7992 8002 7994 -1 7994 8002 8003 -1 7994 8003 7996 -1 7996 8003 8004 -1 7996 8004 7639 -1 7639 8004 8005 -1 7639 8005 7637 -1 7817 7819 8006 -1 8006 7819 8007 -1 8006 8007 8008 -1 7921 7939 7919 -1 7919 7939 7941 -1 7919 7941 7928 -1 7928 7941 7943 -1 7928 7943 7930 -1 7930 7943 7945 -1 7930 7945 7932 -1 7932 7945 7946 -1 7932 7946 7933 -1 7933 7946 7983 -1 7933 7983 7938 -1 7938 7983 7985 -1 7938 7985 7952 -1 7952 7985 7987 -1 7952 7987 7982 -1 7982 7987 7989 -1 7982 7989 7972 -1 7972 7989 7991 -1 7972 7991 7973 -1 7973 7991 7993 -1 7973 7993 7960 -1 7960 7993 7995 -1 7960 7995 7962 -1 7962 7995 7997 -1 7962 7997 8009 -1 8009 7997 7998 -1 7640 8010 7644 -1 7644 8010 8011 -1 7644 8011 7643 -1 7643 8011 8012 -1 7643 8012 7657 -1 7657 8012 8013 -1 7657 8013 7658 -1 7658 8013 8014 -1 7658 8014 7655 -1 7655 8014 8015 -1 7655 8015 7669 -1 7669 8015 8016 -1 7669 8016 7636 -1 7636 8016 8017 -1 7636 8017 7634 -1 7634 8017 8018 -1 7634 8018 7664 -1 7664 8018 8019 -1 7664 8019 8020 -1 8020 8019 8021 -1 8020 8021 8008 -1 8008 8021 8022 -1 8008 8022 8006 -1 8006 8022 7814 -1 8006 7814 7817 -1 7817 7814 7601 -1 8011 7637 8012 -1 8012 7637 8005 -1 8012 8005 8013 -1 8013 8005 8004 -1 8013 8004 8014 -1 8014 8004 8003 -1 8014 8003 8015 -1 8015 8003 8002 -1 8015 8002 8016 -1 8016 8002 8001 -1 8016 8001 8017 -1 8017 8001 8000 -1 8017 8000 8018 -1 8018 8000 7999 -1 8018 7999 8019 -1 8019 7999 7984 -1 8019 7984 8021 -1 8021 7984 7983 -1 8021 7983 8022 -1 8022 7983 7946 -1 8022 7946 7814 -1 7814 7946 7944 -1 7814 7944 7813 -1 7813 7944 7942 -1 7813 7942 7953 -1 7953 7942 7940 -1 7953 7940 7922 -1 7520 7809 7491 -1 7491 7809 7810 -1 7491 7810 7492 -1 7492 7810 7811 -1 7492 7811 7587 -1 7587 7811 7808 -1 7775 8023 7888 -1 7888 8023 8024 -1 7888 8024 7765 -1 7765 8024 8025 -1 7765 8025 7766 -1 7766 8025 8026 -1 7766 8026 7768 -1 7768 8026 8027 -1 7768 8027 7770 -1 7770 8027 8028 -1 7770 8028 7771 -1 7771 8028 8029 -1 7771 8029 7763 -1 7763 8029 8030 -1 7763 8030 7762 -1 7762 8030 8031 -1 7762 8031 7761 -1 7761 8031 8032 -1 7761 8032 7760 -1 7760 8032 8033 -1 7760 8033 7759 -1 7759 8033 7586 -1 7759 7586 7758 -1 7758 7586 7550 -1 7758 7550 7757 -1 7757 7550 7549 -1 7757 7549 7756 -1 7756 7549 7576 -1 7756 7576 7715 -1 7715 7576 7575 -1 7715 7575 7574 -1 7803 7785 7798 -1 7798 7785 7784 -1 7798 7784 7775 -1 7775 7784 7782 -1 7775 7782 8023 -1 8023 7782 7780 -1 8023 7780 8024 -1 8024 7780 7778 -1 8024 7778 8025 -1 8025 7778 7777 -1 8025 7777 8026 -1 8026 7777 7776 -1 8026 7776 8027 -1 8027 7776 7616 -1 8027 7616 8028 -1 8028 7616 7547 -1 8028 7547 8029 -1 8029 7547 7546 -1 8029 7546 8030 -1 8030 7546 7496 -1 8030 7496 8031 -1 8031 7496 7498 -1 8031 7498 8032 -1 8032 7498 7500 -1 8032 7500 8033 -1 8033 7500 7581 -1 8033 7581 7586 -1 7586 7581 7580 -1 7586 7580 7579 -1 7864 7732 7866 -1 7866 7732 7734 -1 7866 7734 7868 -1 7868 7734 7735 -1 7868 7735 7870 -1 7870 7735 7736 -1 7870 7736 7872 -1 7872 7736 7737 -1 7872 7737 7874 -1 7874 7737 7794 -1 7874 7794 7876 -1 7876 7794 7795 -1 7876 7795 7773 -1 7773 7795 7611 -1 7773 7611 7774 -1 7774 7611 7610 -1 7774 7610 7796 -1 7796 7610 7804 -1 7796 7804 7799 -1 7799 7804 7809 -1 7799 7809 7800 -1 7800 7809 7520 -1 7800 7520 7801 -1 7801 7520 7519 -1 7801 7519 7802 -1 7802 7519 7517 -1 7802 7517 7803 -1 7803 7517 7516 -1 7803 7516 7460 -1 7857 7889 7846 -1 7846 7889 7891 -1 7846 7891 7844 -1 7844 7891 7595 -1 7844 7595 7842 -1 7842 7595 7594 -1 7842 7594 7840 -1 7840 7594 7831 -1 7840 7831 7838 -1 7838 7831 7832 -1 7838 7832 7603 -1 7603 7832 7833 -1 7603 7833 7601 -1 7601 7833 7834 -1 7601 7834 7817 -1 7817 7834 7820 -1 7817 7820 7818 -1 7818 7820 7821 -1 7818 7821 7819 -1 7819 7821 7727 -1 7819 7727 8007 -1 8007 7727 7632 -1 8007 7632 8008 -1 8008 7632 7631 -1 8008 7631 8020 -1 8020 7631 7741 -1 8020 7741 7664 -1 7664 7741 7660 -1 7664 7660 7665 -1 7665 7660 7659 -1 7665 7659 7666 -1 7666 7659 7683 -1 7666 7683 7667 -1 7667 7683 7681 -1 7667 7681 7701 -1 7701 7681 7680 -1 7701 7680 7703 -1 7703 7680 7693 -1 7703 7693 7704 -1 7704 7693 7692 -1 7704 7692 7697 -1 7697 7692 7709 -1 7697 7709 7699 -1 7699 7709 7710 -1 7699 7710 7717 -1 7717 7710 7630 -1 7717 7630 7716 -1 7716 7630 7629 -1 7716 7629 7572 -1 7572 7629 7573 -1 6944 6943 8034 -1 6913 6912 8035 -1 3460 3370 8036 -1 6948 6947 8037 -1 7539 7540 8038 -1 8038 7540 6953 -1 8038 6953 7441 -1 8039 8040 6954 -1 6954 8040 8041 -1 6954 8041 6951 -1 6951 8041 6952 -1 6952 8041 8042 -1 6952 8042 6955 -1 8037 6947 8042 -1 8042 6947 6956 -1 8042 6956 6955 -1 6948 8037 6949 -1 6949 8037 8043 -1 6949 8043 6950 -1 6950 8043 8044 -1 6950 8044 7423 -1 3460 8036 3459 -1 8034 3443 3442 -1 3454 3455 8036 -1 8036 3455 3457 -1 8036 3457 3459 -1 8034 3442 8036 -1 8036 3442 3452 -1 8036 3452 3454 -1 8045 3399 8046 -1 8046 3399 3449 -1 8046 3449 8035 -1 8035 3449 3447 -1 8035 3447 8034 -1 8034 3447 3445 -1 8034 3445 3443 -1 3404 3395 8045 -1 8045 3395 3397 -1 8045 3397 3399 -1 6737 8047 6736 -1 6736 8047 8048 -1 6649 8049 8050 -1 8051 6665 6667 -1 8051 6667 8052 -1 6667 6669 8052 -1 8052 6669 6680 -1 8052 6680 8050 -1 8050 6680 6679 -1 8050 6679 6649 -1 6713 8053 6714 -1 6714 8053 8054 -1 6714 8054 6715 -1 6715 8054 6716 -1 6713 6712 8053 -1 8053 6712 6711 -1 8053 6711 8051 -1 8051 6711 6663 -1 8051 6663 6665 -1 6649 6648 8049 -1 8049 6648 6734 -1 8049 6734 8048 -1 8048 6734 6735 -1 8048 6735 6736 -1 6716 8054 6717 -1 6717 8054 8055 -1 6717 8055 6718 -1 6718 8055 8056 -1 6718 8056 6719 -1 3370 8057 8036 -1 8036 8057 8058 -1 8036 8058 8059 -1 8040 8060 8041 -1 8041 8060 8061 -1 8041 8061 8042 -1 8042 8061 8062 -1 8042 8062 8037 -1 8037 8062 8063 -1 8037 8063 8043 -1 8043 8063 8064 -1 8043 8064 8044 -1 8044 8064 8065 -1 8044 8065 8066 -1 8066 8065 8067 -1 8066 8067 8068 -1 8068 8067 8069 -1 6954 6953 8039 -1 8039 6953 7540 -1 8039 7540 8040 -1 8040 7540 7541 -1 8058 8070 8059 -1 8059 8070 8071 -1 8059 8071 8069 -1 8069 8071 8072 -1 8069 8072 8068 -1 8068 8072 8073 -1 8068 8073 8066 -1 8066 8073 8074 -1 8066 8074 8044 -1 8044 8074 8075 -1 8044 8075 7423 -1 7423 8075 7422 -1 6766 8076 6768 -1 6768 8076 8077 -1 6768 8077 6770 -1 6770 8077 8078 -1 6770 8078 6771 -1 8046 6908 6796 -1 6778 8045 6779 -1 6779 8045 8046 -1 6779 8046 6798 -1 6798 8046 6796 -1 6804 6753 8078 -1 8078 6753 6489 -1 8078 6489 6771 -1 6778 6807 8045 -1 8045 6807 6806 -1 8045 6806 6805 -1 6805 6804 8045 -1 8045 6804 8078 -1 8045 8078 3404 -1 3404 8078 8077 -1 3404 8077 3402 -1 3402 8077 8076 -1 3402 8076 3400 -1 6943 6942 8034 -1 8034 6942 6941 -1 8034 6941 8035 -1 8035 6941 6940 -1 8035 6940 6913 -1 6912 6911 8035 -1 8035 6911 6910 -1 8035 6910 8046 -1 8046 6910 6909 -1 8046 6909 6908 -1 7543 7542 8056 -1 8056 7542 7458 -1 8056 7458 6719 -1 7541 7544 8040 -1 8040 7544 7543 -1 8040 7543 8060 -1 8060 7543 8056 -1 8060 8056 8061 -1 8061 8056 8055 -1 8061 8055 8062 -1 8062 8055 8054 -1 8062 8054 8063 -1 8063 8054 8053 -1 8063 8053 8064 -1 8064 8053 8051 -1 8064 8051 8065 -1 8065 8051 8052 -1 8065 8052 8067 -1 8067 8052 8050 -1 8067 8050 8069 -1 8069 8050 8049 -1 8069 8049 8059 -1 8059 8049 8048 -1 8059 8048 8036 -1 8036 8048 8047 -1 8036 8047 8034 -1 8034 8047 6737 -1 8034 6737 6944 -1 7954 7956 8079 -1 8080 7910 7908 -1 8081 8082 8083 -1 8084 8085 8086 -1 8087 8088 8089 -1 7959 7961 8090 -1 8090 7961 7962 -1 8091 8092 8093 -1 8094 7455 7454 -1 3272 3274 8095 -1 3278 8096 3276 -1 3293 3292 8097 -1 7438 7437 8098 -1 7428 7424 8075 -1 7424 7426 8075 -1 8075 7426 7427 -1 8075 7427 7422 -1 7430 8099 7435 -1 7435 8099 8100 -1 7435 8100 7434 -1 7434 8100 8101 -1 7434 8101 7433 -1 7433 8101 8102 -1 7433 8102 7441 -1 3290 3288 8103 -1 8103 3288 3296 -1 3283 3291 8104 -1 8104 3291 3290 -1 3358 3357 8105 -1 8105 3357 3285 -1 3278 3280 8106 -1 8106 3280 3281 -1 8096 3278 8107 -1 8095 3274 8108 -1 3370 3376 8057 -1 8057 3376 3375 -1 8057 3375 3374 -1 3379 3381 8109 -1 3381 3384 8109 -1 8109 3384 3367 -1 8109 3367 3388 -1 3388 3387 8109 -1 8109 3387 3386 -1 8109 3386 3392 -1 3392 3393 8109 -1 8109 3393 3394 -1 8109 3394 3257 -1 3257 3256 8109 -1 8109 3256 3254 -1 8109 3254 3253 -1 3253 3251 8109 -1 8109 3251 3250 -1 8109 3250 3258 -1 3258 3262 8109 -1 8109 3262 3260 -1 8109 3260 3267 -1 3267 3266 8109 -1 8109 3266 3265 -1 8109 3265 3270 -1 3374 3379 8057 -1 8057 3379 8109 -1 8057 8109 8058 -1 8058 8109 8110 -1 8058 8110 8070 -1 8072 8071 8111 -1 8111 8071 8070 -1 8111 8070 8112 -1 3270 3272 8109 -1 8109 3272 8095 -1 8109 8095 8110 -1 8110 8095 8113 -1 8113 8095 8114 -1 8114 8095 8108 -1 8114 8108 8115 -1 7436 7431 8116 -1 8116 7431 7432 -1 8116 7432 8117 -1 8117 7432 7428 -1 8117 7428 8118 -1 8118 7428 8075 -1 8118 8075 8119 -1 8119 8075 8074 -1 8119 8074 8120 -1 8120 8074 8073 -1 8121 8122 8123 -1 8123 8122 8124 -1 8123 8124 8125 -1 8125 8124 8126 -1 7535 7539 8102 -1 8102 7539 8038 -1 8102 8038 7441 -1 8099 8127 8100 -1 8100 8127 8128 -1 8100 8128 8101 -1 8101 8128 8129 -1 8101 8129 8102 -1 8130 8121 8131 -1 8131 8121 8123 -1 8131 8123 8132 -1 8132 8123 8125 -1 7456 8133 7457 -1 7457 8133 8134 -1 7456 7538 8135 -1 7440 7439 8126 -1 8126 7439 7438 -1 8126 7438 8125 -1 8125 7438 8098 -1 8125 8098 8132 -1 8132 8098 8136 -1 8135 7538 8137 -1 8137 7538 7537 -1 8137 7537 7536 -1 7440 8126 7429 -1 7429 8126 8124 -1 7429 8124 7430 -1 7430 8124 8122 -1 7430 8122 8099 -1 8099 8122 8121 -1 8099 8121 8127 -1 8127 8121 8130 -1 8127 8130 8128 -1 8128 8130 8135 -1 8128 8135 8129 -1 8129 8135 8137 -1 8129 8137 8102 -1 8102 8137 7536 -1 8102 7536 7535 -1 7437 7436 8098 -1 8098 7436 8116 -1 8098 8116 8136 -1 8136 8116 8117 -1 8136 8117 8138 -1 8138 8117 8118 -1 8138 8118 8139 -1 8139 8118 8119 -1 8139 8119 8140 -1 8140 8119 8120 -1 8140 8120 8111 -1 8111 8120 8073 -1 8111 8073 8072 -1 8141 8136 8142 -1 8142 8136 8138 -1 8142 8138 8143 -1 8143 8138 8139 -1 8143 8139 8144 -1 8144 8139 8140 -1 8133 8145 8134 -1 8134 8145 8146 -1 8134 8146 8147 -1 8147 8146 8148 -1 8147 8148 8149 -1 8149 8148 8150 -1 8149 8150 8151 -1 8151 8150 8152 -1 8153 8154 8155 -1 8155 8154 8156 -1 8155 8156 8157 -1 8157 8156 8158 -1 8157 8158 8159 -1 8145 8153 8146 -1 8146 8153 8155 -1 8146 8155 8148 -1 8148 8155 8157 -1 8148 8157 8150 -1 8150 8157 8159 -1 8150 8159 8152 -1 8160 8161 8094 -1 7456 8135 8133 -1 8133 8135 8130 -1 8133 8130 8145 -1 8145 8130 8131 -1 8145 8131 8153 -1 8153 8131 8132 -1 8153 8132 8154 -1 8154 8132 8136 -1 8154 8136 8156 -1 8156 8136 8141 -1 8156 8141 8158 -1 8158 8141 8162 -1 8158 8162 8159 -1 8159 8162 8163 -1 8159 8163 8152 -1 7455 8094 7465 -1 7465 8094 8161 -1 7465 8161 7466 -1 8093 8092 8115 -1 8163 8160 8152 -1 8152 8160 8094 -1 8152 8094 8151 -1 8151 8094 7454 -1 8151 7454 8149 -1 8149 7454 7514 -1 8149 7514 8147 -1 8147 7514 7513 -1 8147 7513 8134 -1 8134 7513 7512 -1 8134 7512 7457 -1 8087 8164 8088 -1 8088 8164 8165 -1 8088 8165 8166 -1 8089 8088 8167 -1 8167 8088 8166 -1 8167 8166 8168 -1 8169 8170 8171 -1 8171 8170 8090 -1 8171 8090 8172 -1 8172 8090 7962 -1 8172 7962 8009 -1 8173 8174 8175 -1 8175 8174 8176 -1 8177 8176 8178 -1 8178 8176 8174 -1 8178 8174 8179 -1 8179 8174 8173 -1 8179 8173 8180 -1 8181 8084 8182 -1 8182 8084 8183 -1 8182 8183 8184 -1 8084 8086 8183 -1 8183 8086 8185 -1 8183 8185 8186 -1 8184 8183 8187 -1 8187 8183 8186 -1 8187 8186 8188 -1 8189 8164 8190 -1 8190 8164 8087 -1 8190 8087 8191 -1 8191 8087 8089 -1 8191 8089 8192 -1 8192 8089 8167 -1 8192 8167 8193 -1 8193 8167 8168 -1 8193 8168 8194 -1 8195 8082 8196 -1 8196 8082 8081 -1 8196 8081 8197 -1 3274 3276 8108 -1 8108 3276 8198 -1 8108 8198 8115 -1 8115 8198 8189 -1 8115 8189 8093 -1 8093 8189 8190 -1 8093 8190 8091 -1 8091 8190 8191 -1 8091 8191 8199 -1 8199 8191 8192 -1 8199 8192 8197 -1 8197 8192 8193 -1 8197 8193 8196 -1 8196 8193 8194 -1 8196 8194 8195 -1 7637 8200 7638 -1 7638 8200 8201 -1 7638 8201 7998 -1 7998 8201 8009 -1 8202 8188 8203 -1 8203 8188 8186 -1 8203 8186 8204 -1 8204 8186 8185 -1 8204 8185 8177 -1 8177 8185 8086 -1 8177 8086 8176 -1 8176 8086 8085 -1 8176 8085 8175 -1 8205 8202 8206 -1 8206 8202 8203 -1 8206 8203 8083 -1 8083 8203 8204 -1 8083 8204 8081 -1 8081 8204 8177 -1 8081 8177 8197 -1 8197 8177 8178 -1 8197 8178 8199 -1 8199 8178 8179 -1 8199 8179 8091 -1 8091 8179 8180 -1 8091 8180 8092 -1 8010 8207 8011 -1 8011 8207 8208 -1 8011 8208 7637 -1 7637 8208 8209 -1 7637 8209 8200 -1 8210 8211 8212 -1 8212 8211 8213 -1 3278 8106 8107 -1 8107 8106 8214 -1 8107 8214 8215 -1 8215 8214 8216 -1 8215 8216 8217 -1 8213 8218 8212 -1 8212 8218 8219 -1 8212 8219 8220 -1 8220 8219 8221 -1 8220 8221 8222 -1 8222 8221 8223 -1 8222 8223 8224 -1 8224 8223 8225 -1 8224 8225 8226 -1 8226 8225 8227 -1 8226 8227 8228 -1 8228 8227 8229 -1 8228 8229 7902 -1 8080 7908 8230 -1 7901 7915 8231 -1 8231 7915 7914 -1 8231 7914 8232 -1 8232 7914 7912 -1 7902 7901 8228 -1 8228 7901 8231 -1 8228 8231 8226 -1 8226 8231 8232 -1 8226 8232 8224 -1 8224 8232 7912 -1 3358 8105 3281 -1 3281 8105 8233 -1 3281 8233 8106 -1 8106 8233 8234 -1 8106 8234 8214 -1 8214 8234 8235 -1 8214 8235 8216 -1 8216 8235 8236 -1 8216 8236 8237 -1 7917 7954 8238 -1 8238 7954 8079 -1 8238 8079 8237 -1 8217 8169 8239 -1 8239 8169 8171 -1 8239 8171 8240 -1 8240 8171 8172 -1 8240 8172 8241 -1 8241 8172 8009 -1 8241 8009 8242 -1 8242 8009 8201 -1 8243 8244 8245 -1 8245 8244 8246 -1 8245 8246 8247 -1 8247 8246 8248 -1 8247 8248 8249 -1 8249 8248 8230 -1 8249 8230 8250 -1 8250 8230 7908 -1 8250 7908 7907 -1 8237 8236 8238 -1 8238 8236 7918 -1 8238 7918 7917 -1 3295 3293 8251 -1 8251 3293 8097 -1 8251 8097 8252 -1 8097 8253 8252 -1 8252 8253 8254 -1 8252 8254 8210 -1 8210 8254 8255 -1 8210 8255 8211 -1 8220 8256 8212 -1 8212 8256 8257 -1 8212 8257 8210 -1 8210 8257 8258 -1 8210 8258 8252 -1 8252 8258 8103 -1 8252 8103 8251 -1 8251 8103 3296 -1 8251 3296 3295 -1 3283 8104 3285 -1 3285 8104 8243 -1 3285 8243 8105 -1 8105 8243 8245 -1 8105 8245 8233 -1 8233 8245 8247 -1 8233 8247 8234 -1 8234 8247 8249 -1 8234 8249 8235 -1 8235 8249 8250 -1 8235 8250 8236 -1 8236 8250 7907 -1 8236 7907 7918 -1 3290 8103 8104 -1 8104 8103 8258 -1 8104 8258 8243 -1 8243 8258 8257 -1 8243 8257 8244 -1 8244 8257 8256 -1 8244 8256 8246 -1 8246 8256 8220 -1 8246 8220 8248 -1 8248 8220 8222 -1 8248 8222 8230 -1 8230 8222 8224 -1 8230 8224 8080 -1 8080 8224 7912 -1 8080 7912 7910 -1 7483 8181 7484 -1 7484 8181 8182 -1 7484 8182 7485 -1 7485 8182 8184 -1 7485 8184 7486 -1 7486 8184 8187 -1 7486 8187 7463 -1 7463 8187 8188 -1 7463 8188 7464 -1 7464 8188 8202 -1 7464 8202 7504 -1 7504 8202 8205 -1 7504 8205 7505 -1 7505 8205 8259 -1 7505 8259 7506 -1 7506 8259 7640 -1 7506 7640 7507 -1 8070 8110 8112 -1 8112 8110 8113 -1 8112 8113 8111 -1 8111 8113 8114 -1 8111 8114 8140 -1 8140 8114 8115 -1 8140 8115 8144 -1 8144 8115 8092 -1 8144 8092 8143 -1 8143 8092 8180 -1 8143 8180 8142 -1 8142 8180 8173 -1 8142 8173 8141 -1 8141 8173 8175 -1 8141 8175 8162 -1 8162 8175 8085 -1 8162 8085 8163 -1 8163 8085 8084 -1 8163 8084 8160 -1 8160 8084 8181 -1 8160 8181 8161 -1 8161 8181 7483 -1 8161 7483 7466 -1 8217 8216 8169 -1 8169 8216 8237 -1 8169 8237 8170 -1 8170 8237 8079 -1 8170 8079 8090 -1 8090 8079 7956 -1 8090 7956 7959 -1 3276 8096 8198 -1 8198 8096 8107 -1 8198 8107 8189 -1 8189 8107 8215 -1 8189 8215 8164 -1 8164 8215 8217 -1 8164 8217 8165 -1 8165 8217 8239 -1 8165 8239 8166 -1 8166 8239 8240 -1 8166 8240 8168 -1 8168 8240 8241 -1 8168 8241 8194 -1 8194 8241 8242 -1 8194 8242 8195 -1 8195 8242 8201 -1 8195 8201 8082 -1 8082 8201 8200 -1 8082 8200 8083 -1 8083 8200 8209 -1 8083 8209 8206 -1 8206 8209 8208 -1 8206 8208 8205 -1 8205 8208 8207 -1 8205 8207 8259 -1 8259 8207 8010 -1 8259 8010 7640 -1 8260 4919 4921 -1 8261 4861 8262 -1 8263 5998 5997 -1 5981 4861 8264 -1 8265 8266 8267 -1 8268 8269 8270 -1 8271 8272 8273 -1 8274 8275 8276 -1 8277 8278 8279 -1 8278 8277 4861 -1 4840 5140 8280 -1 8280 5140 4930 -1 8281 8282 8283 -1 8283 8282 8284 -1 8285 8286 8287 -1 5736 5734 8288 -1 8289 8290 8291 -1 8291 8290 8292 -1 8291 8292 8293 -1 8293 8292 8294 -1 8293 8294 8295 -1 8295 8294 8296 -1 8297 8298 8299 -1 8300 8301 8302 -1 8302 8301 7902 -1 8300 8303 8301 -1 8301 8303 8304 -1 8301 8304 8305 -1 8305 8306 8301 -1 8301 8306 8307 -1 8301 8307 8299 -1 8299 8307 8308 -1 8299 8308 8297 -1 8309 8310 8311 -1 8311 8310 8312 -1 8311 8312 8313 -1 8313 8312 8314 -1 8313 8314 8315 -1 8315 8314 8316 -1 8315 8316 8317 -1 8318 8319 8320 -1 8320 8319 8321 -1 8320 8321 8322 -1 8322 8321 8323 -1 8322 8323 8324 -1 8324 8323 8325 -1 8326 8327 8328 -1 8328 8327 8329 -1 8328 8329 8330 -1 8330 8329 8331 -1 8330 8331 8332 -1 8332 8331 8333 -1 8332 8333 8288 -1 8327 8334 8329 -1 8329 8334 8335 -1 8329 8335 8331 -1 8331 8335 8336 -1 8331 8336 8333 -1 8337 8338 8339 -1 8340 8341 8342 -1 8342 8341 8343 -1 8342 8343 8344 -1 8344 8343 8345 -1 8344 8345 8346 -1 8341 8347 8343 -1 8343 8347 8348 -1 8343 8348 8349 -1 8338 8350 8339 -1 8339 8350 8351 -1 8339 8351 8352 -1 8352 8351 8353 -1 8352 8353 8354 -1 8354 8353 8355 -1 8354 8355 4838 -1 4838 8355 8356 -1 4838 8356 8357 -1 8357 8356 8355 -1 8357 8355 8358 -1 8358 8355 8353 -1 8358 8353 8359 -1 8359 8353 8351 -1 8359 8351 8360 -1 8360 8351 8350 -1 8360 8350 8361 -1 8362 8309 8363 -1 8363 8309 8311 -1 8363 8311 8361 -1 8361 8311 8313 -1 8361 8313 8360 -1 8360 8313 8315 -1 8360 8315 8359 -1 8359 8315 8317 -1 8359 8317 8358 -1 8358 8317 8364 -1 8358 8364 8357 -1 8365 8349 8366 -1 8366 8349 8348 -1 8366 8348 8367 -1 8367 8348 8347 -1 8367 8347 8368 -1 8368 8347 8341 -1 8368 8341 8369 -1 8369 8341 8340 -1 8369 8340 8370 -1 8296 8319 8295 -1 8295 8319 8318 -1 8295 8318 8293 -1 8293 8318 8371 -1 8293 8371 8291 -1 8291 8371 8372 -1 8324 8365 8322 -1 8322 8365 8366 -1 8322 8366 8320 -1 8320 8366 8367 -1 8320 8367 8318 -1 8318 8367 8368 -1 8318 8368 8371 -1 8371 8368 8369 -1 8371 8369 8372 -1 8372 8369 8370 -1 8372 8370 8373 -1 8374 8375 8284 -1 8284 8375 8283 -1 8283 8375 8376 -1 8283 8376 8281 -1 8377 8378 8379 -1 8379 8378 8380 -1 8379 8380 8381 -1 8382 7898 8301 -1 8301 7898 7900 -1 8301 7900 7902 -1 8383 8384 8385 -1 8385 8384 8386 -1 8385 8386 8387 -1 8387 8386 8377 -1 8387 8377 8388 -1 8388 8377 8379 -1 8388 8379 8389 -1 8389 8379 8381 -1 8389 8381 8390 -1 8391 8392 8393 -1 8393 8392 8394 -1 8393 8394 8395 -1 8395 8394 8396 -1 8395 8396 8397 -1 8397 8396 8382 -1 8397 8382 8373 -1 8373 8382 8301 -1 8373 8301 8372 -1 8372 8301 8299 -1 8372 8299 8291 -1 8291 8299 8298 -1 8291 8298 8289 -1 7925 7923 8398 -1 8398 7923 8399 -1 8398 8399 8400 -1 8400 8399 8401 -1 8400 8401 8402 -1 8402 8401 8403 -1 8402 8403 8404 -1 8404 8403 8405 -1 8404 8405 8406 -1 8406 8405 8407 -1 8406 8407 8408 -1 8408 8407 8409 -1 8408 8409 8410 -1 7939 8392 7940 -1 7940 8392 8391 -1 7940 8391 7922 -1 4920 4919 8411 -1 8411 4919 8260 -1 8411 8260 8412 -1 7939 7921 8392 -1 8392 7921 7920 -1 8392 7920 8394 -1 8394 7920 7589 -1 8394 7589 7588 -1 4914 4920 8413 -1 8413 4920 8411 -1 8413 8411 8383 -1 8383 8411 8412 -1 8383 8412 8384 -1 7906 8396 7591 -1 7591 8396 8394 -1 7591 8394 7592 -1 7592 8394 7588 -1 7906 7904 8396 -1 8396 7904 7903 -1 8396 7903 8382 -1 8382 7903 7974 -1 8382 7974 7898 -1 4861 8414 8278 -1 8278 8414 8415 -1 8278 8415 8279 -1 8279 8415 8416 -1 8417 8418 8419 -1 8419 8418 8420 -1 8419 8420 8421 -1 8421 8420 8422 -1 8421 8422 8423 -1 8423 8422 8424 -1 8423 8424 8425 -1 8425 8424 8426 -1 8425 8426 8427 -1 8427 8426 8428 -1 8427 8428 8429 -1 8429 8428 8430 -1 8431 8430 8432 -1 8432 8430 8428 -1 8432 8428 8433 -1 8433 8428 8426 -1 8433 8426 8434 -1 8434 8426 8424 -1 8434 8424 8435 -1 8435 8424 8422 -1 8435 8422 8436 -1 8436 8422 8420 -1 8436 8420 8437 -1 8437 8420 8418 -1 8438 8439 8440 -1 8440 8439 8441 -1 8437 8442 8436 -1 8436 8442 8443 -1 8436 8443 8435 -1 8435 8443 8444 -1 8435 8444 8434 -1 8434 8444 8445 -1 8434 8445 8433 -1 8433 8445 8446 -1 8433 8446 8432 -1 8432 8446 8447 -1 8432 8447 8431 -1 8431 8447 8448 -1 8287 8286 8449 -1 8449 8286 8450 -1 8449 8450 8441 -1 8441 8450 8451 -1 8441 8451 8440 -1 8452 8267 8274 -1 8453 8271 8454 -1 8454 8271 8273 -1 8454 8273 8455 -1 8455 8273 8456 -1 8455 8456 8457 -1 8457 8456 8458 -1 4843 8269 8453 -1 8453 8269 8268 -1 8453 8268 8271 -1 4843 8453 4844 -1 4844 8453 8454 -1 4844 8454 5076 -1 5076 8454 8455 -1 5076 8455 5078 -1 5078 8455 8457 -1 5078 8457 4861 -1 8458 4861 8457 -1 8272 8416 8273 -1 8273 8416 8415 -1 8273 8415 8456 -1 8456 8415 8414 -1 8456 8414 8458 -1 8458 8414 4861 -1 8267 8452 8265 -1 8265 8452 8459 -1 8265 8459 8460 -1 8275 8461 8276 -1 8276 8461 8462 -1 8276 8462 8463 -1 8463 8462 8464 -1 8463 8464 8465 -1 8465 8464 8466 -1 8465 8466 8467 -1 8274 8276 8452 -1 8452 8276 8463 -1 8452 8463 8459 -1 8459 8463 8465 -1 8459 8465 8460 -1 8460 8465 8467 -1 8460 8467 8468 -1 8468 8467 8469 -1 8468 8469 8470 -1 8470 8469 8471 -1 8470 8471 8472 -1 8472 8471 8473 -1 8472 8473 8474 -1 8475 8476 8477 -1 4915 8478 4930 -1 4930 8478 8479 -1 4930 8479 8280 -1 8280 8479 8480 -1 8280 8480 8477 -1 8477 8480 8481 -1 8477 8481 8475 -1 8475 8481 8482 -1 8475 8482 8483 -1 8478 8474 8479 -1 8479 8474 8473 -1 8479 8473 8480 -1 8480 8473 8471 -1 8480 8471 8481 -1 8481 8471 8469 -1 8481 8469 8482 -1 8482 8469 8467 -1 8482 8467 8483 -1 8483 8467 8466 -1 8484 5108 5105 -1 8266 8265 8390 -1 8390 8265 8460 -1 8390 8460 8389 -1 8389 8460 8468 -1 8389 8468 8388 -1 8388 8468 8470 -1 8388 8470 8387 -1 8387 8470 8472 -1 8387 8472 8385 -1 8385 8472 8474 -1 8385 8474 8383 -1 8383 8474 8478 -1 8383 8478 8413 -1 8413 8478 4915 -1 8413 4915 4914 -1 5108 8484 5071 -1 4843 5065 8269 -1 8269 5065 5066 -1 8269 5066 8270 -1 8270 5066 5071 -1 8270 5071 8485 -1 8485 5071 8484 -1 8282 8285 8284 -1 8284 8285 8287 -1 8284 8287 8374 -1 8374 8287 8449 -1 8374 8449 8448 -1 8448 8449 8441 -1 8448 8441 8431 -1 8431 8441 8439 -1 8431 8439 8430 -1 8430 8439 8438 -1 8430 8438 8429 -1 8442 8461 8443 -1 8443 8461 8275 -1 8443 8275 8444 -1 8444 8275 8274 -1 8444 8274 8445 -1 8445 8274 8267 -1 8445 8267 8446 -1 8446 8267 8266 -1 8446 8266 8447 -1 8447 8266 8390 -1 8447 8390 8448 -1 8448 8390 8381 -1 8448 8381 8374 -1 8374 8381 8380 -1 8374 8380 8375 -1 8375 8380 8378 -1 8375 8378 8376 -1 8486 5997 5996 -1 8486 5996 8487 -1 8488 8486 8489 -1 8489 8486 8487 -1 8489 8487 8490 -1 8490 8487 8264 -1 5996 5985 8487 -1 8487 5985 5983 -1 8487 5983 8264 -1 8264 5983 5982 -1 8264 5982 5981 -1 5998 8263 5999 -1 5999 8263 8491 -1 5999 8491 5425 -1 5425 8491 8492 -1 5425 8492 8493 -1 5997 8486 8263 -1 8263 8486 8488 -1 8263 8488 8491 -1 8491 8488 8494 -1 8491 8494 8492 -1 8261 8262 8495 -1 8495 8262 8496 -1 8495 8496 8497 -1 8497 8496 8498 -1 8497 8498 8499 -1 8499 8498 8500 -1 8499 8500 8501 -1 8501 8500 8502 -1 8501 8502 8503 -1 8503 8502 8504 -1 8503 8504 8505 -1 8506 5429 8507 -1 8507 5429 5428 -1 8507 5428 8493 -1 8493 5428 5426 -1 8493 5426 5425 -1 8508 8506 8509 -1 8509 8506 8507 -1 8509 8507 8510 -1 8510 8507 8493 -1 8510 8493 8511 -1 8511 8493 8492 -1 8511 8492 8512 -1 8512 8492 8494 -1 8288 5734 8332 -1 8332 5734 5733 -1 8332 5733 8330 -1 8330 5733 5740 -1 8330 5740 8328 -1 8328 5740 5742 -1 8328 5742 8326 -1 8326 5742 6280 -1 8326 6280 8508 -1 8508 6280 6282 -1 8508 6282 8506 -1 8506 6282 6283 -1 8506 6283 5429 -1 8504 8513 8505 -1 8505 8513 8514 -1 8505 8514 8515 -1 8515 8514 8516 -1 8515 8516 8517 -1 8517 8516 8518 -1 8517 8518 8519 -1 8519 8518 8520 -1 8519 8520 8521 -1 8521 8520 8522 -1 8521 8522 8523 -1 8523 8522 8346 -1 8523 8346 8524 -1 8524 8346 8345 -1 8524 8345 8337 -1 8337 8345 8343 -1 8337 8343 8338 -1 8338 8343 8349 -1 8338 8349 8350 -1 8350 8349 8365 -1 8350 8365 8361 -1 8361 8365 8324 -1 8361 8324 8363 -1 8363 8324 8325 -1 8363 8325 8362 -1 4838 5736 8354 -1 8354 5736 8288 -1 8354 8288 8352 -1 8352 8288 8333 -1 8352 8333 8339 -1 8339 8333 8336 -1 8339 8336 8337 -1 8337 8336 8335 -1 8337 8335 8524 -1 8524 8335 8334 -1 8524 8334 8523 -1 8523 8334 8327 -1 8523 8327 8521 -1 8521 8327 8326 -1 8521 8326 8519 -1 8519 8326 8508 -1 8519 8508 8517 -1 8517 8508 8509 -1 8517 8509 8515 -1 8515 8509 8510 -1 8515 8510 8505 -1 8505 8510 8511 -1 8505 8511 8503 -1 8503 8511 8512 -1 8503 8512 8501 -1 8501 8512 8494 -1 8501 8494 8499 -1 8499 8494 8488 -1 8499 8488 8497 -1 8497 8488 8489 -1 8497 8489 8495 -1 8495 8489 8490 -1 8495 8490 8261 -1 8261 8490 8264 -1 8261 8264 4861 -1 4921 7925 8260 -1 8260 7925 8398 -1 8260 8398 8412 -1 8412 8398 8400 -1 8412 8400 8384 -1 8384 8400 8402 -1 8384 8402 8386 -1 8386 8402 8404 -1 8386 8404 8377 -1 8377 8404 8406 -1 8377 8406 8378 -1 8378 8406 8408 -1 8378 8408 8376 -1 8376 8408 8410 -1 8376 8410 8281 -1 4841 4840 8525 -1 4840 8280 8525 -1 8525 8280 8477 -1 8525 8477 4841 -1 4841 8477 8476 -1 4841 8476 5105 -1 5105 8476 8475 -1 5105 8475 8484 -1 8484 8475 8483 -1 8484 8483 8485 -1 8485 8483 8466 -1 8485 8466 8270 -1 8270 8466 8464 -1 8270 8464 8268 -1 8268 8464 8462 -1 8268 8462 8271 -1 8271 8462 8461 -1 8271 8461 8272 -1 8272 8461 8442 -1 8272 8442 8416 -1 8416 8442 8437 -1 8416 8437 8279 -1 8279 8437 8418 -1 8279 8418 8277 -1 8277 8418 8417 -1 8277 8417 4861 -1 7923 7922 8399 -1 8399 7922 8391 -1 8399 8391 8401 -1 8401 8391 8393 -1 8401 8393 8403 -1 8403 8393 8395 -1 8403 8395 8405 -1 8405 8395 8397 -1 8405 8397 8407 -1 8407 8397 8373 -1 8407 8373 8409 -1 8409 8373 8370 -1 8409 8370 8410 -1 8410 8370 8340 -1 8410 8340 8281 -1 8281 8340 8342 -1 8281 8342 8282 -1 8282 8342 8344 -1 8282 8344 8285 -1 8285 8344 8346 -1 8285 8346 8286 -1 8286 8346 8522 -1 8286 8522 8450 -1 8450 8522 8520 -1 8450 8520 8451 -1 8451 8520 8518 -1 8451 8518 8440 -1 8440 8518 8516 -1 8440 8516 8438 -1 8438 8516 8514 -1 8438 8514 8429 -1 8429 8514 8513 -1 8429 8513 8427 -1 8427 8513 8504 -1 8427 8504 8425 -1 8425 8504 8502 -1 8425 8502 8423 -1 8423 8502 8500 -1 8423 8500 8421 -1 8421 8500 8498 -1 8421 8498 8419 -1 8419 8498 8496 -1 8419 8496 8417 -1 8417 8496 8262 -1 8417 8262 4861 -1 4838 8357 4836 -1 4836 8357 8364 -1 8364 8317 4836 -1 4836 8317 8316 -1 4836 8316 8526 -1 8309 8362 8527 -1 8527 8362 8325 -1 8527 8325 8528 -1 8528 8325 8323 -1 8528 8323 8321 -1 8316 8314 8526 -1 8526 8314 8312 -1 8526 8312 8527 -1 8527 8312 8310 -1 8527 8310 8309 -1 3422 3426 8529 -1 8529 3426 3425 -1 8529 3425 8530 -1 3429 7191 3425 -1 3425 7191 4836 -1 3425 4836 8530 -1 3429 3428 7191 -1 7191 3428 3432 -1 7191 3432 3431 -1 3431 3441 7191 -1 7191 3441 3440 -1 7191 3440 3438 -1 3438 3436 7191 -1 7191 3436 3434 -1 7191 3434 3419 -1 3419 3417 7191 -1 7191 3417 3415 -1 7191 3415 6766 -1 6766 3415 3413 -1 6766 3413 3411 -1 3411 3410 6766 -1 6766 3410 3407 -1 6766 3407 8076 -1 8076 3407 3400 -1 8304 8303 8229 -1 8303 8300 8229 -1 8229 8300 8302 -1 8229 8302 7902 -1 8308 8307 8227 -1 8227 8307 8306 -1 8227 8306 8229 -1 8229 8306 8305 -1 8229 8305 8304 -1 8308 8227 8297 -1 8297 8227 8225 -1 8297 8225 8298 -1 8223 8290 8225 -1 8225 8290 8289 -1 8225 8289 8298 -1 8292 8531 8294 -1 8294 8531 8532 -1 8294 8532 8296 -1 8321 8319 8533 -1 3321 3319 8529 -1 3301 3304 8534 -1 3304 3305 8534 -1 8534 3305 3313 -1 8534 3313 3311 -1 3311 3309 8534 -1 8534 3309 3307 -1 8534 3307 3322 -1 3319 3317 8529 -1 8529 3317 3316 -1 8529 3316 3323 -1 3323 3325 8529 -1 8529 3325 3326 -1 8529 3326 3328 -1 3328 3330 8529 -1 8529 3330 3332 -1 8529 3332 3333 -1 3333 3335 8529 -1 8529 3335 3336 -1 8529 3336 3422 -1 8097 3292 8535 -1 8535 3292 3299 -1 3322 3321 8534 -1 8534 3321 8529 -1 8534 8529 8536 -1 8536 8529 8530 -1 8319 8296 8533 -1 8533 8296 8532 -1 8533 8532 8537 -1 3299 3301 8535 -1 8535 3301 8534 -1 8535 8534 8538 -1 8538 8534 8536 -1 8538 8536 8539 -1 8539 8536 8537 -1 8539 8537 8540 -1 8540 8537 8532 -1 8218 8540 8219 -1 8219 8540 8532 -1 8219 8532 8221 -1 8221 8532 8531 -1 8221 8531 8223 -1 8223 8531 8292 -1 8223 8292 8290 -1 8321 8533 8528 -1 8528 8533 8537 -1 8528 8537 8527 -1 8527 8537 8536 -1 8527 8536 8526 -1 8526 8536 8530 -1 8526 8530 4836 -1 8218 8213 8540 -1 8540 8213 8211 -1 8540 8211 8539 -1 8539 8211 8255 -1 8539 8255 8538 -1 8538 8255 8254 -1 8538 8254 8535 -1 8535 8254 8253 -1 8535 8253 8097 -1 8541 8542 8543 -1 8544 7376 7347 -1 8545 8546 8547 -1 8548 8549 8550 -1 8549 8551 8552 -1 8550 8549 8553 -1 2448 2446 6980 -1 7001 7172 7390 -1 8554 2457 2448 -1 8555 8556 3149 -1 3149 2460 8555 -1 8555 2460 2458 -1 8555 2458 8557 -1 8557 2458 2453 -1 8557 2453 2454 -1 8558 8559 2472 -1 2472 2467 8558 -1 8558 2467 2468 -1 8558 2468 8556 -1 8556 2468 2462 -1 8556 2462 3149 -1 2477 2542 8560 -1 8560 2542 2469 -1 2469 2470 8560 -1 8560 2470 2471 -1 8560 2471 8561 -1 8552 2475 2476 -1 8562 2486 2487 -1 8562 2487 8563 -1 8563 2487 2488 -1 8563 2488 3145 -1 2337 2339 8545 -1 8545 2339 2482 -1 8545 2482 8546 -1 8546 2482 2484 -1 8546 2484 8562 -1 8562 2484 2485 -1 8562 2485 2486 -1 7095 7096 8564 -1 8564 7096 7097 -1 7014 8565 7090 -1 7090 8565 8566 -1 7090 8566 7087 -1 7088 8567 7099 -1 7099 8567 8568 -1 7099 8568 7098 -1 7390 7388 7001 -1 7001 7388 8569 -1 7001 8569 7002 -1 7002 8569 8565 -1 7002 8565 7013 -1 7013 8565 7014 -1 8567 8570 8571 -1 7097 7098 8564 -1 8564 7098 8568 -1 8564 8568 8572 -1 8572 8568 8567 -1 8572 8567 8573 -1 8574 8575 8576 -1 8576 8575 8577 -1 8576 8577 8578 -1 8579 8580 8581 -1 8581 8580 8582 -1 8581 8582 8583 -1 8583 8582 8584 -1 8583 8584 8585 -1 8570 8579 8571 -1 8571 8579 8581 -1 8571 8581 8586 -1 8586 8581 8583 -1 8586 8583 8587 -1 8587 8583 8585 -1 8587 8585 8588 -1 8553 8549 8589 -1 8589 8549 8552 -1 8589 8552 8560 -1 8560 8552 2476 -1 8560 2476 2477 -1 8567 8571 8573 -1 8573 8571 8586 -1 8573 8586 8590 -1 8590 8586 8587 -1 8590 8587 8591 -1 8591 8587 8588 -1 8591 8588 8592 -1 8551 8549 8593 -1 8593 8549 8548 -1 8593 8548 8547 -1 8547 8546 8593 -1 8593 8546 8562 -1 8593 8562 8551 -1 8551 8562 8563 -1 8551 8563 8552 -1 8552 8563 3145 -1 8552 3145 2475 -1 8588 7381 8592 -1 8592 7381 7379 -1 8592 7379 7378 -1 7116 7094 8578 -1 8578 7094 7095 -1 8578 7095 8576 -1 8576 7095 8564 -1 8576 8564 8574 -1 8574 8564 8572 -1 8574 8572 8594 -1 8594 8572 8573 -1 8594 8573 8595 -1 8595 8573 8590 -1 8595 8590 8596 -1 8596 8590 8591 -1 8596 8591 8597 -1 8597 8591 8592 -1 8597 8592 8544 -1 8544 8592 7378 -1 8544 7378 7376 -1 2448 6980 8554 -1 8554 6980 6998 -1 8554 6998 8598 -1 2471 2472 8561 -1 8561 2472 8559 -1 8561 8559 8560 -1 8560 8559 8599 -1 8560 8599 8589 -1 8589 8599 8600 -1 8589 8600 8553 -1 7008 7007 8601 -1 7005 7004 8602 -1 8601 8603 8604 -1 8604 8603 8605 -1 8604 8605 8606 -1 8606 8605 8607 -1 8606 8607 8543 -1 7007 7105 8601 -1 8601 7105 7005 -1 8601 7005 8603 -1 8603 7005 8602 -1 8603 8602 8605 -1 8605 8602 8608 -1 8605 8608 8607 -1 8543 8542 8606 -1 8606 8542 8609 -1 8606 8609 8604 -1 8604 8609 8610 -1 8604 8610 8601 -1 8601 8610 8611 -1 8601 8611 7008 -1 6994 7008 6995 -1 6995 7008 8611 -1 6995 8611 6996 -1 6996 8611 8610 -1 6996 8610 6997 -1 6997 8610 8609 -1 6997 8609 7000 -1 7000 8609 8542 -1 7000 8542 6999 -1 6999 8542 8541 -1 7113 8612 7115 -1 7115 8612 8613 -1 7115 8613 7118 -1 7118 8613 8614 -1 7118 8614 7119 -1 7119 8614 7120 -1 7004 7120 8602 -1 8602 7120 8614 -1 8602 8614 8608 -1 8608 8614 8613 -1 8608 8613 8615 -1 8615 8613 8612 -1 8615 8612 8616 -1 7112 7116 8617 -1 8617 7116 8578 -1 8617 8578 8618 -1 8618 8578 8577 -1 8616 8619 8615 -1 8615 8619 8620 -1 8615 8620 8608 -1 8608 8620 8621 -1 8608 8621 8607 -1 8607 8621 8622 -1 8607 8622 8543 -1 8543 8622 8623 -1 8543 8623 8541 -1 8541 8623 8598 -1 8541 8598 6999 -1 6999 8598 6998 -1 7088 7087 8567 -1 8567 7087 8566 -1 8567 8566 8570 -1 8570 8566 8565 -1 8570 8565 8579 -1 8579 8565 8569 -1 8579 8569 8580 -1 8580 8569 7388 -1 8580 7388 8582 -1 8582 7388 7387 -1 8582 7387 8584 -1 8584 7387 7386 -1 8584 7386 8585 -1 8585 7386 7384 -1 8585 7384 8588 -1 8588 7384 7383 -1 8588 7383 7381 -1 8616 8624 8619 -1 8619 8624 8559 -1 8619 8559 8620 -1 8620 8559 8558 -1 8620 8558 8621 -1 8621 8558 8556 -1 8621 8556 8622 -1 8622 8556 8555 -1 8622 8555 8623 -1 8623 8555 8557 -1 8623 8557 8598 -1 8598 8557 2454 -1 8598 2454 8554 -1 8554 2454 2456 -1 8554 2456 2457 -1 7113 7112 8612 -1 8612 7112 8617 -1 8612 8617 8616 -1 8616 8617 8618 -1 8616 8618 8624 -1 8624 8618 8577 -1 8624 8577 8559 -1 8559 8577 8575 -1 8559 8575 8599 -1 8599 8575 8574 -1 8599 8574 8600 -1 8600 8574 8594 -1 8600 8594 8553 -1 8553 8594 8595 -1 8553 8595 8550 -1 8550 8595 8596 -1 8550 8596 8548 -1 8548 8596 8597 -1 8548 8597 8547 -1 8547 8597 8544 -1 8547 8544 8545 -1 8545 8544 7347 -1 8545 7347 2337 -1 2337 7347 2336 -1 8625 7534 7533 -1 7566 7565 8626 -1 8627 7732 7864 -1 7889 7857 8628 -1 8629 8630 8631 -1 8632 8633 8634 -1 8635 8636 8637 -1 8638 8639 8640 -1 7527 7472 8641 -1 3068 8642 1812 -1 3048 8643 1800 -1 4394 8644 4386 -1 4385 4384 4415 -1 8626 8645 4385 -1 4385 8645 8646 -1 4385 8646 4397 -1 4397 8646 8647 -1 4397 8647 4392 -1 4392 8647 8648 -1 4392 8648 4393 -1 4393 8648 8649 -1 4393 8649 4394 -1 4388 4387 8650 -1 8650 4387 4386 -1 4391 4396 8651 -1 8651 4396 4395 -1 8651 4395 4388 -1 4400 4399 4408 -1 4408 4399 4401 -1 4391 8651 4389 -1 4389 8651 8652 -1 4389 8652 4398 -1 1756 1757 8653 -1 8653 1757 1778 -1 8653 1778 1777 -1 1753 1754 8653 -1 8653 1754 1779 -1 8653 1779 1756 -1 1750 1751 8653 -1 8653 1751 1780 -1 8653 1780 1753 -1 1777 1769 8653 -1 8653 1769 1770 -1 8653 1770 1772 -1 1759 1760 8653 -1 1772 1774 8653 -1 8653 1774 1768 -1 8653 1768 1759 -1 1760 1763 8653 -1 8653 1763 1764 -1 8653 1764 1765 -1 1766 1767 4421 -1 4421 1767 1982 -1 4421 1982 1977 -1 1977 1978 4421 -1 4421 1978 1979 -1 4421 1979 1974 -1 1974 1971 4421 -1 4421 1971 1972 -1 4421 1972 1969 -1 1969 1966 4421 -1 4421 1966 1964 -1 4421 1964 1962 -1 1962 1960 4421 -1 4421 1960 1958 -1 4421 1958 1957 -1 8654 1784 1785 -1 1747 1787 8655 -1 8655 1787 1790 -1 8655 8656 1747 -1 1747 8656 8657 -1 1747 8657 8658 -1 1876 8659 3045 -1 3045 8659 8660 -1 3045 8660 3046 -1 1800 8643 3064 -1 3064 8643 8661 -1 3064 8661 3065 -1 3065 8661 3067 -1 3067 8661 8662 -1 3067 8662 3068 -1 3068 8662 8663 -1 3068 8663 8642 -1 8664 8665 8666 -1 8666 8665 8667 -1 8666 8667 8668 -1 8668 8667 8669 -1 8668 8669 8670 -1 7790 7791 8671 -1 8671 7791 7792 -1 8671 7792 8672 -1 8672 7792 7793 -1 8672 7793 8673 -1 8673 7793 7812 -1 8671 8674 7790 -1 7790 8674 8675 -1 7790 8675 7807 -1 7807 8675 8676 -1 8676 8677 7807 -1 7807 8677 8678 -1 7807 8678 7808 -1 7808 8678 7587 -1 8679 8680 8681 -1 8681 8680 8682 -1 8681 8682 8683 -1 8683 8682 8684 -1 8683 8684 8685 -1 8685 8684 8686 -1 8685 8686 8687 -1 8687 8686 8688 -1 8687 8688 8689 -1 8689 8688 8690 -1 8689 8690 8691 -1 8691 8690 8692 -1 8691 8692 8693 -1 8693 8692 8694 -1 8693 8694 8627 -1 8679 7482 8680 -1 8680 7482 8677 -1 8680 8677 8682 -1 8682 8677 8676 -1 8682 8676 8684 -1 8684 8676 8675 -1 8684 8675 8686 -1 8686 8675 8674 -1 8686 8674 8688 -1 8688 8674 8671 -1 8688 8671 8690 -1 8690 8671 8672 -1 8690 8672 8692 -1 8692 8672 8673 -1 8692 8673 8694 -1 8694 8673 7812 -1 8694 7812 8627 -1 8627 7812 7733 -1 8627 7733 7732 -1 7452 7587 7450 -1 7450 7587 8678 -1 7450 8678 7479 -1 7479 8678 8677 -1 7479 8677 7480 -1 7480 8677 7482 -1 8669 8695 8670 -1 8670 8695 8696 -1 8670 8696 8697 -1 8697 8696 8698 -1 8697 8698 8699 -1 8699 8698 8700 -1 8695 8701 8696 -1 8696 8701 8702 -1 8696 8702 8698 -1 8698 8702 8703 -1 8698 8703 8700 -1 8704 8705 8706 -1 8706 8705 8707 -1 8706 8707 8708 -1 8708 8707 8709 -1 8708 8709 8710 -1 8710 8709 8711 -1 8710 8711 8712 -1 8713 8714 8703 -1 8703 8714 8715 -1 8703 8715 8700 -1 8700 8715 8716 -1 8700 8716 8717 -1 7530 7510 8679 -1 8679 7510 7509 -1 8679 7509 7482 -1 8718 8719 8720 -1 1785 1750 8654 -1 8654 1750 8653 -1 8654 8653 8721 -1 8722 8723 8721 -1 8721 8723 8724 -1 8721 8724 8654 -1 4421 4423 8725 -1 8725 4423 8726 -1 8725 8726 8727 -1 8727 8726 8728 -1 8729 8730 8731 -1 8731 8730 8732 -1 8731 8732 8733 -1 8733 8732 8734 -1 8733 8734 8735 -1 8735 8734 8736 -1 8735 8736 8718 -1 8737 8729 8738 -1 8738 8729 8731 -1 8738 8731 8739 -1 8739 8731 8733 -1 8739 8733 8740 -1 8740 8733 8735 -1 8740 8735 8722 -1 8722 8735 8718 -1 8722 8718 8723 -1 8723 8718 8720 -1 8723 8720 8724 -1 8625 8741 8742 -1 7534 8625 7477 -1 7477 8625 8742 -1 7477 8742 7478 -1 8636 8743 8637 -1 8637 8743 8744 -1 8637 8744 8745 -1 7472 7474 8641 -1 8641 7474 8746 -1 8641 8746 8747 -1 8747 8746 8748 -1 8747 8748 8749 -1 8749 8748 8704 -1 8636 8747 8743 -1 8743 8747 8749 -1 8743 8749 8744 -1 8744 8749 8704 -1 8744 8704 8713 -1 8713 8704 8706 -1 8713 8706 8714 -1 8714 8706 8708 -1 8714 8708 8715 -1 8715 8708 8710 -1 8715 8710 8716 -1 8716 8710 8712 -1 8716 8712 8717 -1 4388 8650 8651 -1 8651 8650 8737 -1 8651 8737 8652 -1 8652 8737 8738 -1 8652 8738 8750 -1 8750 8738 8739 -1 8750 8739 8751 -1 8751 8739 8740 -1 8751 8740 8728 -1 8728 8740 8722 -1 8728 8722 8727 -1 8727 8722 8721 -1 8727 8721 8725 -1 8725 8721 8653 -1 8725 8653 4421 -1 4421 8653 1765 -1 4421 1765 1766 -1 8752 8753 8754 -1 7527 8641 8755 -1 8755 8641 8747 -1 8755 8747 8756 -1 8756 8747 8636 -1 8756 8636 8757 -1 8757 8636 8635 -1 8757 8635 8758 -1 8638 8759 8760 -1 8760 8759 8761 -1 4394 8649 8644 -1 8644 8649 8754 -1 8644 8754 4386 -1 4386 8754 8753 -1 4386 8753 8650 -1 8650 8753 8752 -1 8650 8752 8737 -1 8640 8762 8638 -1 8638 8762 8763 -1 8638 8763 8759 -1 8759 8763 8764 -1 8759 8764 8761 -1 8761 8764 8765 -1 8761 8765 8766 -1 8745 8639 8637 -1 8637 8639 8638 -1 8637 8638 8635 -1 8635 8638 8760 -1 8635 8760 8758 -1 8758 8760 8761 -1 8758 8761 7559 -1 7559 8761 8766 -1 7559 8766 7557 -1 7559 7560 8758 -1 8758 7560 7448 -1 8758 7448 8757 -1 8757 7448 7447 -1 8757 7447 8756 -1 8756 7447 7529 -1 8756 7529 8755 -1 8755 7529 7528 -1 8755 7528 7527 -1 4401 4398 4408 -1 4408 4398 8652 -1 4408 8652 4429 -1 4429 8652 8750 -1 4429 8750 4431 -1 4431 8750 8751 -1 4431 8751 4432 -1 4432 8751 8728 -1 4432 8728 4433 -1 4433 8728 8726 -1 4433 8726 4425 -1 4425 8726 4423 -1 8633 8663 8634 -1 8634 8663 8662 -1 8634 8662 8767 -1 8767 8662 8661 -1 8767 8661 8768 -1 8768 8661 8643 -1 8768 8643 8660 -1 8660 8643 3048 -1 8660 3048 3046 -1 1876 1747 8659 -1 8659 1747 8658 -1 8659 8658 8660 -1 8660 8658 8769 -1 8660 8769 8768 -1 8768 8769 8770 -1 8768 8770 8767 -1 8767 8770 8771 -1 8767 8771 8634 -1 8634 8771 8772 -1 8634 8772 8632 -1 4950 8773 8774 -1 8774 8773 8775 -1 8774 8775 8776 -1 8776 8775 8777 -1 8776 8777 8778 -1 8778 8777 8779 -1 8773 8780 8775 -1 8775 8780 8781 -1 8775 8781 8777 -1 8777 8781 8782 -1 8777 8782 8779 -1 8628 7857 8779 -1 8779 7857 7856 -1 8779 7856 8778 -1 8778 7856 7849 -1 8778 7849 8776 -1 8776 7849 7848 -1 8776 7848 8774 -1 8774 7848 7847 -1 8774 7847 4950 -1 8783 8784 8785 -1 8785 8784 8786 -1 7889 8628 7890 -1 7890 8628 8787 -1 7890 8787 7879 -1 7879 8787 8788 -1 7879 8788 7863 -1 7863 8788 8789 -1 7863 8789 8664 -1 8782 8629 8779 -1 8779 8629 8631 -1 8779 8631 8628 -1 8628 8631 8790 -1 8628 8790 8787 -1 8787 8790 8791 -1 8787 8791 8788 -1 8788 8791 8792 -1 8788 8792 8789 -1 8789 8792 8793 -1 8789 8793 8794 -1 8794 8793 8795 -1 8794 8795 8796 -1 8796 8795 8797 -1 8796 8797 8798 -1 8798 8797 8799 -1 8798 8799 8800 -1 8664 8789 8665 -1 8665 8789 8794 -1 8665 8794 8667 -1 8667 8794 8796 -1 8667 8796 8669 -1 8669 8796 8798 -1 8669 8798 8695 -1 8695 8798 8800 -1 8695 8800 8701 -1 1784 8654 1782 -1 1782 8654 8724 -1 1782 8724 1790 -1 1790 8724 8720 -1 1790 8720 8655 -1 8655 8720 8719 -1 8655 8719 8656 -1 8656 8719 8801 -1 8656 8801 8657 -1 8657 8801 8802 -1 8657 8802 8658 -1 8658 8802 8803 -1 8658 8803 8769 -1 8769 8803 8804 -1 8769 8804 8770 -1 8770 8804 8805 -1 8770 8805 8771 -1 8771 8805 8785 -1 8771 8785 8772 -1 8772 8785 8786 -1 8772 8786 8632 -1 4385 4415 8626 -1 8626 4415 4414 -1 8626 4414 7566 -1 7474 7478 8746 -1 8746 7478 8742 -1 8746 8742 8748 -1 8748 8742 8741 -1 8748 8741 8704 -1 8704 8741 8625 -1 8704 8625 8705 -1 8705 8625 7533 -1 8705 7533 8707 -1 8707 7533 7531 -1 8707 7531 8709 -1 8709 7531 7530 -1 8709 7530 8711 -1 8711 7530 8679 -1 8711 8679 8712 -1 8712 8679 8681 -1 8712 8681 8717 -1 8717 8681 8683 -1 8717 8683 8700 -1 8700 8683 8685 -1 8700 8685 8699 -1 8699 8685 8687 -1 8699 8687 8697 -1 8697 8687 8689 -1 8697 8689 8670 -1 8670 8689 8691 -1 8670 8691 8668 -1 8668 8691 8693 -1 8668 8693 8666 -1 8666 8693 8627 -1 8666 8627 8664 -1 8664 8627 7864 -1 8664 7864 7863 -1 8630 8783 8631 -1 8631 8783 8785 -1 8631 8785 8790 -1 8790 8785 8805 -1 8790 8805 8791 -1 8791 8805 8804 -1 8791 8804 8792 -1 8792 8804 8803 -1 8792 8803 8793 -1 8793 8803 8802 -1 8793 8802 8795 -1 8795 8802 8801 -1 8795 8801 8797 -1 8797 8801 8719 -1 8797 8719 8799 -1 8799 8719 8718 -1 8799 8718 8800 -1 8800 8718 8736 -1 8800 8736 8701 -1 8701 8736 8734 -1 8701 8734 8702 -1 8702 8734 8732 -1 8702 8732 8703 -1 8703 8732 8730 -1 8703 8730 8713 -1 8713 8730 8729 -1 8713 8729 8744 -1 8744 8729 8737 -1 8744 8737 8745 -1 8745 8737 8752 -1 8745 8752 8639 -1 8639 8752 8754 -1 8639 8754 8640 -1 8640 8754 8649 -1 8640 8649 8762 -1 8762 8649 8648 -1 8762 8648 8763 -1 8763 8648 8647 -1 8763 8647 8764 -1 8764 8647 8646 -1 8764 8646 8765 -1 8765 8646 8645 -1 8765 8645 8766 -1 8766 8645 8626 -1 8766 8626 7557 -1 7557 8626 7565 -1 1903 1905 4480 -1 3096 4001 3094 -1 3094 4001 4406 -1 3094 4406 3092 -1 3092 4406 1894 -1 3096 1898 4001 -1 4001 1898 1899 -1 4001 1899 4480 -1 4480 1899 1900 -1 4480 1900 1901 -1 1901 3097 4480 -1 4480 3097 1902 -1 4480 1902 1903 -1 1905 1921 4480 -1 4480 1921 1923 -1 4480 1923 1924 -1 1907 1908 8806 -1 1924 1915 4480 -1 4480 1915 1913 -1 4480 1913 4455 -1 4455 1913 1911 -1 4455 1911 8807 -1 8807 1911 8806 -1 8806 1911 1910 -1 8806 1910 1907 -1 8808 8663 8633 -1 5141 4991 8781 -1 8809 4903 4902 -1 4990 4905 8810 -1 8810 4905 4904 -1 8810 4904 8811 -1 8781 4991 8782 -1 5141 8781 4895 -1 4895 8781 8780 -1 4895 8780 4896 -1 4896 8780 8773 -1 4896 8773 4950 -1 1818 3062 8808 -1 8808 3062 1815 -1 1815 1812 8808 -1 8808 1812 8642 -1 8808 8642 8663 -1 1851 8806 1852 -1 1852 8806 1908 -1 1851 1849 8806 -1 8806 1849 1848 -1 8806 1848 1846 -1 1846 1844 8806 -1 8806 1844 1839 -1 8806 1839 1840 -1 1840 1842 8806 -1 8806 1842 1843 -1 8806 1843 1837 -1 1834 1835 8812 -1 1835 3057 8812 -1 8812 3057 1830 -1 8812 1830 1828 -1 1828 1826 8812 -1 8812 1826 1823 -1 8812 1823 3060 -1 8813 8812 8814 -1 8813 8814 8815 -1 1837 1834 8806 -1 8806 1834 8812 -1 8806 8812 8807 -1 8807 8812 8813 -1 8807 8813 4455 -1 8814 8816 8815 -1 8815 8816 8817 -1 8815 8817 8809 -1 4991 4990 8782 -1 8782 4990 8810 -1 8782 8810 8629 -1 8629 8810 8811 -1 8629 8811 8630 -1 8630 8811 8783 -1 8784 8783 8817 -1 8817 8783 8811 -1 8817 8811 8809 -1 8809 8811 4904 -1 8809 4904 4903 -1 4455 8813 4459 -1 4459 8813 8815 -1 4459 8815 4465 -1 4465 8815 8809 -1 4465 8809 4463 -1 4463 8809 4902 -1 4463 4902 4461 -1 8784 8817 8786 -1 8786 8817 8816 -1 8786 8816 8632 -1 8632 8816 8814 -1 8632 8814 8633 -1 8633 8814 8812 -1 8633 8812 8808 -1 8808 8812 3060 -1 8808 3060 1818 -1 8818 4345 4343 -1 5169 5168 8819 -1 5184 5185 8818 -1 4345 8818 4347 -1 4347 8818 5185 -1 4347 5185 4348 -1 1740 1739 8820 -1 3119 1731 8820 -1 8820 1731 1730 -1 8820 1730 1740 -1 1739 1738 8820 -1 8820 1738 1737 -1 8820 1737 1736 -1 1726 1725 8821 -1 1736 1735 8820 -1 8820 1735 1734 -1 8820 1734 1733 -1 1726 8821 1727 -1 1725 1719 8821 -1 8821 1719 1718 -1 8821 1718 1724 -1 1724 1723 8821 -1 8821 1723 1722 -1 8821 1722 1721 -1 1721 1717 8821 -1 8821 1717 1716 -1 8821 1716 3106 -1 3106 3107 8821 -1 8821 3107 3104 -1 8821 3104 1713 -1 1713 1712 8821 -1 8821 1712 1711 -1 8821 1711 1710 -1 1710 1709 8821 -1 8821 1709 1708 -1 8821 1708 1707 -1 1703 1583 1705 -1 1705 1583 8821 -1 1705 8821 1706 -1 1706 8821 1707 -1 1649 3105 4226 -1 4226 3105 8822 -1 4226 8822 4227 -1 5154 8823 5149 -1 5149 8823 8824 -1 5149 8824 5146 -1 4479 5146 8825 -1 8825 5146 8824 -1 8825 8824 8821 -1 8821 8824 8820 -1 8821 8820 1727 -1 1727 8820 1733 -1 3105 3119 8822 -1 8822 3119 8820 -1 8822 8820 8826 -1 8826 8820 8824 -1 8826 8824 8827 -1 8827 8824 8823 -1 8827 8823 8828 -1 8828 8823 5154 -1 8828 5154 8819 -1 8819 5154 5156 -1 8819 5156 5169 -1 5168 5184 8819 -1 8819 5184 8818 -1 8819 8818 8828 -1 8828 8818 4343 -1 8828 4343 8827 -1 8827 4343 4341 -1 8827 4341 8826 -1 8826 4341 4339 -1 8826 4339 8822 -1 8822 4339 4338 -1 8822 4338 4227 -1 8821 1583 1582 -1 8821 4473 8825 -1 8825 4473 4479 -1 8821 1582 4473 -1 4473 1582 1580 -1 4473 1580 4471 -1 4471 1580 3075 -1 4471 3075 3095 -1 3095 1578 4471 -1 4471 1578 3093 -1 4471 3093 1518 -1 8829 8830 8831 -1 5361 5378 8832 -1 8833 8834 8835 -1 8836 4472 4471 -1 8837 8838 8839 -1 8840 8841 8842 -1 8843 8844 8845 -1 8846 8847 8844 -1 8848 8849 8850 -1 8851 8852 8853 -1 8854 8855 8856 -1 5303 5294 8857 -1 8858 5270 5269 -1 5269 5268 8858 -1 8858 5268 5249 -1 8858 5249 8859 -1 8859 5249 5248 -1 8859 5248 5253 -1 5291 5267 8860 -1 8861 8862 8860 -1 8860 8862 8863 -1 8860 8863 5291 -1 5293 5206 8863 -1 8863 5206 5205 -1 8863 5205 5291 -1 5303 8857 5318 -1 8864 8865 8861 -1 8861 8865 8866 -1 8861 8866 8862 -1 8862 8866 8867 -1 8862 8867 8863 -1 8863 8867 8857 -1 8863 8857 5293 -1 5293 8857 5294 -1 5202 8855 5203 -1 5203 8855 8854 -1 5203 8854 5379 -1 8868 8869 8870 -1 8870 8869 8871 -1 8870 8871 8856 -1 8856 8871 8851 -1 8856 8851 8854 -1 8854 8851 8853 -1 8854 8853 5379 -1 5379 8853 5380 -1 5202 5318 8855 -1 8855 5318 8857 -1 8855 8857 8856 -1 8856 8857 8867 -1 8856 8867 8870 -1 8870 8867 8866 -1 8870 8866 8868 -1 8868 8866 8865 -1 8847 8846 8872 -1 8872 8846 8873 -1 8872 8873 8874 -1 8874 8873 8875 -1 8874 8875 8876 -1 8876 8875 8877 -1 8876 8877 8878 -1 8844 8879 8846 -1 8846 8879 8880 -1 8846 8880 8873 -1 8873 8880 8881 -1 8873 8881 8875 -1 8875 8881 8882 -1 8875 8882 8877 -1 8845 8844 8883 -1 8883 8844 8847 -1 8883 8847 8884 -1 8884 8847 8872 -1 8884 8872 8885 -1 8885 8872 8874 -1 8885 8874 8886 -1 8886 8874 8876 -1 8886 8876 8887 -1 8887 8876 8878 -1 8887 8878 8852 -1 8888 8889 8890 -1 8891 8892 8893 -1 8893 8892 8894 -1 8893 8894 8895 -1 8842 8841 8843 -1 8841 8896 8843 -1 8843 8896 8897 -1 8843 8897 8844 -1 8844 8897 8898 -1 8844 8898 8879 -1 8899 8900 8901 -1 8901 8900 8902 -1 8901 8902 8903 -1 8903 8902 8904 -1 8903 8904 8905 -1 8905 8904 8906 -1 8905 8906 8907 -1 8883 8908 8845 -1 8845 8908 8909 -1 8845 8909 8843 -1 8843 8909 8894 -1 8843 8894 8842 -1 8842 8894 8892 -1 8842 8892 8840 -1 8840 8892 8891 -1 8891 8910 8840 -1 8840 8910 8911 -1 8840 8911 8841 -1 8841 8911 8912 -1 8841 8912 8896 -1 8896 8912 8913 -1 8896 8913 8897 -1 8897 8913 8914 -1 8897 8914 8898 -1 8898 8914 8915 -1 8898 8915 8879 -1 8879 8915 8916 -1 8879 8916 8880 -1 8880 8916 8917 -1 8880 8917 8881 -1 8881 8917 8918 -1 8881 8918 8882 -1 8919 8837 8920 -1 8837 8839 8920 -1 8920 8839 8921 -1 8920 8921 8922 -1 8922 8921 8923 -1 8922 8923 8924 -1 8924 8923 8925 -1 8924 8925 8899 -1 8899 8925 8926 -1 8899 8926 8900 -1 8919 8927 8928 -1 8928 8927 8929 -1 8928 8929 8930 -1 8930 8929 8931 -1 8930 8931 8890 -1 4474 4472 8932 -1 8932 4472 8836 -1 8932 8836 8933 -1 8890 8895 8888 -1 8888 8895 8894 -1 8888 8894 8934 -1 8934 8894 8909 -1 8934 8909 8935 -1 8935 8909 8908 -1 8935 8908 8936 -1 8936 8908 8937 -1 8936 8937 8938 -1 8938 8937 8939 -1 8940 8941 8942 -1 8942 8941 8943 -1 8942 8943 8944 -1 8945 8946 8943 -1 8943 8946 8947 -1 8943 8947 8944 -1 8944 8947 8948 -1 8944 8948 8942 -1 8942 8948 8949 -1 8942 8949 8940 -1 8940 8949 8950 -1 8940 8950 8833 -1 8833 8950 8951 -1 8833 8951 8834 -1 5378 5377 8832 -1 8832 5377 5198 -1 8832 5198 8952 -1 4478 4476 5348 -1 5348 4476 8953 -1 5348 8953 5349 -1 5349 8953 8952 -1 5349 8952 5197 -1 5197 8952 5198 -1 4476 4474 8953 -1 8953 4474 8932 -1 8953 8932 8952 -1 8952 8932 8933 -1 8952 8933 8832 -1 5358 5359 8954 -1 5358 8954 5357 -1 5253 5252 8859 -1 8859 5252 5381 -1 8859 5381 5195 -1 5267 5266 8860 -1 8860 5266 5270 -1 8860 5270 8861 -1 8861 5270 8858 -1 8861 8858 8864 -1 8864 8858 8859 -1 8864 8859 8955 -1 8955 8859 5195 -1 8955 5195 5194 -1 5194 5362 8829 -1 8829 5362 5364 -1 8829 5364 5366 -1 8956 8830 8954 -1 8954 8830 8829 -1 8954 8829 5357 -1 5357 8829 5366 -1 8956 8957 8830 -1 8830 8957 8958 -1 8830 8958 8831 -1 8831 8958 8849 -1 5194 8829 8955 -1 8955 8829 8831 -1 8955 8831 8864 -1 8864 8831 8849 -1 8864 8849 8865 -1 8865 8849 8848 -1 8865 8848 8868 -1 8868 8848 8850 -1 8868 8850 8869 -1 4471 8835 8836 -1 8836 8835 8834 -1 8836 8834 8933 -1 8933 8834 8951 -1 8933 8951 8832 -1 8832 8951 8956 -1 8832 8956 5361 -1 5361 8956 8954 -1 5361 8954 5360 -1 5360 8954 5359 -1 8928 8959 8919 -1 8919 8959 8960 -1 8919 8960 8837 -1 8837 8960 8961 -1 8837 8961 8838 -1 8838 8961 8962 -1 8838 8962 8963 -1 8963 8962 8964 -1 8890 8931 8895 -1 8895 8931 8929 -1 8895 8929 8893 -1 8893 8929 8927 -1 8893 8927 8891 -1 8891 8927 8919 -1 8891 8919 8910 -1 8910 8919 8920 -1 8910 8920 8911 -1 8911 8920 8922 -1 8911 8922 8912 -1 8912 8922 8924 -1 8912 8924 8913 -1 8913 8924 8899 -1 8913 8899 8914 -1 8914 8899 8901 -1 8914 8901 8915 -1 8915 8901 8903 -1 8915 8903 8916 -1 8916 8903 8905 -1 8916 8905 8917 -1 8917 8905 8907 -1 8917 8907 8918 -1 8835 8965 8833 -1 8833 8965 8966 -1 8833 8966 8940 -1 8940 8966 8967 -1 8940 8967 8941 -1 8941 8967 8968 -1 8941 8968 8943 -1 8943 8968 8969 -1 8943 8969 8945 -1 8852 8851 8887 -1 8887 8851 8871 -1 8887 8871 8886 -1 8886 8871 8869 -1 8886 8869 8885 -1 8885 8869 8850 -1 8885 8850 8884 -1 8884 8850 8849 -1 8884 8849 8883 -1 8883 8849 8958 -1 8883 8958 8908 -1 8908 8958 8957 -1 8908 8957 8937 -1 8937 8957 8956 -1 8937 8956 8939 -1 8939 8956 8951 -1 8939 8951 8938 -1 8938 8951 8950 -1 8938 8950 8936 -1 8936 8950 8949 -1 8936 8949 8935 -1 8935 8949 8948 -1 8935 8948 8934 -1 8934 8948 8947 -1 8934 8947 8888 -1 8888 8947 8946 -1 8888 8946 8889 -1 2194 7583 7499 -1 3223 3222 7583 -1 7583 3222 2251 -1 7583 2251 2249 -1 2194 3221 7583 -1 7583 3221 3224 -1 7583 3224 3223 -1 2249 2245 7583 -1 7583 2245 2246 -1 7583 2246 2247 -1 2247 2258 7583 -1 7583 2258 2274 -1 7583 2274 2272 -1 2272 2271 7583 -1 7583 2271 2270 -1 7583 2270 2267 -1 2267 2261 7583 -1 7583 2261 2266 -1 7583 2266 7584 -1 7584 2266 2265 -1 2265 2264 7584 -1 7584 2264 2263 -1 7584 2263 2262 -1 2262 2269 7584 -1 7584 2269 2268 -1 7584 2268 2273 -1 2273 2260 7584 -1 7584 2260 2259 -1 7584 2259 2257 -1 2257 2256 7584 -1 7584 2256 2255 -1 7584 2255 2278 -1 2278 3235 7584 -1 7584 3235 3234 -1 7584 3234 3233 -1 3233 3232 8970 -1 8970 3232 3240 -1 8970 3240 2200 -1 1680 1679 7558 -1 1680 7558 1677 -1 1679 1685 7558 -1 7558 1685 1688 -1 7558 1688 1672 -1 1672 1671 7558 -1 7558 1671 1670 -1 7558 1670 1669 -1 1669 1668 7558 -1 7558 1668 1666 -1 7558 1666 1665 -1 1665 3113 7558 -1 7558 3113 3114 -1 7558 3114 3115 -1 4235 3115 3116 -1 3116 3117 4235 -1 4235 3117 3118 -1 4235 3118 1596 -1 3126 3131 7555 -1 3126 7555 3127 -1 8971 1567 3128 -1 3131 3130 7555 -1 7555 3130 1696 -1 7555 1696 1698 -1 1698 1667 7555 -1 7555 1667 1689 -1 7555 1689 1684 -1 1684 1683 7555 -1 7555 1683 1686 -1 7555 1686 1687 -1 1687 1681 7555 -1 7555 1681 1682 -1 7555 1682 1676 -1 1676 1675 7555 -1 7555 1675 1674 -1 7555 1674 7556 -1 7556 1674 1673 -1 7556 1673 7558 -1 7558 1673 1678 -1 7558 1678 1677 -1 3233 8970 7584 -1 7584 8970 2200 -1 7584 2200 7585 -1 3115 4235 7558 -1 7558 4235 4236 -1 7558 4236 7449 -1 4236 4253 7449 -1 7449 4253 4254 -1 7449 4254 7473 -1 4254 4255 7473 -1 7473 4255 4256 -1 7473 4256 7475 -1 7475 4256 4240 -1 7475 4240 7476 -1 7476 4240 4293 -1 4293 4217 7476 -1 7476 4217 4216 -1 7476 4216 7532 -1 4216 4379 7532 -1 7532 4379 4378 -1 7532 4378 7511 -1 4378 4376 7511 -1 7511 4376 4375 -1 7511 4375 7481 -1 4375 4321 7481 -1 7481 4321 4319 -1 7481 4319 7451 -1 4319 4317 7451 -1 7451 4317 4316 -1 7451 4316 7453 -1 4316 4310 7453 -1 7453 4310 4374 -1 7453 4374 7490 -1 4374 4373 7490 -1 7490 4373 4371 -1 7490 4371 7518 -1 7518 4371 4370 -1 7518 4370 7467 -1 4370 8972 7467 -1 7467 8972 8973 -1 7467 8973 7461 -1 8973 8974 7461 -1 7461 8974 8975 -1 7461 8975 7493 -1 8975 8976 7493 -1 7493 8976 8977 -1 7493 8977 7521 -1 8977 8978 7521 -1 7521 8978 8979 -1 7521 8979 7497 -1 8979 8980 7497 -1 7497 8980 8981 -1 7497 8981 7499 -1 7499 8981 8982 -1 7499 8982 2194 -1 2200 5279 7585 -1 7585 5279 5278 -1 7585 5278 7567 -1 5278 5189 7567 -1 7567 5189 5188 -1 7567 5188 7582 -1 5188 5280 7582 -1 7582 5280 5282 -1 7582 5282 7578 -1 5282 5309 7578 -1 7578 5309 5307 -1 7578 5307 7577 -1 5307 5305 7577 -1 7577 5305 5380 -1 7577 5380 7568 -1 5380 8853 7568 -1 7568 8853 8852 -1 7568 8852 7545 -1 7545 8852 8878 -1 7545 8878 7489 -1 8878 8877 7489 -1 7489 8877 8882 -1 7489 8882 7488 -1 8882 8918 7488 -1 7488 8918 8907 -1 7488 8907 7487 -1 7487 8907 8906 -1 7487 8906 7515 -1 8906 8904 7515 -1 7515 8904 8902 -1 7515 8902 7444 -1 8902 8900 7444 -1 7444 8900 8926 -1 7444 8926 7469 -1 8926 8925 7469 -1 7469 8925 8923 -1 7469 8923 7526 -1 8923 8921 7526 -1 7526 8921 8839 -1 7526 8839 7462 -1 7462 8839 8838 -1 7462 8838 7554 -1 7554 8838 8963 -1 7554 8963 7470 -1 7470 8963 8964 -1 8964 8983 7470 -1 7470 8983 8984 -1 7470 8984 7471 -1 3128 3127 8971 -1 8971 3127 7555 -1 8971 7555 8985 -1 8985 7555 7471 -1 8985 7471 8986 -1 8986 7471 8984 -1 8986 8984 8987 -1 3124 8988 8989 -1 8964 8962 8983 -1 8983 8962 8961 -1 8983 8961 8990 -1 8990 8961 8960 -1 8990 8960 8991 -1 8985 8992 8971 -1 8971 8992 3129 -1 8971 3129 1567 -1 8988 3124 8992 -1 8992 3124 1560 -1 8992 1560 3129 -1 8993 1551 8989 -1 8989 1551 3125 -1 8989 3125 3124 -1 3122 3121 8994 -1 8994 3121 1575 -1 8994 1575 8993 -1 8993 1575 3123 -1 8993 3123 1551 -1 8995 8996 1546 -1 8997 3084 8998 -1 8998 3084 1540 -1 8998 1540 8996 -1 8996 1540 3120 -1 8996 3120 1546 -1 3089 3087 8997 -1 8997 3087 1533 -1 8997 1533 3084 -1 8997 8999 3089 -1 3089 8999 9000 -1 3089 9000 3091 -1 8945 9001 8946 -1 8946 9001 9002 -1 8946 9002 8889 -1 8960 8959 8991 -1 8991 8959 8928 -1 8991 8928 9003 -1 9003 8928 8930 -1 9003 8930 9002 -1 9002 8930 8890 -1 9002 8890 8889 -1 8985 8986 8992 -1 8992 8986 8987 -1 8992 8987 8988 -1 8988 8987 9004 -1 8988 9004 8989 -1 8989 9004 9005 -1 8989 9005 8993 -1 8993 9005 9006 -1 8993 9006 8994 -1 8994 9006 8995 -1 8994 8995 3122 -1 3122 8995 1546 -1 8984 8983 8987 -1 8987 8983 8990 -1 8987 8990 9004 -1 9004 8990 8991 -1 9004 8991 9005 -1 9005 8991 9003 -1 9005 9003 9006 -1 9006 9003 9002 -1 9006 9002 8995 -1 8995 9002 9001 -1 8995 9001 8996 -1 1518 3091 4471 -1 4471 3091 9000 -1 4471 9000 8835 -1 8835 9000 8999 -1 8835 8999 8965 -1 8965 8999 8997 -1 8965 8997 8966 -1 8966 8997 8998 -1 8966 8998 8967 -1 8967 8998 8996 -1 8967 8996 8968 -1 8968 8996 9001 -1 8968 9001 8969 -1 8969 9001 8945 -1 9007 9008 9009 -1 4332 4331 9010 -1 9010 4331 4325 -1 4204 4203 9011 -1 5179 5177 9012 -1 9012 5177 5176 -1 9013 8975 8974 -1 9014 9015 9016 -1 2175 9017 2176 -1 2180 9018 9019 -1 2195 2194 8982 -1 4206 8973 4207 -1 4207 8973 8972 -1 4207 8972 4370 -1 9020 3220 2193 -1 2183 2242 9021 -1 9021 2242 2184 -1 9022 3219 2183 -1 9017 2175 9019 -1 9019 2175 2169 -1 9019 2169 2171 -1 2171 2173 9019 -1 9019 2173 2174 -1 9019 2174 2180 -1 2168 2167 9023 -1 9023 2167 2166 -1 9007 2164 9008 -1 9008 2164 2161 -1 9008 2161 2168 -1 2151 5176 2153 -1 2153 5176 2154 -1 2150 2149 9024 -1 9024 2149 2148 -1 9024 2148 2159 -1 4213 4212 9025 -1 9025 4212 9026 -1 9025 9026 9027 -1 9027 9026 9028 -1 4275 4276 9029 -1 9029 4276 9030 -1 9029 9030 9031 -1 4315 4314 9032 -1 9032 4314 4305 -1 4309 9033 4308 -1 4308 9033 9034 -1 4308 9034 4304 -1 9035 9036 9032 -1 9015 9037 9038 -1 9038 9037 9039 -1 9038 9039 9033 -1 9033 9039 9040 -1 9033 9040 9034 -1 9041 9042 9043 -1 9043 9042 9028 -1 9028 9026 9043 -1 9043 9026 9044 -1 9043 9044 9041 -1 9015 9014 9037 -1 9037 9014 9045 -1 9037 9045 9039 -1 9039 9045 9046 -1 9039 9046 9040 -1 9040 9046 9047 -1 9040 9047 9034 -1 4315 9032 4206 -1 4206 9032 9036 -1 4206 9036 8973 -1 8973 9036 9035 -1 8973 9035 8974 -1 9048 9049 9016 -1 9016 9049 9050 -1 9016 9050 9014 -1 9014 9050 9051 -1 9014 9051 9045 -1 9045 9051 9052 -1 9045 9052 9046 -1 9046 9052 9053 -1 9046 9053 9047 -1 9048 9022 9049 -1 9049 9022 9054 -1 9049 9054 9050 -1 9050 9054 9055 -1 9050 9055 9051 -1 9051 9055 9013 -1 9051 9013 9052 -1 9052 9013 8974 -1 9052 8974 9053 -1 9053 8974 9035 -1 9053 9035 9047 -1 9047 9035 9032 -1 9047 9032 9034 -1 9034 9032 4305 -1 9034 4305 4304 -1 9056 9021 9057 -1 9057 9021 2184 -1 9057 2184 2188 -1 9058 9056 9059 -1 9059 9056 9057 -1 9059 9057 9020 -1 9020 9057 2188 -1 9020 2188 3220 -1 9060 9058 9061 -1 9061 9058 9059 -1 9061 9059 9062 -1 9062 9059 9020 -1 9062 9020 9063 -1 9063 9020 2193 -1 9063 2193 2195 -1 2195 8982 9063 -1 9063 8982 8981 -1 9063 8981 9062 -1 9062 8981 8980 -1 9062 8980 9061 -1 2151 2150 5176 -1 5176 2150 9024 -1 5176 9024 9012 -1 9012 9024 2159 -1 9012 2159 9064 -1 9064 2159 2158 -1 9064 2158 9007 -1 9007 2158 2156 -1 9007 2156 2164 -1 2177 2176 9065 -1 9065 2176 9017 -1 9065 9017 9066 -1 9066 9017 9019 -1 9066 9019 9048 -1 9048 9019 9018 -1 9048 9018 9022 -1 9022 9018 2180 -1 9022 2180 3219 -1 4203 4348 9011 -1 9011 4348 5186 -1 9011 5186 9067 -1 9068 4324 4201 -1 9069 9070 9071 -1 9071 9070 9072 -1 9071 9072 9067 -1 9067 9072 9073 -1 9067 9073 9011 -1 9011 9073 9074 -1 9011 9074 4204 -1 4204 9074 4323 -1 5186 5175 9067 -1 9067 5175 5174 -1 9067 5174 9071 -1 9071 5174 5172 -1 9071 5172 9069 -1 9069 5172 5182 -1 9069 5182 5181 -1 4200 4323 9075 -1 9075 4323 9074 -1 9075 9074 9076 -1 9076 9074 9073 -1 9076 9073 9077 -1 9077 9073 9072 -1 9077 9072 9078 -1 9078 9072 9070 -1 9078 9070 9079 -1 9079 9070 9069 -1 9079 9069 9080 -1 9080 9069 5181 -1 9080 5181 5179 -1 4276 4281 9030 -1 9030 4281 4383 -1 9030 4383 9081 -1 9081 4383 4382 -1 9081 4382 4381 -1 2168 9023 9008 -1 9008 9023 9082 -1 9008 9082 9009 -1 9009 9082 9083 -1 9009 9083 9084 -1 9084 9083 9085 -1 9084 9085 9068 -1 4324 9068 4325 -1 4325 9068 9085 -1 4325 9085 9010 -1 9010 9085 9083 -1 9010 9083 9086 -1 9086 9083 9082 -1 9086 9082 9087 -1 9087 9082 9023 -1 9087 9023 9065 -1 9065 9023 2166 -1 9065 2166 2177 -1 5179 9012 9080 -1 9080 9012 9064 -1 9080 9064 9079 -1 9079 9064 9007 -1 9079 9007 9078 -1 9078 9007 9009 -1 9078 9009 9077 -1 9077 9009 9084 -1 9077 9084 9076 -1 9076 9084 9068 -1 9076 9068 9075 -1 9075 9068 4201 -1 9075 4201 4200 -1 8980 8979 9061 -1 9061 8979 8978 -1 9061 8978 9060 -1 9060 8978 8977 -1 9060 8977 8976 -1 2183 9021 9022 -1 9022 9021 9056 -1 9022 9056 9054 -1 9054 9056 9058 -1 9054 9058 9055 -1 9055 9058 9060 -1 9055 9060 9013 -1 9013 9060 8976 -1 9013 8976 8975 -1 4381 9088 9081 -1 9081 9088 9089 -1 9081 9089 9030 -1 9030 9089 9090 -1 9030 9090 9031 -1 9031 9090 9044 -1 9031 9044 9029 -1 9029 9044 9026 -1 9029 9026 4275 -1 4275 9026 4212 -1 4309 4213 9033 -1 9033 4213 9025 -1 9033 9025 9038 -1 9038 9025 9027 -1 9038 9027 9015 -1 9015 9027 9028 -1 9015 9028 9016 -1 9016 9028 9042 -1 9016 9042 9048 -1 9048 9042 9041 -1 9048 9041 9066 -1 9066 9041 9044 -1 9066 9044 9065 -1 9065 9044 9090 -1 9065 9090 9087 -1 9087 9090 9089 -1 9087 9089 9086 -1 9086 9089 9088 -1 9086 9088 9010 -1 9010 9088 4381 -1 9010 4381 4332 -1 9091 9092 9093 -1 3398 9094 9095 -1 9095 9094 9096 -1 9095 9096 9097 -1 9097 9096 9098 -1 9097 9098 9099 -1 9099 9098 9100 -1 9099 9100 9101 -1 9101 9100 9102 -1 9101 9102 9103 -1 9103 9102 9104 -1 9105 3403 9106 -1 9106 3403 9107 -1 9106 9107 9104 -1 9104 9107 9108 -1 9104 9108 9103 -1 9109 3409 9110 -1 9110 3409 9111 -1 9110 9111 9105 -1 9105 9111 9112 -1 9105 9112 3403 -1 3576 9113 9114 -1 9114 9113 9115 -1 9116 9117 9115 -1 9115 9117 9118 -1 9115 9118 9114 -1 9119 9120 9121 -1 9121 9120 9122 -1 9121 9122 9123 -1 9124 9125 9121 -1 9121 9125 3583 -1 9121 3583 9119 -1 9126 9127 9124 -1 9124 9127 9128 -1 9124 9128 9125 -1 9129 3589 9126 -1 9126 3589 9130 -1 9126 9130 9127 -1 9131 9132 9129 -1 9129 9132 9133 -1 9129 9133 3589 -1 9091 9134 9092 -1 9092 9134 9135 -1 9092 9135 9131 -1 9131 9135 3585 -1 9131 3585 9132 -1 9136 9137 9093 -1 9093 9137 3591 -1 9093 3591 9091 -1 3398 9138 9094 -1 9094 9138 9139 -1 9094 9139 9136 -1 9136 9139 9140 -1 9136 9140 9137 -1 9122 9117 9123 -1 9123 9117 9116 -1 9123 9116 9121 -1 9121 9116 9141 -1 9121 9141 9124 -1 9124 9141 9142 -1 9124 9142 9126 -1 3538 9113 9143 -1 9143 9113 9144 -1 9113 3576 9145 -1 9145 9146 9113 -1 9113 9146 9147 -1 9113 9147 9144 -1 9146 9148 9147 -1 9147 9148 9149 -1 9147 9149 9150 -1 9149 3615 9150 -1 9150 3615 9151 -1 9150 9151 3554 -1 3554 9151 9152 -1 3554 9152 3556 -1 3556 9152 3609 -1 3556 3609 3608 -1 3608 3606 3556 -1 3556 3606 3603 -1 3556 3603 3600 -1 3557 3558 3596 -1 3593 9153 3622 -1 3622 9153 3599 -1 3593 3594 9153 -1 9153 3594 3595 -1 9153 3595 3566 -1 3566 3567 9153 -1 9153 3567 3568 -1 9153 3568 3599 -1 3560 3563 3598 -1 3598 3563 3564 -1 3598 3564 3597 -1 3568 3569 3599 -1 3599 3569 9154 -1 3599 9154 3598 -1 3598 9154 3560 -1 3597 3564 3596 -1 3596 3564 3565 -1 3596 3565 3557 -1 3600 3601 3556 -1 3556 3601 3596 -1 3556 3596 3559 -1 3559 3596 3558 -1 9155 9093 9092 -1 9156 9136 9093 -1 9157 9094 9136 -1 3508 3509 9158 -1 9158 3509 3510 -1 9159 9160 3468 -1 3468 9160 3500 -1 3500 9160 3501 -1 3501 9160 9161 -1 3501 9161 3507 -1 3507 9161 3506 -1 3506 9161 9162 -1 3506 9162 3505 -1 3505 9162 3504 -1 3504 9162 9163 -1 3504 9163 3503 -1 3503 9163 9164 -1 3503 9164 3502 -1 9165 3511 9166 -1 9166 3511 3512 -1 9166 3512 9164 -1 9164 3512 3513 -1 9164 3513 3502 -1 3515 3516 9167 -1 9167 3516 3517 -1 3467 3518 9168 -1 9168 3518 3514 -1 9169 3520 3466 -1 3526 3521 9170 -1 9170 3521 9171 -1 9172 3523 9170 -1 9170 3523 3525 -1 9170 3525 3526 -1 3532 3528 9173 -1 9173 3528 3529 -1 9173 3529 9172 -1 9172 3529 3522 -1 9172 3522 3523 -1 9174 9175 3531 -1 9176 9177 9175 -1 9175 9177 3530 -1 9175 3530 3531 -1 3542 9178 9179 -1 9179 9178 3534 -1 9179 3534 9176 -1 9176 3534 3537 -1 9176 3537 9177 -1 3540 3541 9180 -1 9180 3541 9181 -1 9180 9181 9182 -1 3540 9180 3539 -1 3539 9180 9183 -1 3539 9183 3538 -1 9181 3542 9182 -1 9182 3542 9179 -1 9182 9179 9184 -1 9184 9179 9176 -1 9184 9176 9185 -1 9185 9176 9175 -1 9185 9175 9186 -1 9186 9175 9174 -1 9186 9174 9187 -1 9187 9174 9188 -1 9187 9188 9189 -1 9189 9188 9190 -1 9189 9190 9191 -1 9191 9190 9169 -1 9191 9169 9168 -1 9168 9169 3466 -1 9168 3466 3467 -1 3531 3532 9174 -1 9174 3532 9173 -1 9174 9173 9188 -1 9188 9173 9172 -1 9188 9172 9190 -1 9190 9172 9170 -1 9190 9170 9169 -1 9169 9170 9171 -1 9169 9171 3520 -1 9094 9157 9192 -1 9192 9157 9193 -1 9192 9193 9165 -1 9093 9155 9156 -1 9156 9155 9194 -1 9156 9194 9195 -1 9195 9194 9167 -1 9195 9167 9158 -1 9158 9167 3517 -1 9158 3517 3508 -1 9136 9156 9157 -1 9157 9156 9195 -1 9157 9195 9193 -1 9193 9195 9158 -1 9193 9158 9165 -1 9165 9158 3510 -1 9165 3510 3511 -1 9159 9109 9160 -1 9160 9109 9110 -1 9160 9110 9161 -1 9161 9110 9105 -1 9161 9105 9162 -1 9162 9105 9106 -1 9162 9106 9163 -1 9163 9106 9104 -1 9163 9104 9164 -1 9164 9104 9102 -1 9164 9102 9166 -1 9166 9102 9100 -1 9166 9100 9165 -1 9165 9100 9098 -1 9165 9098 9192 -1 9192 9098 9096 -1 9192 9096 9094 -1 9113 3538 9115 -1 9115 3538 9183 -1 9115 9183 9116 -1 9116 9183 9180 -1 9116 9180 9141 -1 9141 9180 9182 -1 9141 9182 9142 -1 9142 9182 9184 -1 9142 9184 9126 -1 9126 9184 9185 -1 9126 9185 9129 -1 9129 9185 9186 -1 9129 9186 9131 -1 9131 9186 9187 -1 9131 9187 9092 -1 9092 9187 9189 -1 9092 9189 9155 -1 9155 9189 9191 -1 9155 9191 9194 -1 9194 9191 9168 -1 9194 9168 9167 -1 9167 9168 3514 -1 9167 3514 3515 -1 9196 3409 9109 -1 3412 9197 9198 -1 9198 9197 9199 -1 9198 9199 9109 -1 9109 9199 9200 -1 9109 9200 9196 -1 3433 3420 9198 -1 9198 3420 3416 -1 9198 3416 9201 -1 9201 3414 9198 -1 9198 3414 9202 -1 9198 9202 3412 -1 9198 9109 9159 -1 9203 3435 9204 -1 9205 9206 9204 -1 9207 9208 9204 -1 9207 9204 9209 -1 3488 9204 3487 -1 3487 9204 3486 -1 3488 3489 9204 -1 9204 3489 3482 -1 9204 3482 3483 -1 3480 3479 9204 -1 3480 9204 3481 -1 3483 3484 9204 -1 9204 3484 3485 -1 9204 3485 3481 -1 3479 3478 9204 -1 9204 3478 3477 -1 9204 3477 9209 -1 9208 9210 9204 -1 9204 9210 9211 -1 9204 9211 3471 -1 3471 3472 9204 -1 9204 3472 9212 -1 9204 9212 9205 -1 9206 9213 9204 -1 9204 9213 9214 -1 9204 9214 9215 -1 9215 9216 9204 -1 9204 9216 9217 -1 9204 9217 9203 -1 9204 9218 3498 -1 3498 9219 9204 -1 9204 9219 3496 -1 9204 3496 3490 -1 3490 3491 9204 -1 9204 3491 3493 -1 9204 3493 3486 -1 9220 3469 9204 -1 9204 3469 9221 -1 9204 9221 9218 -1 3468 9220 9159 -1 9159 9220 9204 -1 9159 9204 9198 -1 9198 9204 3435 -1 9198 3435 3433 -1 9222 9223 3277 -1 3332 3333 3334 -1 3334 3335 9224 -1 9224 3335 3336 -1 9224 3336 3338 -1 3328 9225 9226 -1 9226 9225 3330 -1 9226 3330 9227 -1 9227 3330 3332 -1 9227 3332 9228 -1 9228 3332 3334 -1 9229 3318 3316 -1 3316 3323 9229 -1 9229 3323 3325 -1 9229 3325 9226 -1 9226 3325 3326 -1 9226 3326 3328 -1 3310 3309 9230 -1 9230 3309 3307 -1 9230 3307 3306 -1 3306 3321 9231 -1 9231 3321 3319 -1 9231 3319 3318 -1 3311 3310 3313 -1 3313 3310 9232 -1 3313 9232 3305 -1 3305 9232 3314 -1 3305 3314 3304 -1 3304 3314 9233 -1 3304 9233 9234 -1 9234 9233 3303 -1 9234 3303 3301 -1 3301 3303 9235 -1 9235 3303 9236 -1 9235 9236 9237 -1 9238 9239 9240 -1 9240 9239 9241 -1 9240 9241 9237 -1 9237 9241 3299 -1 9237 3299 9235 -1 9242 9243 9244 -1 9244 9243 3292 -1 9244 3292 9238 -1 9238 3292 9245 -1 9238 9245 9239 -1 9244 9246 9242 -1 9242 9246 3294 -1 9242 3294 9247 -1 9247 3294 9248 -1 9247 9248 9249 -1 9249 9248 9250 -1 9249 9250 9251 -1 9251 9250 3289 -1 9251 3289 9252 -1 9252 3289 9253 -1 9253 3289 9254 -1 9253 9254 3291 -1 3291 9254 9255 -1 3291 9255 9256 -1 9256 9255 9257 -1 9256 9257 3357 -1 3357 9257 9258 -1 9258 9257 3286 -1 9258 3286 9259 -1 3286 9260 9259 -1 9259 9260 9261 -1 9259 9261 9262 -1 9261 3359 9262 -1 9262 3359 9263 -1 9262 9263 9264 -1 9264 9263 9265 -1 9264 9265 9266 -1 9223 9267 3277 -1 3277 9267 9268 -1 3277 9268 3279 -1 3279 9268 3280 -1 3279 3280 9269 -1 9222 3277 3276 -1 3276 3275 9270 -1 3271 9271 3273 -1 3273 9271 3274 -1 3275 3274 9272 -1 3275 9272 9270 -1 3268 3270 3269 -1 3269 3270 9273 -1 3269 9273 3271 -1 3271 9273 3272 -1 3271 3272 9271 -1 3250 3258 3264 -1 3264 3258 3262 -1 3264 3262 3263 -1 3263 3262 3260 -1 3263 3260 3261 -1 3261 3260 3267 -1 3261 3267 3259 -1 3259 3266 3268 -1 3268 3266 3265 -1 3268 3265 3270 -1 3253 3251 3252 -1 3257 3256 3252 -1 3252 3256 3254 -1 3252 3254 3253 -1 3347 3345 3344 -1 3340 3339 3347 -1 3344 3343 3347 -1 3347 3343 3342 -1 3347 3342 3340 -1 3252 3250 3264 -1 3341 3345 3347 -1 3252 3255 3257 -1 3263 3352 3264 -1 3264 3352 3351 -1 3264 3351 3341 -1 3341 3351 3350 -1 3275 9274 3273 -1 3273 9274 9275 -1 3273 9275 3271 -1 3271 9275 3364 -1 3271 3364 3269 -1 3269 3364 3366 -1 3269 3366 3268 -1 3268 3366 3356 -1 3268 3356 3259 -1 3259 3356 3355 -1 3259 3355 3261 -1 3261 3355 3354 -1 3261 3354 3263 -1 3263 3354 3353 -1 3263 3353 3352 -1 9266 9265 9269 -1 9269 9265 3360 -1 9269 3360 3279 -1 3279 3360 9276 -1 3279 9276 3277 -1 9276 9277 3277 -1 3277 9277 9278 -1 3277 9278 3275 -1 3275 9278 9279 -1 3275 9279 9274 -1 3398 9280 9281 -1 9111 3409 3400 -1 3400 3409 9196 -1 3400 9196 9282 -1 9282 9196 9200 -1 9282 9200 9283 -1 9283 9200 9199 -1 9283 9199 9284 -1 9284 9199 9197 -1 9284 9197 3411 -1 3411 9197 3412 -1 3411 3412 9202 -1 3414 3415 9202 -1 9202 3415 9285 -1 9202 9285 3411 -1 3414 9201 3415 -1 3415 9201 3416 -1 3417 3416 3420 -1 3417 3420 9286 -1 3433 3434 3420 -1 3420 3434 3419 -1 3420 3419 9286 -1 3434 3435 9287 -1 3434 9287 3436 -1 3436 9287 9288 -1 3436 9288 3440 -1 3440 9288 9289 -1 3440 9289 3431 -1 3431 9289 9290 -1 3431 9290 3432 -1 3426 3425 9291 -1 9291 3425 3429 -1 9291 3429 9290 -1 9290 3429 3428 -1 9290 3428 3432 -1 9291 9292 3426 -1 3426 9292 9293 -1 3426 9293 3422 -1 3422 9293 3338 -1 3422 3338 3336 -1 9294 9112 9295 -1 9295 9112 9111 -1 9295 9111 9296 -1 9296 9111 3400 -1 9297 9101 9298 -1 9298 9101 9103 -1 9298 9103 9299 -1 9299 9103 9108 -1 9299 9108 9300 -1 9300 9108 9107 -1 9300 9107 9294 -1 9294 9107 3403 -1 9294 3403 9112 -1 9280 3398 3397 -1 3397 3398 9095 -1 3397 9095 9301 -1 9301 9095 9097 -1 9301 9097 9297 -1 9297 9097 9099 -1 9297 9099 9101 -1 3348 3393 3255 -1 3390 3392 3391 -1 3391 3392 3393 -1 3391 3393 3389 -1 3389 3393 3348 -1 3368 3388 3369 -1 3369 3387 3390 -1 3390 3387 3386 -1 3390 3386 3392 -1 3385 3384 3368 -1 3368 3384 3367 -1 3368 3367 3388 -1 3385 3383 3384 -1 3384 3383 3382 -1 3384 3382 3381 -1 3381 3380 3378 -1 3381 3378 3379 -1 3379 3378 3377 -1 3379 3377 3374 -1 3374 3377 3375 -1 3375 3377 3372 -1 3376 3372 3371 -1 3376 3371 3370 -1 3370 3373 9302 -1 9302 3373 9303 -1 9302 9303 9304 -1 9305 9306 3458 -1 3458 9306 9307 -1 3458 9307 9303 -1 9303 9307 9308 -1 9303 9308 9304 -1 3453 9309 9305 -1 9305 9309 9310 -1 9305 9310 9306 -1 9311 3442 9312 -1 9312 3442 9313 -1 9313 9314 9312 -1 9312 9314 9315 -1 9312 9315 3453 -1 3453 9315 9316 -1 3453 9316 9309 -1 9317 9318 3444 -1 3444 9318 3443 -1 3444 3443 9311 -1 9311 3443 9319 -1 9311 9319 3442 -1 3444 9320 9317 -1 9317 9320 3446 -1 9317 3446 3447 -1 3447 3446 9321 -1 3447 9321 9322 -1 9321 3448 9322 -1 9322 3448 9323 -1 9322 9323 9324 -1 9323 9325 9324 -1 9324 9325 3450 -1 9324 3450 9281 -1 9281 3450 3451 -1 9281 3451 3398 -1 3469 9238 9240 -1 3563 3560 3562 -1 3560 9154 3562 -1 3562 9154 3569 -1 3563 3562 3564 -1 3564 3562 9326 -1 3564 9326 3565 -1 3558 3557 3462 -1 3558 3462 3559 -1 3554 3549 9150 -1 9150 3549 3547 -1 9150 3547 9147 -1 9147 3547 3545 -1 9147 3545 9144 -1 9181 3541 3535 -1 3535 3539 3544 -1 3544 3539 3538 -1 3545 3538 9143 -1 3545 9143 9144 -1 3537 3534 9327 -1 9327 3534 9178 -1 9327 9178 3535 -1 3535 9178 3542 -1 3535 3542 9181 -1 3527 3530 9327 -1 9327 3530 9177 -1 9327 9177 3537 -1 3524 3529 3527 -1 3527 3529 3528 -1 9328 3525 3524 -1 3520 9171 3519 -1 3519 9171 3521 -1 3519 3521 9328 -1 9328 3521 3526 -1 9328 3526 3525 -1 3286 3466 9260 -1 9260 3466 3520 -1 3515 3514 9257 -1 9257 3514 3518 -1 9257 3518 3286 -1 3286 3518 3467 -1 9255 3508 3517 -1 9255 3517 9257 -1 9257 3517 3516 -1 9257 3516 3515 -1 3289 3512 9254 -1 3512 3511 9254 -1 9254 3511 3510 -1 9254 3510 9255 -1 9255 3510 3509 -1 9255 3509 3508 -1 9250 3503 3289 -1 3289 3503 3502 -1 3294 3506 9248 -1 9248 3506 3505 -1 9248 3505 9250 -1 9250 3505 3504 -1 9250 3504 3503 -1 3469 9220 9238 -1 9238 9220 3468 -1 9238 3468 9244 -1 9244 3468 3500 -1 9244 3500 9246 -1 9246 3500 3501 -1 9246 3501 3294 -1 3492 3496 3494 -1 3494 3496 9219 -1 3494 9219 3498 -1 3310 3485 9232 -1 3485 3484 9232 -1 9232 3484 3483 -1 9232 3483 3482 -1 3482 3489 9232 -1 9232 3489 3488 -1 9232 3488 3314 -1 3314 3487 9233 -1 9210 9208 9229 -1 9229 9208 9207 -1 9229 9207 3318 -1 3318 9207 9209 -1 3318 9209 9231 -1 9231 9209 3477 -1 9231 3477 3306 -1 3306 3478 9230 -1 9230 3478 3479 -1 9230 3479 3310 -1 3310 3479 3480 -1 9229 9226 9210 -1 9210 9226 9227 -1 9210 9227 9211 -1 9211 9227 9228 -1 9211 9228 3334 -1 9224 3338 3470 -1 3334 9224 9211 -1 9211 9224 3470 -1 9211 3470 3471 -1 9329 3572 3571 -1 3464 3462 9326 -1 9326 3462 3557 -1 9326 3557 3565 -1 3343 3344 3464 -1 3464 3344 3345 -1 3464 3345 3349 -1 3570 3340 3464 -1 3464 3340 3342 -1 3464 3342 3343 -1 3462 3351 3463 -1 3462 3463 3559 -1 3559 3463 3555 -1 3559 3555 3556 -1 3556 3555 3553 -1 3556 3553 3554 -1 3554 3553 3551 -1 3554 3551 3549 -1 3351 3352 3463 -1 3555 3354 3553 -1 3553 3354 3355 -1 3553 3355 3551 -1 3551 3355 3356 -1 3551 3356 3549 -1 3549 3356 3366 -1 3549 3366 3547 -1 3547 3366 3364 -1 3547 3364 3545 -1 3364 9275 3545 -1 3545 9275 9274 -1 3545 9274 3544 -1 3544 9274 9279 -1 3544 9279 3535 -1 3487 3486 9233 -1 9233 3486 3492 -1 9233 3492 3303 -1 3303 3492 3494 -1 3303 3494 9236 -1 9236 3494 3498 -1 9236 3498 9237 -1 9237 3498 9218 -1 9237 9218 9240 -1 9240 9218 9221 -1 9240 9221 3469 -1 3572 9329 3574 -1 3562 3574 9329 -1 3562 9329 9326 -1 9326 9329 3571 -1 9326 3571 3464 -1 9279 9278 3535 -1 3535 9278 9277 -1 3535 9277 9327 -1 9327 9277 9276 -1 9327 9276 3527 -1 3527 9276 3360 -1 3527 3360 3524 -1 3524 3360 9265 -1 3524 9265 9328 -1 9328 9265 9263 -1 9328 9263 3519 -1 3519 9263 3359 -1 3519 3359 3520 -1 3520 3359 9261 -1 3520 9261 9260 -1 3585 3587 9132 -1 9140 9139 3451 -1 3451 9139 9138 -1 3451 9138 3398 -1 9140 3451 9137 -1 9137 3451 3450 -1 9137 3450 3591 -1 3591 3450 9325 -1 3591 9325 9330 -1 9135 9134 9330 -1 9330 9134 9091 -1 9330 9091 3591 -1 9321 9135 3448 -1 3448 9135 9330 -1 3448 9330 9323 -1 9323 9330 9325 -1 3582 3589 3587 -1 3587 3589 9133 -1 3587 9133 9132 -1 9128 9127 3582 -1 3582 9127 9130 -1 3582 9130 3589 -1 9331 9122 9120 -1 9120 9119 9331 -1 9331 9119 3583 -1 9331 3583 3582 -1 3582 3583 9125 -1 3582 9125 9128 -1 3576 9114 3579 -1 3579 9114 9118 -1 3579 9118 9331 -1 9331 9118 9117 -1 9331 9117 9122 -1 9145 3577 9146 -1 9146 3577 3612 -1 9146 3612 9148 -1 9148 3612 3614 -1 3616 3615 9149 -1 3615 3616 9151 -1 9151 3616 3618 -1 9151 3618 9152 -1 9152 3618 3619 -1 9152 3619 3609 -1 3607 3606 3619 -1 3619 3606 3608 -1 3619 3608 3609 -1 3606 3605 3604 -1 3606 3604 3603 -1 3597 3602 3574 -1 3597 3596 3602 -1 3602 3596 3601 -1 3602 3601 3604 -1 3604 3601 3600 -1 3604 3600 3603 -1 3593 3622 3574 -1 3562 3595 3574 -1 3574 3595 3594 -1 3574 3594 3593 -1 3622 3599 3574 -1 3458 3616 3614 -1 3614 3616 9149 -1 3614 9149 9148 -1 3382 3602 3380 -1 3380 3602 3604 -1 3380 3604 3378 -1 3378 3604 3605 -1 3378 3605 3377 -1 3377 3605 3607 -1 3377 3607 3372 -1 3372 3607 3619 -1 3372 3619 3371 -1 3371 3619 3618 -1 3373 3616 9303 -1 9303 3616 3458 -1 3444 9311 3577 -1 3577 9311 9312 -1 3577 9312 3612 -1 3612 9312 3453 -1 3612 3453 3614 -1 3614 3453 9305 -1 3614 9305 3458 -1 3382 3383 3570 -1 9145 3576 3577 -1 3577 3576 3579 -1 3577 3579 3444 -1 3444 3579 9331 -1 3444 9331 9320 -1 9320 9331 3582 -1 9320 3582 3446 -1 3446 3582 3587 -1 3446 3587 9321 -1 9321 3587 3585 -1 9321 3585 9135 -1 3382 3570 3602 -1 3472 3470 9212 -1 9212 3470 3633 -1 9212 3633 9205 -1 9205 3633 3631 -1 9205 3631 9206 -1 9206 3631 3629 -1 9206 3629 9213 -1 9213 3629 3627 -1 9213 3627 9214 -1 9214 3627 3623 -1 9214 3623 9215 -1 3435 9203 9287 -1 9287 9203 9217 -1 9287 9217 9288 -1 9288 9217 9216 -1 9288 9216 9289 -1 3470 3338 9293 -1 3470 9293 3633 -1 3633 9293 9292 -1 3633 9292 3631 -1 3631 9292 9291 -1 3631 9291 3629 -1 3629 9291 9290 -1 3629 9290 3627 -1 3627 9290 9289 -1 3627 9289 3623 -1 3623 9289 9216 -1 3623 9216 9215 -1 9245 3292 9332 -1 9245 9332 9239 -1 9239 9332 9333 -1 9239 9333 9241 -1 3422 3336 9333 -1 9333 3336 3335 -1 3335 3333 9333 -1 9333 3333 3332 -1 9333 3332 3330 -1 3330 9225 9333 -1 9333 9225 3328 -1 9333 3328 3326 -1 3326 3325 9333 -1 9333 3325 3323 -1 9333 3323 3316 -1 3316 3317 9333 -1 9333 3317 3319 -1 9333 3319 3321 -1 3321 3322 9333 -1 9333 3322 3307 -1 9333 3307 3309 -1 3309 3311 9333 -1 9333 3311 3313 -1 9333 3313 3305 -1 3305 3304 9333 -1 9333 3304 9234 -1 9333 9234 3301 -1 3301 9235 9333 -1 9333 9235 3299 -1 9333 3299 9241 -1 9259 9334 9335 -1 3257 3394 9336 -1 3265 3266 9336 -1 9336 3266 3267 -1 3267 3260 9336 -1 9336 3260 3262 -1 9336 3262 3258 -1 3265 9336 3270 -1 3270 9336 3394 -1 3270 3394 9273 -1 3258 3250 9336 -1 9336 3250 3251 -1 9336 3251 3253 -1 3253 3254 9336 -1 9336 3254 3256 -1 9336 3256 3257 -1 3392 3386 3272 -1 9273 3394 3272 -1 3272 3394 3393 -1 3272 3393 3392 -1 3386 3387 3272 -1 3272 3387 3388 -1 3272 3388 3367 -1 3367 3384 3272 -1 3272 3384 3381 -1 3272 3381 3379 -1 3379 3374 3272 -1 3272 3374 3375 -1 3272 3375 3376 -1 3376 3370 3272 -1 3272 3370 9337 -1 3272 9337 9271 -1 9272 3274 9338 -1 3276 9270 9339 -1 3276 9339 9222 -1 9268 9267 9340 -1 9340 9267 9223 -1 9340 9223 9341 -1 9264 9266 9342 -1 9342 9266 9269 -1 9342 9269 9340 -1 9340 9269 3280 -1 9340 3280 9268 -1 9334 9259 9342 -1 9342 9259 9262 -1 9342 9262 9264 -1 9256 3357 9335 -1 9335 3357 9258 -1 9335 9258 9259 -1 9253 3291 9343 -1 9343 3291 9256 -1 9343 9256 9344 -1 9344 9256 9335 -1 9251 9345 9249 -1 9249 9345 9346 -1 9249 9346 9247 -1 9332 3292 9243 -1 9332 9243 9347 -1 9223 9222 9341 -1 9341 9222 9339 -1 9341 9339 9340 -1 9340 9339 9348 -1 9340 9348 9342 -1 9342 9348 9349 -1 9342 9349 9334 -1 9334 9349 9350 -1 9334 9350 9335 -1 9335 9350 9351 -1 9335 9351 9344 -1 9344 9351 9352 -1 9344 9352 9343 -1 9343 9352 9353 -1 9343 9353 9253 -1 9253 9353 9345 -1 9253 9345 9252 -1 9252 9345 9251 -1 3274 9271 9338 -1 9338 9271 9337 -1 9338 9337 9354 -1 9354 9337 9355 -1 9354 9355 9356 -1 9356 9355 9357 -1 9356 9357 9358 -1 9358 9357 9359 -1 9358 9359 9360 -1 9360 9359 9361 -1 9360 9361 9362 -1 9362 9361 9363 -1 9362 9363 9364 -1 9364 9363 9365 -1 9364 9365 9366 -1 9270 9272 9339 -1 9339 9272 9338 -1 9339 9338 9348 -1 9348 9338 9354 -1 9348 9354 9349 -1 9349 9354 9356 -1 9349 9356 9350 -1 9350 9356 9358 -1 9350 9358 9351 -1 9351 9358 9360 -1 9351 9360 9352 -1 9352 9360 9362 -1 9352 9362 9353 -1 9353 9362 9364 -1 9353 9364 9345 -1 9345 9364 9366 -1 9345 9366 9346 -1 9346 9366 9367 -1 9346 9367 9247 -1 9247 9367 9347 -1 9247 9347 9242 -1 9242 9347 9243 -1 9283 9284 9333 -1 9333 9284 3411 -1 3411 9285 9333 -1 9333 9285 3415 -1 9333 3415 3417 -1 3417 9286 9333 -1 9333 9286 3419 -1 9333 3419 3434 -1 3434 3436 9333 -1 9333 3436 3440 -1 9333 3440 3431 -1 3431 3432 9333 -1 9333 3432 3428 -1 9333 3428 3429 -1 3429 3425 9333 -1 9333 3425 3426 -1 9333 3426 3422 -1 9283 9333 9282 -1 9282 9333 9332 -1 9282 9332 3400 -1 3400 9332 9296 -1 9296 9332 9347 -1 9296 9347 9295 -1 9367 9299 9300 -1 9367 9300 9347 -1 9347 9300 9294 -1 9347 9294 9295 -1 9359 9281 9361 -1 9361 9281 9280 -1 9361 9280 9363 -1 9363 9280 3397 -1 9363 3397 9365 -1 9365 3397 9301 -1 9365 9301 9366 -1 9366 9301 9297 -1 9366 9297 9367 -1 9367 9297 9298 -1 9367 9298 9299 -1 3447 9322 9359 -1 9359 9322 9324 -1 9359 9324 9281 -1 9318 9317 9355 -1 9355 9317 3447 -1 9355 3447 9357 -1 9357 3447 9359 -1 9310 9309 9337 -1 9308 9307 9337 -1 9337 9307 9306 -1 9337 9306 9310 -1 3370 9302 9337 -1 9337 9302 9304 -1 9337 9304 9308 -1 9318 9355 3443 -1 3443 9355 9337 -1 3443 9337 9319 -1 9309 9316 9337 -1 9337 9316 9315 -1 9337 9315 9314 -1 9314 9313 9337 -1 9337 9313 3442 -1 9337 3442 9319 -1 "
						                >
							<Coordinate DEF="coords_ME_OMLV4_Packing_-_For_Xander_-_Param_Fuselage_V4_Cut_PDR-1"
							            point="82.594543 111.708458 361.884399 85.813530 114.105476 361.604248 85.813530 114.056740 361.327850 85.813530 114.121788 361.884399 85.813530 113.865089 360.801300 85.813530 113.724770 360.558258 85.813530 113.976250 361.058990 85.813530 113.364586 360.129028 85.813530 113.149605 359.948608 85.813530 113.557175 360.333160 85.813530 112.664330 359.668457 85.813530 112.400612 359.572449 85.813530 112.915123 359.794403 85.813530 111.848785 359.475159 85.813530 111.568138 359.475159 85.813530 112.127533 359.507751 85.813530 111.016312 359.572449 85.813530 110.752586 359.668457 85.813530 111.289391 359.507751 85.813530 110.267319 359.948608 85.813530 110.052330 360.129028 85.813530 110.501793 359.794403 85.813530 109.692154 360.558258 85.813530 109.551826 360.801300 85.813530 109.859741 360.333160 85.813530 109.360184 361.327850 85.813530 109.311447 361.604248 85.813530 109.440674 361.058990 85.813530 109.311447 362.164581 85.813530 109.360184 362.440948 85.813530 109.295128 361.884399 85.813530 109.551826 362.967499 85.813530 109.692154 363.210571 85.813530 109.440674 362.709808 85.813530 110.052330 363.639801 85.813530 110.267319 363.820190 85.813530 109.859741 363.435669 85.813530 110.752586 364.100372 85.813530 111.016312 364.196350 85.813530 110.501793 363.974426 85.813530 111.568138 364.293671 85.813530 111.848785 364.293671 85.813530 111.289391 364.261078 85.813530 112.400612 364.196350 85.813530 112.664330 364.100372 85.813530 112.127533 364.261078 85.813530 113.149605 363.820190 85.813530 113.364586 363.639801 85.813530 112.915123 363.974426 85.813530 113.724770 363.210571 85.813530 113.865089 362.967499 85.813530 113.557175 363.435669 85.813530 114.056740 362.440948 85.813530 114.105476 362.164581 85.813530 113.976250 362.709808 245.846588 110.693916 367.638153 245.846588 111.368752 367.717041 236.890076 111.170227 371.125427 245.846588 111.708458 367.726929 236.890076 112.246689 371.125427 245.846588 112.048172 367.717041 236.890076 113.315872 371.000458 245.846588 112.723000 367.638153 236.890076 114.363312 370.752228 245.846588 113.384109 367.481476 236.890076 115.374847 370.384064 245.846588 114.022560 367.249084 236.890076 116.336807 369.900940 245.846588 114.629715 366.944183 236.890076 117.236176 369.309418 245.846588 115.197365 366.570831 236.890076 118.060791 368.617493 245.846588 115.717834 366.134094 236.890076 118.799500 367.834503 245.846588 116.184082 365.639893 236.890076 119.442314 366.971039 245.846588 116.589806 365.094910 236.890076 119.980545 366.038818 245.846588 116.929520 364.506531 236.890076 120.406906 365.050385 245.846588 117.198624 363.882660 236.890076 120.715637 364.019165 245.846588 117.393486 363.231781 236.890076 120.902565 362.959045 245.846588 117.511459 362.562683 236.890076 120.965157 361.884399 245.846588 117.550972 361.884399 236.890076 120.902565 360.809784 245.846588 117.511459 361.206146 236.890076 120.715637 359.749664 245.846588 117.393486 360.537048 236.890076 120.406906 358.718445 245.846588 117.198624 359.886139 236.890076 119.980545 357.730011 245.846588 116.929520 359.262299 236.890076 119.442314 356.797760 245.846588 116.589806 358.673889 236.890076 118.799500 355.934326 245.846588 116.184082 358.128906 236.890076 118.060791 355.151337 245.846588 115.717834 357.634735 236.890076 117.236176 354.459412 245.846588 115.197365 357.197998 236.890076 116.336807 353.867889 245.846588 114.629715 356.824646 236.890076 115.374847 353.384766 245.846588 114.022560 356.519714 236.890076 114.363312 353.016602 245.846588 113.384109 356.287354 236.890076 113.315872 352.768341 245.846588 112.723000 356.130676 236.890076 112.246689 352.643372 245.846588 112.048172 356.051788 236.890076 111.170227 352.643372 245.846588 111.368752 356.051788 236.890076 110.101051 352.768341 245.846588 110.693916 356.130676 236.890076 109.053612 353.016602 245.846588 110.032806 356.287354 236.890076 108.042068 353.384766 245.846588 109.394356 356.519714 236.890076 107.080116 353.867889 245.846588 108.787209 356.824646 236.890076 106.180748 354.459412 245.846588 108.219559 357.197998 236.890076 105.356133 355.151337 245.846588 107.699089 357.634735 236.890076 104.617424 355.934326 245.846588 107.232841 358.128906 236.890076 103.974609 356.797760 245.846588 106.827118 358.673889 236.890076 103.436378 357.730011 245.846588 106.487404 359.262299 236.890076 103.010017 358.718445 245.846588 106.218300 359.886139 236.890076 102.701279 359.749664 245.846588 106.023438 360.537048 236.890076 102.514359 360.809784 245.846588 105.905457 361.206146 236.890076 102.451767 361.884399 245.846588 105.865952 361.884399 236.890076 102.514359 362.959045 245.846588 105.905457 362.562683 236.890076 102.701279 364.019165 245.846588 106.023438 363.231781 236.890076 103.010017 365.050385 245.846588 106.218300 363.882660 236.890076 103.436378 366.038818 245.846588 106.487404 364.506531 236.890076 103.974609 366.971039 245.846588 106.827118 365.094910 236.890076 104.617424 367.834503 245.846588 107.232841 365.639893 236.890076 105.356133 368.617493 245.846588 107.699089 366.134094 236.890076 106.180748 369.309418 245.846588 108.219559 366.570831 236.890076 107.080116 369.900940 245.846588 108.787209 366.944183 236.890076 108.042068 370.384064 245.846588 109.394356 367.249084 236.890076 109.053612 370.752228 245.846588 110.032806 367.481476 236.890076 110.101051 371.000458 228.293732 124.004402 361.884399 228.293732 123.921265 363.311890 228.293732 123.672966 364.720062 228.293732 123.262871 366.089874 228.293732 122.696518 367.402832 228.293732 121.981575 368.641144 228.293732 121.127701 369.788086 228.293732 120.146454 370.828156 228.293732 119.051086 371.747284 228.293732 117.856430 372.533020 228.293732 116.578636 373.174744 228.293732 115.234978 373.663788 228.293732 113.843628 373.993561 228.293732 112.423409 374.159546 228.293732 110.993515 374.159546 228.293732 109.573288 373.993561 228.293732 108.181946 373.663788 228.293732 106.838287 373.174744 228.293732 105.560486 372.533020 228.293732 104.365829 371.747284 228.293732 103.270470 370.828156 228.293732 102.289223 369.788086 228.293732 101.435349 368.641144 228.293732 100.720398 367.402832 228.293732 100.154053 366.089874 228.293732 99.743950 364.720062 228.293732 99.495659 363.311890 228.293732 99.412514 361.884399 228.293732 99.495659 360.456940 228.293732 99.743950 359.048767 228.293732 100.154053 357.678955 228.293732 100.720398 356.365997 228.293732 101.435349 355.127686 228.293732 102.289223 353.980743 228.293732 103.270470 352.940674 228.293732 104.365829 352.021545 228.293732 105.560486 351.235809 228.293732 106.838287 350.594086 228.293732 108.181946 350.105011 228.293732 109.573288 349.775269 228.293732 110.993515 349.609253 228.293732 112.423409 349.609253 228.293732 113.843628 349.775269 228.293732 115.234978 350.105011 228.293732 116.578636 350.594086 228.293732 117.856430 351.235809 228.293732 119.051086 352.021545 228.293732 120.146454 352.940674 228.293732 121.127701 353.980743 228.293732 121.981575 355.127686 228.293732 122.696518 356.365997 228.293732 123.262871 357.678955 228.293732 123.672966 359.048767 228.293732 123.921265 360.456940 219.670456 126.829834 361.884399 219.670456 126.727592 363.639893 219.670456 126.422241 365.371643 219.670456 125.917908 367.056213 219.670456 125.221413 368.670868 219.670456 124.342186 370.193756 219.670456 123.292107 371.604248 219.670456 122.085381 372.883301 219.670456 120.738319 374.013611 219.670456 119.269150 374.979919 219.670456 117.697731 375.769104 219.670456 116.045319 376.370544 219.670456 114.334259 376.776062 219.670456 112.587692 376.980194 219.670456 110.829231 376.980194 219.670456 109.082657 376.776062 219.670456 107.371597 376.370544 219.670456 105.719185 375.769104 219.670456 104.147774 374.979919 219.670456 102.678596 374.013611 219.670456 101.331543 372.883301 219.670456 100.124809 371.604248 219.670456 99.074738 370.193756 219.670456 98.195503 368.670868 219.670456 97.499016 367.056213 219.670456 96.994682 365.371643 219.670456 96.689331 363.639893 219.670456 96.587082 361.884399 219.670456 96.689331 360.128937 219.670456 96.994682 358.397186 219.670456 97.499016 356.712585 219.670456 98.195503 355.097961 219.670456 99.074738 353.575073 219.670456 100.124809 352.164581 219.670456 101.331543 350.885529 219.670456 102.678596 349.755188 219.670456 104.147774 348.788910 219.670456 105.719185 347.999725 219.670456 107.371597 347.398285 219.670456 109.082657 346.992767 219.670456 110.829231 346.788605 219.670456 112.587692 346.788605 219.670456 114.334259 346.992767 219.670456 116.045319 347.398285 219.670456 117.697731 347.999725 219.670456 119.269150 348.788910 219.670456 120.738319 349.755188 219.670456 122.085381 350.885529 219.670456 123.292107 352.164581 219.670456 124.342186 353.575073 219.670456 125.221413 355.097961 219.670456 125.917908 356.712585 219.670456 126.422241 358.397186 219.670456 126.727592 360.128937 211.215118 129.379303 361.884399 211.215118 129.259827 363.935883 211.215118 128.902985 365.959595 211.215118 128.313629 367.928192 211.215118 127.499702 369.815063 211.215118 126.472237 371.594696 211.215118 125.245117 373.243011 211.215118 123.834930 374.737732 211.215118 122.260757 376.058594 211.215118 120.543884 377.187805 211.215118 118.707527 378.110077 211.215118 116.776520 378.812897 211.215118 114.776970 379.286804 211.215118 112.735924 379.525360 211.215118 110.680992 379.525360 211.215118 108.639954 379.286804 211.215118 106.640404 378.812897 211.215118 104.709396 378.110077 211.215118 102.873039 377.187805 211.215118 101.156158 376.058594 211.215118 99.581985 374.737732 211.215118 98.171806 373.243011 211.215118 96.944687 371.594696 211.215118 95.917213 369.815063 211.215118 95.103294 367.928192 211.215118 94.513931 365.959595 211.215118 94.157097 363.935883 211.215118 94.037613 361.884399 211.215118 94.157097 359.832947 211.215118 94.513931 357.809235 211.215118 95.103294 355.840637 211.215118 95.917213 353.953735 211.215118 96.944687 352.174133 211.215118 98.171806 350.525818 211.215118 99.581985 349.031097 211.215118 101.156158 347.710205 211.215118 102.873039 346.581024 211.215118 104.709396 345.658752 211.215118 106.640404 344.955933 211.215118 108.639954 344.482025 211.215118 110.680992 344.243469 211.215118 112.735924 344.243469 211.215118 114.776970 344.482025 211.215118 116.776520 344.955933 211.215118 118.707527 345.658752 211.215118 120.543884 346.581024 211.215118 122.260757 347.710205 211.215118 123.834930 349.031097 211.215118 125.245117 350.525818 211.215118 126.472237 352.174133 211.215118 127.499702 353.953735 211.215118 128.313629 355.840637 211.215118 128.902985 357.809235 211.215118 129.259827 359.832947 203.046494 131.623108 361.884399 203.046494 131.488449 364.196350 203.046494 131.086304 366.477051 203.046494 130.422104 368.695618 203.046494 129.504837 370.822083 203.046494 128.346909 372.827698 203.046494 126.963966 374.685303 203.046494 125.374718 376.369812 203.046494 123.600662 377.858398 203.046494 121.665779 379.131012 203.046494 119.596245 380.170349 203.046494 117.420044 380.962433 203.046494 115.166603 381.496521 203.046494 112.866394 381.765350 203.046494 110.550522 381.765350 203.046494 108.250320 381.496521 203.046494 105.996872 380.962433 203.046494 103.820671 380.170349 203.046494 101.751137 379.131012 203.046494 99.816261 377.858398 203.046494 98.042198 376.369812 203.046494 96.452957 374.685303 203.046494 95.070015 372.827698 203.046494 93.912086 370.822083 203.046494 92.994812 368.695618 203.046494 92.330620 366.477051 203.046494 91.928467 364.196350 203.046494 91.793816 361.884399 203.046494 91.928467 359.572449 203.046494 92.330620 357.291779 203.046494 92.994812 355.073212 203.046494 93.912086 352.946747 203.046494 95.070015 350.941132 203.046494 96.452957 349.083527 203.046494 98.042198 347.399017 203.046494 99.816261 345.910400 203.046494 101.751137 344.637817 203.046494 103.820671 343.598450 203.046494 105.996872 342.806396 203.046494 108.250320 342.272308 203.046494 110.550522 342.003448 203.046494 112.866394 342.003448 203.046494 115.166603 342.272308 203.046494 117.420044 342.806396 203.046494 119.596245 343.598450 203.046494 121.665779 344.637817 203.046494 123.600662 345.910400 203.046494 125.374718 347.399017 203.046494 126.963966 349.083527 203.046494 128.346909 350.941132 203.046494 129.504837 352.946747 203.046494 130.422104 355.073212 203.046494 131.086304 357.291779 203.046494 131.488449 359.572449 195.236099 133.550720 361.884399 195.236099 133.403030 364.420135 195.236099 132.961960 366.921570 195.236099 132.233475 369.354889 195.236099 131.227417 371.687195 195.236099 129.957397 373.886932 195.236099 128.440598 375.924347 195.236099 126.697533 377.771881 195.236099 124.751755 379.404602 195.236099 122.629593 380.800354 195.236099 120.359734 381.940338 195.236099 117.972893 382.809052 195.236099 115.501328 383.394836 195.236099 112.978470 383.689728 195.236099 110.438446 383.689728 195.236099 107.915588 383.394836 195.236099 105.444031 382.809052 195.236099 103.057182 381.940338 195.236099 100.787331 380.800354 195.236099 98.665169 379.404602 195.236099 96.719391 377.771881 195.236099 94.976318 375.924347 195.236099 93.459518 373.886932 195.236099 92.189499 371.687195 195.236099 91.183449 369.354889 195.236099 90.454956 366.921570 195.236099 90.013885 364.420135 195.236099 89.866196 361.884399 195.236099 90.013885 359.348663 195.236099 90.454956 356.847229 195.236099 91.183449 354.413910 195.236099 92.189499 352.081635 195.236099 93.459518 349.881897 195.236099 94.976318 347.844482 195.236099 96.719391 345.996918 195.236099 98.665169 344.364227 195.236099 100.787331 342.968445 195.236099 103.057182 341.828491 195.236099 105.444031 340.959747 195.236099 107.915588 340.373993 195.236099 110.438446 340.079102 195.236099 112.978470 340.079102 195.236099 115.501328 340.373993 195.236099 117.972893 340.959747 195.236099 120.359734 341.828491 195.236099 122.629593 342.968445 195.236099 124.751755 344.364227 195.236099 126.697533 345.996918 195.236099 128.440598 347.844482 195.236099 129.957397 349.881897 195.236099 131.227417 352.081635 195.236099 132.233475 354.413910 195.236099 132.961960 356.847229 195.236099 133.403030 359.348663 187.824982 135.163300 361.884399 187.824982 135.004715 364.607361 187.824982 134.531067 367.293457 187.824982 133.748795 369.906433 187.824982 132.668472 372.410919 187.824982 131.304703 374.773041 187.824982 129.675919 376.960907 187.824982 127.804146 378.944855 187.824982 125.714722 380.698090 187.824982 123.435883 382.196899 187.824982 120.998444 383.421021 187.824982 118.435387 384.353912 187.824982 115.781349 384.982910 187.824982 113.072235 385.299561 187.824982 110.344681 385.299561 187.824982 107.635567 384.982910 187.824982 104.981537 384.353912 187.824982 102.418472 383.421021 187.824982 99.981041 382.196899 187.824982 97.702202 380.698090 187.824982 95.612770 378.944855 187.824982 93.741005 376.960907 187.824982 92.112228 374.773041 187.824982 90.748451 372.410919 187.824982 89.668121 369.906433 187.824982 88.885849 367.293457 187.824982 88.412209 364.607361 187.824982 88.253616 361.884399 187.824982 88.412209 359.161469 187.824982 88.885849 356.475342 187.824982 89.668121 353.862396 187.824982 90.748451 351.357910 187.824982 92.112228 348.995758 187.824982 93.741005 346.807922 187.824982 95.612770 344.823975 187.824982 97.702202 343.070740 187.824982 99.981041 341.571930 187.824982 102.418472 340.347809 187.824982 104.981537 339.414917 187.824982 107.635567 338.785889 187.824982 110.344681 338.469238 187.824982 113.072235 338.469238 187.824982 115.781349 338.785889 187.824982 118.435387 339.414917 187.824982 120.998444 340.347809 187.824982 123.435883 341.571930 187.824982 125.714722 343.070740 187.824982 127.804146 344.823975 187.824982 129.675919 346.807922 187.824982 131.304703 348.995758 187.824982 132.668472 351.357910 187.824982 133.748795 353.862396 187.824982 134.531067 356.475342 187.824982 135.004715 359.161469 180.834045 136.469147 361.884399 180.834045 136.301712 364.758942 180.834045 135.801712 367.594604 180.834045 134.975891 370.353058 180.834045 133.835419 372.996979 180.834045 132.395706 375.490631 180.834045 130.676239 377.800262 180.834045 128.700272 379.894684 180.834045 126.494514 381.745544 180.834045 124.088806 383.327789 180.834045 121.515663 384.620056 180.834045 118.809906 385.604889 180.834045 116.008110 386.268921 180.834045 113.148163 386.603210 180.834045 110.268753 386.603210 180.834045 107.408813 386.268921 180.834045 104.607018 385.604889 180.834045 101.901253 384.620056 180.834045 99.328117 383.327789 180.834045 96.922401 381.745544 180.834045 94.716644 379.894684 180.834045 92.740677 377.800262 180.834045 91.021210 375.490631 180.834045 89.581505 372.996979 180.834045 88.441025 370.353058 180.834045 87.615204 367.594604 180.834045 87.115196 364.758942 180.834045 86.947777 361.884399 180.834045 87.115196 359.009857 180.834045 87.615204 356.174194 180.834045 88.441025 353.415771 180.834045 89.581505 350.771820 180.834045 91.021210 348.278198 180.834045 92.740677 345.968536 180.834045 94.716644 343.874146 180.834045 96.922401 342.023285 180.834045 99.328117 340.441040 180.834045 101.901253 339.148743 180.834045 104.607018 338.163940 180.834045 107.408813 337.499908 180.834045 110.268753 337.165619 180.834045 113.148163 337.165619 180.834045 116.008110 337.499908 180.834045 118.809906 338.163940 180.834045 121.515663 339.148743 180.834045 124.088806 340.441040 180.834045 126.494514 342.023285 180.834045 128.700272 343.874146 180.834045 130.676239 345.968536 180.834045 132.395706 348.278198 180.834045 133.835419 350.771820 180.834045 134.975891 353.415771 180.834045 135.801712 356.174194 180.834045 136.301712 359.009857 174.270630 137.480896 361.884399 174.270630 137.306625 364.876404 174.270630 136.786194 367.827942 174.270630 135.926620 370.699097 174.270630 134.739548 373.451050 174.270630 133.241013 376.046600 174.270630 131.451294 378.450623 174.270630 129.394577 380.630585 174.270630 127.098686 382.557068 174.270630 124.594681 384.203979 174.270630 121.916397 385.549072 174.270630 119.100075 386.574127 174.270630 116.183792 387.265289 174.270630 113.206993 387.613251 174.270630 110.209930 387.613251 174.270630 107.233124 387.265289 174.270630 104.316841 386.574127 174.270630 101.500519 385.549072 174.270630 98.822243 384.203979 174.270630 96.318230 382.557068 174.270630 94.022339 380.630585 174.270630 91.965630 378.450623 174.270630 90.175903 376.046600 174.270630 88.677368 373.451050 174.270630 87.490295 370.699097 174.270630 86.630722 367.827942 174.270630 86.110291 364.876404 174.270630 85.936028 361.884399 174.270630 86.110291 358.892426 174.270630 86.630722 355.940887 174.270630 87.490295 353.069733 174.270630 88.677368 350.317749 174.270630 90.175903 347.722229 174.270630 91.965630 345.318207 174.270630 94.022339 343.138214 174.270630 96.318230 341.211731 174.270630 98.822243 339.564819 174.270630 101.500519 338.219757 174.270630 104.316841 337.194702 174.270630 107.233124 336.503510 174.270630 110.209930 336.155579 174.270630 113.206993 336.155579 174.270630 116.183792 336.503510 174.270630 119.100075 337.194702 174.270630 121.916397 338.219757 174.270630 124.594681 339.564819 174.270630 127.098686 341.211731 174.270630 129.394577 343.138214 174.270630 131.451294 345.318207 174.270630 133.241013 347.722229 174.270630 134.739548 350.317749 174.270630 135.926620 353.069733 174.270630 136.786194 355.940887 174.270630 137.306625 358.892426 168.132797 138.213745 361.884399 168.132797 138.034531 364.961487 168.132797 137.499298 367.996948 168.132797 136.615280 370.949768 168.132797 135.394455 373.779968 168.132797 133.853317 376.449310 168.132797 132.012695 378.921692 168.132797 129.897491 381.163666 168.132797 127.536324 383.144928 168.132797 124.961105 384.838654 168.132797 122.206673 386.221985 168.132797 119.310265 387.276215 168.132797 116.311058 387.987030 168.132797 113.249603 388.344849 168.132797 110.167313 388.344849 168.132797 107.105865 387.987030 168.132797 104.106659 387.276215 168.132797 101.210251 386.221985 168.132797 98.455811 384.838654 168.132797 95.880600 383.144928 168.132797 93.519424 381.163666 168.132797 91.404228 378.921692 168.132797 89.563614 376.449310 168.132797 88.022469 373.779968 168.132797 86.801628 370.949768 168.132797 85.917618 367.996948 168.132797 85.382385 364.961487 168.132797 85.203171 361.884399 168.132797 85.382385 358.807343 168.132797 85.917618 355.771881 168.132797 86.801628 352.819061 168.132797 88.022469 349.988861 168.132797 89.563614 347.319519 168.132797 91.404228 344.847137 168.132797 93.519424 342.605164 168.132797 95.880600 340.623901 168.132797 98.455811 338.930145 168.132797 101.210251 337.546814 168.132797 104.106659 336.492615 168.132797 107.105865 335.781799 168.132797 110.167313 335.423950 168.132797 113.249603 335.423950 168.132797 116.311058 335.781799 168.132797 119.310265 336.492615 168.132797 122.206673 337.546814 168.132797 124.961105 338.930145 168.132797 127.536324 340.623901 168.132797 129.897491 342.605164 168.132797 132.012695 344.847137 168.132797 133.853317 347.319519 168.132797 135.394455 349.988861 168.132797 136.615280 352.819061 168.132797 137.499298 355.771881 168.132797 138.034531 358.807343 162.412277 138.684280 361.884399 162.412277 138.501892 365.016113 162.412277 137.957153 368.105469 162.412277 137.057449 371.110687 162.412277 135.814941 373.991150 162.412277 134.246429 376.707855 162.412277 132.373138 379.224152 162.412277 130.220398 381.505920 162.412277 127.817307 383.522339 162.412277 125.196373 385.246155 162.412277 122.393036 386.654053 162.412277 119.445213 387.726959 162.412277 116.392761 388.450409 162.412277 113.276962 388.814606 162.412277 110.139954 388.814606 162.412277 107.024155 388.450409 162.412277 103.971703 387.726959 162.412277 101.023880 386.654053 162.412277 98.220543 385.246155 162.412277 95.599609 383.522339 162.412277 93.196526 381.505920 162.412277 91.043777 379.224152 162.412277 89.170486 376.707855 162.412277 87.601982 373.991150 162.412277 86.359474 371.110687 162.412277 85.459770 368.105469 162.412277 84.915031 365.016113 162.412277 84.732628 361.884399 162.412277 84.915031 358.752716 162.412277 85.459770 355.663361 162.412277 86.359474 352.658142 162.412277 87.601982 349.777679 162.412277 89.170486 347.060944 162.412277 91.043777 344.544678 162.412277 93.196526 342.262909 162.412277 95.599609 340.246460 162.412277 98.220543 338.522644 162.412277 101.023880 337.114777 162.412277 103.971703 336.041840 162.412277 107.024155 335.318420 162.412277 110.139954 334.954224 162.412277 113.276962 334.954224 162.412277 116.392761 335.318420 162.412277 119.445213 336.041840 162.412277 122.393036 337.114777 162.412277 125.196373 338.522644 162.412277 127.817307 340.246460 162.412277 130.220398 342.262909 162.412277 132.373138 344.544678 162.412277 134.246429 347.060944 162.412277 135.814941 349.777679 162.412277 137.057449 352.658142 162.412277 137.957153 355.663361 162.412277 138.501892 358.752716 157.096390 138.909622 361.884399 157.096390 138.725693 365.042267 157.096390 138.176407 368.157440 157.096390 137.269180 371.187744 157.096390 136.016296 374.092255 157.096390 134.434692 376.831696 157.096390 132.545761 379.368988 157.096390 130.375031 381.669830 157.096390 127.951866 383.703094 157.096390 125.309036 385.441315 157.096390 122.482292 386.860962 157.096390 119.509842 387.942841 157.096390 116.431892 388.672333 157.096390 113.290070 389.039551 157.096390 110.126854 389.039551 157.096390 106.985031 388.672333 157.096390 103.907082 387.942841 157.096390 100.934631 386.860962 157.096390 98.107880 385.441315 157.096390 95.465057 383.703094 157.096390 93.041893 381.669830 157.096390 90.871162 379.368988 157.096390 88.982224 376.831696 157.096390 87.400620 374.092255 157.096390 86.147728 371.187744 157.096390 85.240509 368.157440 157.096390 84.691223 365.042267 157.096390 84.507301 361.884399 157.096390 84.691223 358.726562 157.096390 85.240509 355.611389 157.096390 86.147728 352.581055 157.096390 87.400620 349.676544 157.096390 88.982224 346.937134 157.096390 90.871162 344.399841 157.096390 93.041893 342.098999 157.096390 95.465057 340.065735 157.096390 98.107880 338.327515 157.096390 100.934631 336.907867 157.096390 103.907082 335.825989 157.096390 106.985031 335.096497 157.096390 110.126854 334.729279 157.096390 113.290070 334.729279 157.096390 116.431892 335.096497 157.096390 119.509842 335.825989 157.096390 122.482292 336.907867 157.096390 125.309036 338.327515 157.096390 127.951866 340.065735 157.096390 130.375031 342.098999 157.096390 132.545761 344.399841 157.096390 134.434692 346.937134 157.096390 136.016296 349.676544 157.096390 137.269180 352.581055 157.096390 138.176407 355.611389 157.096390 138.725693 358.726562 151.619003 138.892670 361.884399 151.619003 138.708862 365.040314 151.619003 138.159927 368.153534 151.619003 137.253265 371.181946 151.619003 136.001160 374.084656 151.619003 134.420532 376.822388 151.619003 132.532776 379.358093 151.619003 130.363403 381.657501 151.619003 127.941742 383.689484 151.619003 125.300568 385.426636 151.619003 122.475578 386.845398 151.619003 119.504982 387.926605 151.619003 116.428947 388.655640 151.619003 113.289085 389.022644 151.619003 110.127838 389.022644 151.619003 106.987968 388.655640 151.619003 103.911942 387.926605 151.619003 100.941345 386.845398 151.619003 98.116356 385.426636 151.619003 95.475174 383.689484 151.619003 93.053520 381.657501 151.619003 90.884148 379.358093 151.619003 88.996384 376.822388 151.619003 87.415764 374.084656 151.619003 86.163658 371.181946 151.619003 85.257004 368.153534 151.619003 84.708061 365.040314 151.619003 84.524246 361.884399 151.619003 84.708061 358.728516 151.619003 85.257004 355.615295 151.619003 86.163658 352.586853 151.619003 87.415764 349.684143 151.619003 88.996384 346.946442 151.619003 90.884148 344.410736 151.619003 93.053520 342.111328 151.619003 95.475174 340.079315 151.619003 98.116356 338.342194 151.619003 100.941345 336.923431 151.619003 103.911942 335.842224 151.619003 106.987968 335.113190 151.619003 110.127838 334.746185 151.619003 113.289085 334.746185 151.619003 116.428947 335.113190 151.619003 119.504982 335.842224 151.619003 122.475578 336.923431 151.619003 125.300568 338.342194 151.619003 127.941742 340.079315 151.619003 130.363403 342.111328 151.619003 132.532776 344.410736 151.619003 134.420532 346.946442 151.619003 136.001160 349.684143 151.619003 137.253265 352.586853 151.619003 138.159927 355.615295 151.619003 138.708862 358.728516 146.561462 138.626007 361.884399 146.561462 138.444000 365.009338 146.561462 137.900436 368.092010 146.561462 137.002670 371.090759 146.561462 135.762848 373.964966 146.561462 134.197739 376.675842 146.561462 132.328491 379.186676 146.561462 130.180405 381.463531 146.561462 127.782501 383.475586 146.561462 125.167229 385.195679 146.561462 122.369949 386.600525 146.561462 119.428497 387.671143 146.561462 116.382645 388.393005 146.561462 113.273575 388.756409 146.561462 110.143341 388.756409 146.561462 107.034279 388.393005 146.561462 103.988419 387.671143 146.561462 101.046967 386.600525 146.561462 98.249687 385.195679 146.561462 95.634422 383.475586 146.561462 93.236519 381.463531 146.561462 91.088425 379.186676 146.561462 89.219185 376.675842 146.561462 87.654068 373.964966 146.561462 86.414246 371.090759 146.561462 85.516487 368.092010 146.561462 84.972923 365.009338 146.561462 84.790916 361.884399 146.561462 84.972923 358.759460 146.561462 85.516487 355.676788 146.561462 86.414246 352.678070 146.561462 87.654068 349.803833 146.561462 89.219185 347.092987 146.561462 91.088425 344.582153 146.561462 93.236519 342.305298 146.561462 95.634422 340.293213 146.561462 98.249687 338.573151 146.561462 101.046967 337.168304 146.561462 103.988419 336.097687 146.561462 107.034279 335.375793 146.561462 110.143341 335.012421 146.561462 113.273575 335.012421 146.561462 116.382645 335.375793 146.561462 119.428497 336.097687 146.561462 122.369949 337.168304 146.561462 125.167229 338.573151 146.561462 127.782501 340.293213 146.561462 130.180405 342.305298 146.561462 132.328491 344.582153 146.561462 134.197739 347.092987 146.561462 135.762848 349.803833 146.561462 137.002670 352.678070 146.561462 137.900436 355.676788 146.561462 138.444000 358.759460 141.657227 138.129135 361.884399 141.657227 137.950485 364.951660 141.657227 137.416962 367.977448 141.657227 136.535782 370.920807 141.657227 135.318832 373.741974 141.657227 133.782623 376.402802 141.657227 131.947876 378.867310 141.657227 129.839432 381.102112 141.657227 127.485794 383.077057 141.657227 124.918800 384.765381 141.657227 122.173157 386.144318 141.657227 119.285995 387.195129 141.657227 116.296364 387.903687 141.657227 113.244682 388.260376 141.657227 110.172234 388.260376 141.657227 107.120560 387.903687 141.657227 104.130920 387.195129 141.657227 101.243767 386.144318 141.657227 98.498123 384.765381 141.657227 95.931122 383.077057 141.657227 93.577492 381.102112 141.657227 91.469048 378.867310 141.657227 89.634308 376.402802 141.657227 88.098076 373.741974 141.657227 86.881142 370.920807 141.657227 85.999954 367.977448 141.657227 85.466431 364.951660 141.657227 85.287781 361.884399 141.657227 85.466431 358.817169 141.657227 85.999954 355.791382 141.657227 86.881142 352.847992 141.657227 88.098076 350.026825 141.657227 89.634308 347.365997 141.657227 91.469048 344.901520 141.657227 93.577492 342.666718 141.657227 95.931122 340.691772 141.657227 98.498123 339.003418 141.657227 101.243767 337.624512 141.657227 104.130920 336.573669 141.657227 107.120560 335.865112 141.657227 110.172234 335.508423 141.657227 113.244682 335.508423 141.657227 116.296364 335.865112 141.657227 119.285995 336.573669 141.657227 122.173157 337.624512 141.657227 124.918800 339.003418 141.657227 127.485794 340.691772 141.657227 129.839432 342.666718 141.657227 131.947876 344.901520 141.657227 133.782623 347.365997 141.657227 135.318832 350.026825 141.657227 136.535782 352.847992 141.657227 137.416962 355.791382 141.657227 137.950485 358.817169 136.815659 137.402344 361.884399 136.815659 137.228622 364.867279 136.815659 136.709763 367.809814 136.815659 135.852814 370.672241 136.815659 134.669357 373.415802 136.815659 133.175400 376.003448 136.815659 131.391129 378.400116 136.815659 129.340683 380.573456 136.815659 127.051788 382.494080 136.815659 124.555405 384.135986 136.815659 121.885292 385.476959 136.815659 119.077553 386.498901 136.815659 116.170158 387.187958 136.815659 113.202431 387.534821 136.815659 110.214493 387.534821 136.815659 107.246765 387.187958 136.815659 104.339371 386.498901 136.815659 101.531631 385.476959 136.815659 98.861511 384.135986 136.815659 96.365135 382.494080 136.815659 94.076241 380.573456 136.815659 92.025795 378.400116 136.815659 90.241524 376.003448 136.815659 88.747559 373.415802 136.815659 87.564102 370.672241 136.815659 86.707153 367.809814 136.815659 86.188301 364.867279 136.815659 86.014565 361.884399 136.815659 86.188301 358.901520 136.815659 86.707153 355.958984 136.815659 87.564102 353.096588 136.815659 88.747559 350.353027 136.815659 90.241524 347.765381 136.815659 92.025795 345.368683 136.815659 94.076241 343.195343 136.815659 96.365135 341.274750 136.815659 98.861511 339.632843 136.815659 101.531631 338.291870 136.815659 104.339371 337.269928 136.815659 107.246765 336.580872 136.815659 110.214493 336.233978 136.815659 113.202431 336.233978 136.815659 116.170158 336.580872 136.815659 119.077553 337.269928 136.815659 121.885292 338.291870 136.815659 124.555405 339.632843 136.815659 127.051788 341.274750 136.815659 129.340683 343.195343 136.815659 131.391129 345.368683 136.815659 133.175400 347.765381 136.815659 134.669357 350.353027 136.815659 135.852814 353.096588 136.815659 136.709763 355.958984 136.815659 137.228622 358.901520 132.032303 136.447723 361.884399 132.032303 136.280441 364.756470 132.032303 135.780869 367.589691 132.032303 134.955765 370.345734 132.032303 133.816269 372.987366 132.032303 132.377808 375.478851 132.032303 130.659836 377.786499 132.032303 128.685562 379.879089 132.032303 126.481720 381.728333 132.032303 124.078087 383.309235 132.032303 121.507179 384.600403 132.032303 118.803757 385.584351 132.032303 116.004387 386.247833 132.032303 113.146919 386.581818 132.032303 110.270004 386.581818 132.032303 107.412529 386.247833 132.032303 104.613159 385.584351 132.032303 101.909737 384.600403 132.032303 99.338829 383.309235 132.032303 96.935196 381.728333 132.032303 94.731346 379.879089 132.032303 92.757088 377.786499 132.032303 91.039108 375.478851 132.032303 89.600647 372.987366 132.032303 88.461159 370.345734 132.032303 87.636047 367.589691 132.032303 87.136475 364.756470 132.032303 86.969200 361.884399 132.032303 87.136475 359.012360 132.032303 87.636047 356.179138 132.032303 88.461159 353.423096 132.032303 89.600647 350.781464 132.032303 91.039108 348.289978 132.032303 92.757088 345.982330 132.032303 94.731346 343.889709 132.032303 96.935196 342.040466 132.032303 99.338829 340.459595 132.032303 101.909737 339.168427 132.032303 104.613159 338.184448 132.032303 107.412529 337.520996 132.032303 110.270004 337.187012 132.032303 113.146919 337.187012 132.032303 116.004387 337.520996 132.032303 118.803757 338.184448 132.032303 121.507179 339.168427 132.032303 124.078087 340.459595 132.032303 126.481720 342.040466 132.032303 128.685562 343.889709 132.032303 130.659836 345.982330 132.032303 132.377808 348.289978 132.032303 133.816269 350.781464 132.032303 134.955765 353.423096 132.032303 135.780869 356.179138 132.032303 136.280441 359.012360 127.301476 135.266327 361.884399 127.301476 135.107040 364.619324 127.301476 134.631317 367.317230 127.301476 133.845612 369.941681 127.301476 132.760544 372.457153 127.301476 131.390778 374.829681 127.301476 129.754837 377.027130 127.301476 127.874847 379.019775 127.301476 125.776245 380.780731 127.301476 123.487396 382.286133 127.301476 121.039253 383.515625 127.301476 118.464935 384.452606 127.301476 115.799240 385.084381 127.301476 113.078232 385.402435 127.301476 110.338692 385.402435 127.301476 107.617676 385.084381 127.301476 104.951988 384.452606 127.301476 102.377663 383.515625 127.301476 99.929527 382.286133 127.301476 97.640678 380.780731 127.301476 95.542068 379.019775 127.301476 93.662086 377.027130 127.301476 92.026146 374.829681 127.301476 90.656380 372.457153 127.301476 89.571304 369.941681 127.301476 88.785599 367.317230 127.301476 88.309883 364.619324 127.301476 88.150589 361.884399 127.301476 88.309883 359.149506 127.301476 88.785599 356.451599 127.301476 89.571304 353.827148 127.301476 90.656380 351.311646 127.301476 92.026146 348.939148 127.301476 93.662086 346.741699 127.301476 95.542068 344.749023 127.301476 97.640678 342.988098 127.301476 99.929527 341.482697 127.301476 102.377663 340.253204 127.301476 104.951988 339.316223 127.301476 107.617676 338.684448 127.301476 110.338692 338.366394 127.301476 113.078232 338.366394 127.301476 115.799240 338.684448 127.301476 118.464935 339.316223 127.301476 121.039253 340.253204 127.301476 123.487396 341.482697 127.301476 125.776245 342.988098 127.301476 127.874847 344.749023 127.301476 129.754837 346.741699 127.301476 131.390778 348.939148 127.301476 132.760544 351.311646 127.301476 133.845612 353.827148 127.301476 134.631317 356.451599 127.301476 135.107040 359.149506 122.617432 133.858398 361.884399 122.617432 133.708618 364.455872 122.617432 133.261337 366.992523 122.617432 132.522583 369.460144 122.617432 131.502365 371.825287 122.617432 130.214462 374.056000 122.617432 128.676300 376.122101 122.617432 126.908669 377.995697 122.617432 124.935478 379.651398 122.617432 122.783424 381.066803 122.617432 120.481598 382.222839 122.617432 118.061134 383.103821 122.617432 115.554756 383.697845 122.617432 112.996361 383.996857 122.617432 110.420555 383.996857 122.617432 107.862167 383.697845 122.617432 105.355789 383.103821 122.617432 102.935318 382.222839 122.617432 100.633492 381.066803 122.617432 98.481438 379.651398 122.617432 96.508255 377.995697 122.617432 94.740623 376.122101 122.617432 93.202461 374.056000 122.617432 91.914558 371.825287 122.617432 90.894333 369.460144 122.617432 90.155579 366.992523 122.617432 89.708298 364.455872 122.617432 89.558525 361.884399 122.617432 89.708298 359.312958 122.617432 90.155579 356.776276 122.617432 90.894333 354.308685 122.617432 91.914558 351.943542 122.617432 93.202461 349.712830 122.617432 94.740623 347.646698 122.617432 96.508255 345.773132 122.617432 98.481438 344.117432 122.617432 100.633492 342.701996 122.617432 102.935318 341.545990 122.617432 105.355789 340.665009 122.617432 107.862167 340.070984 122.617432 110.420555 339.771942 122.617432 112.996361 339.771942 122.617432 115.554756 340.070984 122.617432 118.061134 340.665009 122.617432 120.481598 341.545990 122.617432 122.783424 342.701996 122.617432 124.935478 344.117432 122.617432 126.908669 345.773132 122.617432 128.676300 347.646698 122.617432 130.214462 349.712830 122.617432 131.502365 351.943542 122.617432 132.522583 354.308685 122.617432 133.261337 356.776276 122.617432 133.708618 359.312958 117.974258 132.223282 361.884399 117.974258 132.084579 364.266022 117.974258 131.670319 366.615448 117.974258 130.986099 368.900909 117.974258 130.041183 371.091461 117.974258 128.848358 373.157501 117.974258 127.423729 375.071075 117.974258 125.786591 376.806366 117.974258 123.959068 378.339844 117.974258 121.965874 379.650787 117.974258 119.833969 380.721466 117.974258 117.592178 381.537415 117.974258 115.270821 382.087585 117.974258 112.901291 382.364532 117.974258 110.515625 382.364532 117.974258 108.146095 382.087585 117.974258 105.824738 381.537415 117.974258 103.582954 380.721466 117.974258 101.451042 379.650787 117.974258 99.457855 378.339844 117.974258 97.630325 376.806366 117.974258 95.993187 375.071075 117.974258 94.568573 373.157501 117.974258 93.375740 371.091461 117.974258 92.430824 368.900909 117.974258 91.746613 366.615448 117.974258 91.332344 364.266022 117.974258 91.193626 361.884399 117.974258 91.332344 359.502777 117.974258 91.746613 357.153351 117.974258 92.430824 354.867920 117.974258 93.375740 352.677368 117.974258 94.568573 350.611328 117.974258 95.993187 348.697723 117.974258 97.630325 346.962463 117.974258 99.457855 345.428986 117.974258 101.451042 344.118042 117.974258 103.582954 343.047363 117.974258 105.824738 342.231415 117.974258 108.146095 341.681244 117.974258 110.515625 341.404297 117.974258 112.901291 341.404297 117.974258 115.270821 341.681244 117.974258 117.592178 342.231415 117.974258 119.833969 343.047363 117.974258 121.965874 344.118042 117.974258 123.959068 345.428986 117.974258 125.786591 346.962463 117.974258 127.423729 348.697723 117.974258 128.848358 350.611328 117.974258 130.041183 352.677368 117.974258 130.986099 354.867920 117.974258 131.670319 357.153351 117.974258 132.084579 359.502777 113.365639 130.359543 361.884399 113.365639 130.233429 364.049683 113.365639 129.856812 366.185638 113.365639 129.234741 368.263458 113.365639 128.375687 370.255005 113.365639 127.291214 372.133362 113.365639 125.996017 373.873108 113.365639 124.507614 375.450714 113.365639 122.846115 376.844879 113.365639 121.034004 378.036713 113.365639 119.095779 379.010132 113.365639 117.057648 379.751953 113.365639 114.947189 380.252136 113.365639 112.792923 380.503937 113.365639 110.623993 380.503937 113.365639 108.469734 380.252136 113.365639 106.359268 379.751953 113.365639 104.321144 379.010132 113.365639 102.382919 378.036713 113.365639 100.570801 376.844879 113.365639 98.909309 375.450714 113.365639 97.420898 373.873108 113.365639 96.125702 372.133362 113.365639 95.041237 370.255005 113.365639 94.182175 368.263458 113.365639 93.560120 366.185638 113.365639 93.183487 364.049683 113.365639 93.057373 361.884399 113.365639 93.183487 359.719147 113.365639 93.560120 357.583160 113.365639 94.182175 355.505371 113.365639 95.041237 353.513824 113.365639 96.125702 351.635468 113.365639 97.420898 349.895721 113.365639 98.909309 348.318115 113.365639 100.570801 346.923950 113.365639 102.382919 345.732086 113.365639 104.321144 344.758667 113.365639 106.359268 344.016876 113.365639 108.469734 343.516663 113.365639 110.623993 343.264893 113.365639 112.792923 343.264893 113.365639 114.947189 343.516663 113.365639 117.057648 344.016876 113.365639 119.095779 344.758667 113.365639 121.034004 345.732086 113.365639 122.846115 346.923950 113.365639 124.507614 348.318115 113.365639 125.996017 349.895721 113.365639 127.291214 351.635468 113.365639 128.375687 353.513824 113.365639 129.234741 355.505371 113.365639 129.856812 357.583160 113.365639 130.233429 359.719147 108.784462 128.264801 361.884399 108.784462 128.152847 363.806488 108.784462 127.818527 365.702576 108.784462 127.266335 367.547028 108.784462 126.503746 369.314880 108.784462 125.541084 370.982269 108.784462 124.391357 372.526611 108.784462 123.070114 373.927063 108.784462 121.595222 375.164642 108.784462 119.986633 376.222626 108.784462 118.266090 377.086700 108.784462 116.456871 377.745209 108.784462 114.583435 378.189209 108.784462 112.671127 378.412750 108.784462 110.745796 378.412750 108.784462 108.833481 378.189209 108.784462 106.960045 377.745209 108.784462 105.150826 377.086700 108.784462 103.430290 376.222626 108.784462 101.821693 375.164642 108.784462 100.346809 373.927063 108.784462 99.025566 372.526611 108.784462 97.875839 370.982269 108.784462 96.913170 369.314880 108.784462 96.150589 367.547028 108.784462 95.598396 365.702576 108.784462 95.264069 363.806488 108.784462 95.152115 361.884399 108.784462 95.264069 359.962341 108.784462 95.598396 358.066254 108.784462 96.150589 356.221802 108.784462 96.913170 354.453949 108.784462 97.875839 352.786560 108.784462 99.025566 351.242188 108.784462 100.346809 349.841766 108.784462 101.821693 348.604187 108.784462 103.430290 347.546204 108.784462 105.150826 346.682098 108.784462 106.960045 346.023621 108.784462 108.833481 345.579590 108.784462 110.745796 345.356079 108.784462 112.671127 345.356079 108.784462 114.583435 345.579590 108.784462 116.456871 346.023621 108.784462 118.266090 346.682098 108.784462 119.986633 347.546204 108.784462 121.595222 348.604187 108.784462 123.070114 349.841766 108.784462 124.391357 351.242188 108.784462 125.541084 352.786560 108.784462 126.503746 354.453949 108.784462 127.266335 356.221802 108.784462 127.818527 358.066254 108.784462 128.152847 359.962341 104.222145 125.935654 361.884399 104.222145 125.839455 363.536072 104.222145 125.552155 365.165436 104.222145 125.077652 366.750397 104.222145 124.422340 368.269562 104.222145 123.595108 369.702393 104.222145 122.607117 371.029480 104.222145 121.471756 372.232880 104.222145 120.204346 373.296356 104.222145 118.822060 374.205505 104.222145 117.343567 374.948059 104.222145 115.788864 375.513916 104.222145 114.178986 375.895447 104.222145 112.535698 376.087524 104.222145 110.881226 376.087524 104.222145 109.237938 375.895447 104.222145 107.628052 375.513916 104.222145 106.073357 374.948059 104.222145 104.594864 374.205505 104.222145 103.212570 373.296356 104.222145 101.945168 372.232880 104.222145 100.809799 371.029480 104.222145 99.821815 369.702393 104.222145 98.994576 368.269562 104.222145 98.339272 366.750397 104.222145 97.864761 365.165436 104.222145 97.577469 363.536072 104.222145 97.481270 361.884399 104.222145 97.577469 360.232727 104.222145 97.864761 358.603394 104.222145 98.339272 357.018433 104.222145 98.994576 355.499268 104.222145 99.821815 354.066437 104.222145 100.809799 352.739349 104.222145 101.945168 351.535919 104.222145 103.212570 350.472443 104.222145 104.594864 349.563293 104.222145 106.073357 348.820770 104.222145 107.628052 348.254913 104.222145 109.237938 347.873352 104.222145 110.881226 347.681274 104.222145 112.535698 347.681274 104.222145 114.178986 347.873352 104.222145 115.788864 348.254913 104.222145 117.343567 348.820770 104.222145 118.822060 349.563293 104.222145 120.204346 350.472443 104.222145 121.471756 351.535919 104.222145 122.607117 352.739349 104.222145 123.595108 354.066437 104.222145 124.422340 355.499268 104.222145 125.077652 357.018433 104.222145 125.552155 358.603394 104.222145 125.839455 360.232727 99.667336 123.367233 361.884399 99.667336 123.288399 363.237915 99.667336 123.052971 364.573120 99.667336 122.664124 365.871948 99.667336 122.127121 367.116852 99.667336 121.449226 368.291016 99.667336 120.639603 369.378540 99.667336 119.709198 370.364685 99.667336 118.670601 371.236176 99.667336 117.537849 371.981201 99.667336 116.326263 372.589691 99.667336 115.052231 373.053406 99.667336 113.732986 373.366058 99.667336 112.386360 373.523468 99.667336 111.030563 373.523468 99.667336 109.683937 373.366058 99.667336 108.364685 373.053406 99.667336 107.090652 372.589691 99.667336 105.879074 371.981201 99.667336 104.746323 371.236176 99.667336 103.707726 370.364685 99.667336 102.777321 369.378540 99.667336 101.967697 368.291016 99.667336 101.289795 367.116852 99.667336 100.752792 365.871948 99.667336 100.363953 364.573120 99.667336 100.128517 363.237915 99.667336 100.049683 361.884399 99.667336 100.128517 360.530914 99.667336 100.363953 359.195709 99.667336 100.752792 357.896881 99.667336 101.289795 356.651947 99.667336 101.967697 355.477814 99.667336 102.777321 354.390289 99.667336 103.707726 353.404114 99.667336 104.746323 352.532623 99.667336 105.879074 351.787628 99.667336 107.090652 351.179138 99.667336 108.364685 350.715424 99.667336 109.683937 350.402771 99.667336 111.030563 350.245361 99.667336 112.386360 350.245361 99.667336 113.732986 350.402771 99.667336 115.052231 350.715424 99.667336 116.326263 351.179138 99.667336 117.537849 351.787628 99.667336 118.670601 352.532623 99.667336 119.709198 353.404114 99.667336 120.639603 354.390289 99.667336 121.449226 355.477814 99.667336 122.127121 356.651947 99.667336 122.664124 357.896881 99.667336 123.052971 359.195709 99.667336 123.288399 360.530914 95.103378 120.552238 361.884399 95.103378 120.492439 362.911102 95.103378 120.313850 363.923920 95.103378 120.018890 364.909149 95.103378 119.611549 365.853485 95.103378 119.097328 366.744141 95.103378 118.483185 367.569092 95.103378 117.777428 368.317139 95.103378 116.989594 368.978210 95.103378 116.130348 369.543335 95.103378 115.211304 370.004913 95.103378 114.244881 370.356659 95.103378 113.244164 370.593842 95.103378 112.222679 370.713226 95.103378 111.194237 370.713226 95.103378 110.172752 370.593842 95.103378 109.172035 370.356659 95.103378 108.205620 370.004913 95.103378 107.286575 369.543335 95.103378 106.427322 368.978210 95.103378 105.639496 368.317139 95.103378 104.933739 367.569092 95.103378 104.319595 366.744141 95.103378 103.805374 365.853485 95.103378 103.398033 364.909149 95.103378 103.103065 363.923920 95.103378 102.924484 362.911102 95.103378 102.864685 361.884399 95.103378 102.924484 360.857697 95.103378 103.103065 359.844910 95.103378 103.398033 358.859650 95.103378 103.805374 357.915344 95.103378 104.319595 357.024689 95.103378 104.933739 356.199738 95.103378 105.639496 355.451691 95.103378 106.427322 354.790619 95.103378 107.286575 354.225464 95.103378 108.205620 353.763916 95.103378 109.172035 353.412170 95.103378 110.172752 353.174988 95.103378 111.194237 353.055603 95.103378 112.222679 353.055603 95.103378 113.244164 353.174988 95.103378 114.244881 353.412170 95.103378 115.211304 353.763916 95.103378 116.130348 354.225464 95.103378 116.989594 354.790619 95.103378 117.777428 355.451691 95.103378 118.483185 356.199738 95.103378 119.097328 357.024689 95.103378 119.611549 357.915344 95.103378 120.018890 358.859650 95.103378 120.313850 359.844910 95.103378 120.492439 360.857697 90.502769 117.478416 361.884399 90.502769 117.439400 362.554260 90.502769 117.322884 363.215057 90.502769 117.130440 363.857849 90.502769 116.864677 364.473969 90.502769 116.529182 365.055054 90.502769 116.128502 365.593262 90.502769 115.668045 366.081329 90.502769 115.154037 366.512634 90.502769 114.593437 366.881348 90.502769 113.993820 367.182465 90.502769 113.363304 367.411957 90.502769 112.710403 367.566711 90.502769 112.043953 367.644592 90.502769 111.372963 367.644592 90.502769 110.706520 367.566711 90.502769 110.053619 367.411957 90.502769 109.423096 367.182465 90.502769 108.823486 366.881348 90.502769 108.262886 366.512634 90.502769 107.748878 366.081329 90.502769 107.288422 365.593262 90.502769 106.887733 365.055054 90.502769 106.552238 364.473969 90.502769 106.286476 363.857849 90.502769 106.094040 363.215057 90.502769 105.977524 362.554260 90.502769 105.938507 361.884399 90.502769 105.977524 361.214569 90.502769 106.094040 360.553772 90.502769 106.286476 359.910980 90.502769 106.552238 359.294861 90.502769 106.887733 358.713776 90.502769 107.288422 358.175568 90.502769 107.748878 357.687500 90.502769 108.262886 357.256195 90.502769 108.823486 356.887482 90.502769 109.423096 356.586334 90.502769 110.053619 356.356842 90.502769 110.706520 356.202118 90.502769 111.372963 356.124207 90.502769 112.043953 356.124207 90.502769 112.710403 356.202118 90.502769 113.363304 356.356842 90.502769 113.993820 356.586334 90.502769 114.593437 356.887482 90.502769 115.154037 357.256195 90.502769 115.668045 357.687500 90.502769 116.128502 358.175568 90.502769 116.529182 358.713776 90.502769 116.864677 359.294861 90.502769 117.130440 359.910980 90.502769 117.322884 360.553772 90.502769 117.439400 361.214569 245.846588 111.708458 361.884399 339.630646 84.392891 418.793762 338.265045 84.398346 419.159698 342.083496 88.452538 418.674622 273.781219 86.333733 427.050110 273.781219 88.225174 427.383636 279.136688 85.934113 427.177551 279.297211 88.240646 427.579529 284.451508 85.614899 427.188751 284.247192 88.254921 427.635803 284.570251 88.255867 427.635345 289.726135 85.354759 427.073242 289.616608 88.270851 427.560089 294.452362 85.156761 426.852814 293.851105 88.283760 427.394043 294.452484 88.285622 427.362579 311.611938 88.341499 425.591125 310.603058 84.696648 425.186218 307.859039 88.328804 426.125946 305.421448 84.810753 425.880676 302.905792 88.312454 426.704437 303.557220 84.859192 426.093079 299.094025 88.300194 427.051788 300.167755 84.957718 426.429138 294.963074 85.137215 426.822083 320.222015 88.371597 424.056519 316.371216 84.605148 424.234406 312.014648 84.670799 424.970520 329.107788 88.403915 422.067993 321.994995 84.519386 423.127625 319.954163 84.548416 423.548492 334.798065 88.425110 420.627411 331.812408 84.431824 420.840607 327.911560 84.453362 421.795685 349.125122 88.479042 416.780334 345.920166 84.505203 417.122284 343.136078 84.425522 417.856293 362.466125 85.151413 413.201691 371.908722 86.609962 411.702484 367.352966 85.383240 412.292725 371.908691 85.610619 411.577515 381.973053 86.134445 410.475311 380.364746 86.049706 410.606903 380.364746 86.659836 410.675964 377.102875 85.878693 410.925720 372.243011 85.627640 411.530243 386.040527 86.349220 410.216003 389.467072 86.707405 410.085571 391.817352 86.650681 409.996155 390.145508 88.620613 410.169983 402.933228 88.658669 409.919098 399.177399 87.016884 409.881958 410.144836 88.678986 409.903168 410.144836 87.530190 409.873535 380.799896 88.590988 410.771210 372.645844 88.563797 411.750977 371.908722 88.561272 411.861176 364.358673 88.534897 413.188293 358.419281 84.969955 414.055450 355.766144 88.503746 415.093140 352.880554 84.749077 415.350403 347.092865 84.546135 416.816711 266.702118 86.983368 425.390778 269.752747 86.663071 426.099091 265.640106 87.116890 425.147675 263.493530 87.464943 424.668488 262.261078 87.762268 424.408539 262.157593 87.795937 424.388092 261.839966 87.921303 424.328796 261.465637 88.124382 424.267700 303.556641 91.466263 424.391998 349.124298 94.031296 414.451538 356.417908 94.187477 412.780731 356.417938 92.318710 413.633057 363.969513 92.440857 412.097931 371.908142 92.573936 410.840271 371.908447 90.576828 411.430450 306.245087 94.535065 421.792419 308.920258 94.640327 421.493256 307.858002 91.533318 423.955536 345.993073 94.847893 414.710602 348.631866 94.721237 414.183655 410.144836 90.588509 409.819519 399.401001 91.407829 409.727844 399.346375 90.851311 409.800568 394.028717 91.814003 409.692535 389.465088 90.763496 409.960419 391.342102 92.011436 409.690460 389.463501 92.147118 409.699036 385.968201 92.395554 409.745117 380.363800 90.665840 410.472992 380.747986 92.759872 409.918060 380.362671 92.722260 409.955933 375.226624 93.137779 410.267059 371.908051 93.360115 410.560699 359.215027 94.158615 412.239349 361.871399 93.999260 411.820374 364.532471 93.835449 411.434387 369.997864 93.485992 410.758118 351.272308 94.593719 413.665192 353.915833 94.458420 413.164642 332.818268 95.111481 417.491333 335.450470 95.129723 416.918610 334.795837 93.723015 417.955780 336.479584 95.133423 416.691498 341.959869 93.878784 416.208954 340.717194 95.077446 415.778229 343.354675 94.974571 415.239380 330.180756 95.096260 418.039398 327.503143 93.558929 419.600800 327.538055 95.079552 418.561798 316.925018 94.891541 420.412384 319.584869 94.955948 419.990112 319.952179 93.386879 421.070557 322.240112 95.010223 419.538757 324.891083 95.052040 419.061584 314.260712 94.817871 420.803741 312.013153 93.208183 422.294708 311.592285 94.734406 421.163910 303.567261 94.418144 422.062256 299.093384 91.398476 424.732208 300.887360 94.289177 422.303955 298.205750 94.147652 422.518921 294.452026 91.330048 424.967316 295.523071 93.992676 422.709259 289.616364 91.261055 425.088531 290.156250 93.638832 423.024902 292.839783 93.823357 422.877136 279.429108 92.726761 423.470215 282.108795 92.985283 423.372894 284.570129 91.191589 425.087006 284.790375 93.221054 423.269806 287.472992 93.438324 423.154968 279.297150 91.121742 424.953979 273.781219 90.171410 425.518433 273.781219 92.081192 423.691254 356.563263 94.312553 412.688324 363.969543 90.495842 412.753754 349.124542 92.203194 415.349823 356.418030 90.420616 414.349213 349.124847 90.348907 416.123077 341.960358 92.090004 417.152405 334.796509 91.974838 418.945007 327.503845 91.854530 420.637573 319.952820 91.729202 422.156616 312.013641 91.599548 423.431610 312.014343 89.976738 424.503052 319.953674 90.055977 423.164062 327.504791 90.132820 421.583160 334.797363 90.206978 419.831177 341.960999 90.278442 417.981628 434.223694 88.705872 409.903168 434.236115 88.699532 409.903168 434.208160 88.647469 409.903168 434.238251 88.698250 409.903168 434.243805 88.694427 409.903168 434.247009 88.691772 409.903168 434.247864 88.690956 409.903168 434.250580 88.687920 409.903168 434.253906 88.678986 409.903168 434.253723 88.677078 409.903168 434.253204 88.675179 409.903168 434.253082 88.674835 409.903168 434.253571 88.681984 409.903168 434.253876 88.680176 409.903168 434.252747 88.684334 409.903168 434.253510 88.682312 409.903168 434.250458 88.670380 409.903168 434.252014 88.672638 409.903168 434.242340 88.663147 409.903168 434.233002 88.657661 409.903168 434.252228 88.685356 409.903168 434.246796 88.666557 409.903168 434.250214 88.670067 409.903168 434.251587 88.686455 409.903168 434.229279 88.655861 409.903168 427.087616 89.285194 409.894653 428.995636 89.164780 409.897705 431.101501 88.428108 409.901703 432.678253 88.905571 409.901978 433.471802 88.551575 409.902802 433.828003 88.786827 409.902893 434.062500 88.614975 409.903076 433.976196 88.764503 409.903015 434.201172 88.645157 409.903137 434.176727 88.722519 409.903137 434.191528 88.717979 409.903137 421.171600 89.696037 409.879211 270.367767 91.819748 422.844330 261.420593 88.143257 424.234406 264.514679 89.949631 423.048950 260.580414 88.261673 423.880829 259.951996 88.355896 423.608032 259.665894 88.400719 423.481049 259.471832 88.431908 423.393768 259.131897 88.488258 423.238434 258.836731 88.539223 423.100708 258.573456 88.586571 422.975220 258.332611 88.631721 422.857910 258.091736 88.678986 422.737701 257.402679 88.827759 422.375458 256.929413 88.944450 422.107056 256.232239 89.147209 421.670258 255.841827 89.286942 421.390991 255.300995 89.633949 420.809052 255.300552 89.638153 420.803680 255.537491 89.424141 421.136719 255.457336 89.469658 421.057770 255.370728 89.530907 420.957275 255.325455 89.577942 420.885895 255.307739 89.608810 420.842346 255.301514 89.660896 420.775513 255.308350 89.684837 420.747498 255.321320 89.710495 420.719086 267.120667 91.543671 422.103485 264.061523 91.251076 421.473267 257.243652 90.380852 420.443756 258.510742 90.586388 420.568268 261.222809 90.941154 420.960815 255.348068 89.748283 420.679413 255.398651 89.800896 420.627991 255.459732 89.849129 420.585114 255.527313 89.892410 420.550323 255.653900 89.958504 420.504089 255.757004 90.003487 420.477631 256.040405 90.103745 420.434692 256.437958 90.212700 420.415039 272.830933 91.742027 425.619476 271.308929 91.647751 424.234406 268.616547 91.237427 424.234406 331.697571 94.897652 428.674347 340.558655 94.836334 428.949036 336.499268 94.936546 424.234406 372.224243 93.655151 430.274109 370.722015 93.737213 430.014069 363.577728 94.098892 429.868958 429.560150 89.262779 434.848724 431.437561 89.124825 435.054291 430.434906 89.155838 430.014069 433.513214 88.954613 435.321594 434.063232 88.900726 435.410004 433.430237 88.906616 430.014069 434.669708 88.828087 435.532715 434.829437 88.803314 435.575623 434.345764 88.796074 430.014069 435.093567 88.733894 435.699371 435.097168 88.730957 435.704742 434.895203 88.710060 432.903900 434.895203 88.709969 432.903900 435.099091 88.729103 435.708130 435.099792 88.728294 435.709625 435.102417 88.724533 435.716522 435.103729 88.720940 435.723145 435.103882 88.720047 435.724792 435.089722 88.736511 435.694611 435.054260 88.752579 435.665497 435.062653 88.749458 435.671112 434.659760 88.722229 430.014069 435.082031 88.740898 435.686615 434.669281 88.716484 430.014069 435.085419 88.739082 435.689941 434.632660 88.733925 430.014069 434.595062 88.745872 430.014069 435.003632 88.767738 435.638336 434.934662 88.783638 435.610138 434.428070 88.859734 435.478729 432.684753 89.026627 435.206451 413.483582 90.598015 430.014069 416.024811 90.412987 433.367859 423.685455 89.670784 430.014069 422.449585 89.823410 434.084747 426.728943 89.468796 434.556519 383.521332 92.960251 430.874420 391.860809 92.376381 431.386414 392.072327 92.349052 430.014069 401.177551 91.663200 432.049133 406.353790 91.230820 432.480621 352.824524 94.544769 424.234406 347.383911 94.719940 424.234406 350.163910 94.617332 429.304047 341.942078 94.852188 424.234406 340.381195 94.881523 424.234406 327.347565 94.870369 428.562592 324.684784 94.925842 424.234406 322.560944 94.802032 428.446991 314.727692 94.726753 424.234406 313.134369 94.566917 428.203156 309.158966 94.426727 428.085327 308.375519 94.519669 424.234406 300.586426 94.038361 427.773163 303.848053 94.332024 424.234406 293.015900 93.734718 424.234406 292.684052 93.566147 427.382568 282.124329 92.881897 424.234406 285.389801 93.021431 426.895203 279.328857 92.468407 426.377167 280.573303 92.734055 424.234406 276.709015 92.327248 424.234406 273.781219 91.853638 425.806122 265.176086 90.538124 424.602356 267.335297 90.957016 424.771149 269.659454 91.324745 425.073517 265.938782 90.747200 424.234406 264.612274 90.458557 424.234406 263.866791 90.213219 424.594269 263.295837 90.107895 424.234406 263.517487 90.107399 424.615997 263.123749 89.973839 424.658112 263.071045 90.037682 424.234406 262.485229 89.711075 424.782806 262.328827 89.776390 424.234406 262.193665 89.722511 424.234406 262.361084 89.645058 424.824738 262.021210 89.646515 424.234406 262.304413 89.610397 424.849152 261.863251 89.565849 424.234406 262.176147 89.516594 424.922241 261.759308 89.505722 424.234406 261.699860 89.468666 424.234406 261.438477 89.278114 424.234406 261.974518 89.297157 425.120789 262.067078 89.413567 425.011414 261.246735 89.092674 424.234406 261.909210 89.176788 425.242340 261.934937 89.231064 425.186523 261.867828 88.960945 425.481018 261.872192 89.045441 425.384399 261.154755 88.972122 424.234406 261.875122 89.063393 425.364410 261.882904 89.098907 425.325378 261.869293 88.939423 425.506317 261.100739 88.875008 424.234406 261.876587 88.890404 425.564941 261.071014 88.795387 424.234406 261.892090 88.834343 425.633911 261.912048 88.785667 425.695435 261.060364 88.749748 424.234406 261.931274 88.748978 425.742920 261.978760 88.678986 425.836243 261.057007 88.727524 424.234406 261.053925 88.678986 424.234406 434.253906 88.678986 424.234406 434.253815 88.680885 424.234406 434.467712 88.689407 427.124237 434.253387 88.682724 424.234406 434.252594 88.684685 424.234406 434.251343 88.686882 424.234406 434.248779 88.690033 424.234406 434.675964 88.710960 430.013947 434.467712 88.689308 427.124237 434.681458 88.699638 430.014069 434.248474 88.690331 424.234406 434.243927 88.694366 424.234406 434.241516 88.696106 424.234406 434.233582 88.701004 424.234406 434.226105 88.704811 424.234406 434.204193 88.713837 424.234406 434.181763 88.721329 424.234406 434.109528 88.740166 424.234406 433.129852 88.873962 424.234406 429.928223 89.142624 424.234406 390.865082 92.388527 424.234406 352.553894 94.541679 429.399384 354.500916 94.474380 429.478851 357.716858 94.354240 424.234406 369.137604 93.801384 424.234406 377.694794 93.296150 424.234406 423.862518 89.598076 424.234406 420.837311 89.863556 424.234406 412.663666 90.608261 424.234406 395.260590 92.057724 424.234406 261.056915 88.632454 424.234406 311.638824 84.871033 434.327606 305.762238 84.989693 433.750000 299.992004 85.141731 433.079865 294.332336 85.327972 432.314056 288.789124 85.547722 431.449799 285.755829 85.685921 430.924835 283.367004 85.805878 430.483917 278.070648 86.113152 429.414459 273.781219 86.411011 428.448425 269.864349 86.747688 427.522278 267.239075 87.036522 426.912292 265.477570 87.279671 426.510864 264.293243 87.495171 426.249237 263.493530 87.680412 426.078796 263.081238 87.800194 425.994781 262.869720 87.879684 425.954590 262.630157 87.989639 425.912201 262.364136 88.145767 425.870605 262.343353 88.160187 425.867706 262.219147 88.257164 425.852142 261.281799 88.258942 424.234406 261.992920 88.655617 425.859436 261.993164 88.661308 425.860413 261.060638 88.609016 424.234406 261.995148 88.606964 425.852173 261.996338 88.598427 425.851074 261.065369 88.587379 424.234406 262.008209 88.546516 425.845703 261.111023 88.472031 424.234406 262.029388 88.492119 425.842255 261.102722 88.487938 424.234406 261.080139 88.539650 424.234406 262.194519 88.279350 425.849518 262.132477 88.342018 425.844025 261.192474 88.353477 424.234406 262.106720 88.372032 425.842377 261.135559 88.430611 424.234406 262.055420 88.443939 425.841064 262.038879 88.473030 425.841583 317.618958 84.785805 434.816864 323.700470 84.735687 435.222473 325.714691 84.562912 424.234406 331.784241 84.726845 435.633850 330.497864 84.582977 424.234406 339.893341 84.808868 435.923645 336.576721 84.660690 424.234406 348.105560 84.988281 436.112030 345.329681 84.860641 424.234406 353.143402 85.137161 436.181763 347.436096 84.921753 424.234406 352.743256 85.094719 424.234406 363.139252 85.501648 436.234222 369.144501 85.763329 424.234406 373.661835 85.961075 436.197876 384.831573 86.509308 436.104553 390.843109 86.834778 424.234406 396.889923 87.120338 435.994476 404.436798 87.472229 435.934387 412.644867 87.796738 424.234406 421.281586 88.173645 435.841858 419.201263 88.080170 424.234406 423.044373 88.241440 424.234406 427.381683 88.390800 435.816620 429.926727 88.426819 424.234406 432.004852 88.489357 424.234406 433.483795 88.558701 435.793793 428.151428 88.409637 435.812775 432.975922 88.531082 424.234406 433.909088 88.597847 424.234406 434.297852 88.601791 435.794830 434.164154 88.636406 424.234406 435.022339 88.678986 435.801941 435.033875 88.681824 435.796509 434.202789 88.646652 424.234406 435.070099 88.692894 435.775482 434.230835 88.657166 424.234406 435.083679 88.698685 435.764557 434.240784 88.662514 424.234406 435.093445 88.704277 435.754089 434.244720 88.665215 424.234406 435.099060 88.708847 435.745544 434.247986 88.667938 424.234406 434.250549 88.670670 424.234406 435.101685 88.712067 435.739563 434.251099 88.671410 424.234406 435.102509 88.713387 435.737122 435.102081 88.712708 435.738373 434.253021 88.674812 424.234406 435.103088 88.714706 435.734650 434.252380 88.673424 424.234406 434.251526 88.672050 424.234406 435.103851 88.717369 435.729736 435.103668 88.716484 435.731384 435.103546 88.716034 435.732208 434.253815 88.677589 424.234406 434.253510 88.676193 424.234406 435.103973 88.718712 435.727264 434.239838 88.697227 416.917847 434.228790 88.703430 416.917847 351.714508 94.594467 416.917847 433.868011 88.782150 416.917847 432.821899 88.897842 416.917847 429.440796 89.154213 416.917847 422.072083 89.681610 416.917847 434.154297 88.728806 416.917847 434.197571 88.716003 416.917847 434.247711 88.691086 416.917847 434.253906 88.679070 420.576141 434.252411 88.685036 416.914429 434.253906 88.678986 413.259583 259.563934 88.678986 423.481567 256.055389 90.034760 420.576141 257.446045 90.371971 420.576141 339.932587 95.077850 416.917847 345.823181 94.862816 416.917847 363.498688 93.995697 416.917847 375.285278 93.284332 416.917847 387.072418 92.481155 416.917847 410.739014 90.645248 416.917847 434.253906 88.678947 420.604370 434.253906 88.678986 420.576141 434.253906 88.678986 416.974304 434.253906 88.678986 416.917847 434.253906 88.678940 413.344238 259.566803 88.632996 423.481567 259.644501 88.433479 423.481567 259.612000 88.490150 423.481567 259.589661 88.541260 423.481567 259.575134 88.588440 423.481567 434.206085 88.647224 416.974304 369.868744 85.611229 416.974304 341.515320 84.546303 420.604370 353.807739 84.843567 416.974304 402.004303 87.248802 416.974304 385.939301 86.450966 416.974304 434.226746 88.654999 416.974304 434.234924 88.658928 416.974304 434.241669 88.662880 416.974304 434.246948 88.666862 416.974304 417.937256 87.965759 416.974304 434.068359 88.617157 416.974304 433.550690 88.561653 416.974304 431.738068 88.465721 416.974304 426.536224 88.307198 416.974304 434.250702 88.670792 416.974304 267.741669 88.660286 427.312012 273.781219 88.678986 428.848328 313.924561 93.914391 429.002441 313.898621 91.976242 431.218750 324.030487 91.726913 432.069794 284.499817 92.291130 427.499146 293.726624 92.542465 428.620789 283.696259 90.688248 428.989258 303.793640 92.248093 430.083771 344.336395 91.295853 433.079041 334.179321 91.500114 432.677032 374.809784 92.322647 431.664642 354.498840 92.730988 431.398407 395.126648 92.036583 431.708771 395.166382 90.612724 433.329834 395.207916 89.500542 434.843506 395.184662 88.678986 436.269318 434.763489 88.793190 435.593994 374.827667 90.818329 433.424164 354.497925 91.114128 433.312561 374.846313 89.607323 435.072021 354.496948 89.762634 435.107147 344.326904 89.858490 434.947266 334.162292 89.966476 434.616821 324.007355 90.086594 434.077484 313.871490 90.218826 433.288940 303.765533 90.363182 432.209259 293.701599 90.519653 430.792480 374.810333 88.678986 436.633789 354.451630 88.678986 436.813782 344.278198 88.678986 436.725403 334.111359 88.678986 436.463715 323.955597 88.678986 435.988861 313.821167 88.678986 435.258789 303.719757 88.678986 434.229950 293.664581 88.678986 432.854462 283.673584 88.678986 431.080933 218.200073 88.361977 397.462616 218.199173 88.051826 397.390442 226.079376 88.046761 395.954041 265.761719 86.122223 390.195679 257.760559 86.158279 390.716339 267.795593 83.806580 389.708130 261.694946 84.102989 389.982025 249.792786 86.189156 391.562378 253.927185 84.517967 390.653198 255.473358 84.432037 390.491913 229.761658 86.097954 394.599670 230.942963 86.009048 394.360809 233.961716 86.243698 393.946472 239.413193 85.408371 392.755096 241.862701 86.216942 392.667816 241.866592 85.246506 392.334290 247.155655 84.914101 391.511322 233.958511 87.427742 394.353577 226.079224 87.437592 395.782043 224.955521 86.486191 395.601257 215.370010 87.426865 397.660492 217.768417 87.187370 397.157196 218.197403 87.449783 397.191772 220.164001 86.946770 396.641144 222.558380 86.707985 396.118683 211.529404 87.986382 398.485992 212.005341 87.875496 398.374573 211.375305 88.029564 398.523651 212.183914 87.840149 398.334198 212.714432 87.748642 398.217316 213.776337 87.603455 397.992004 210.792740 88.344727 398.700531 210.857681 88.282043 398.675201 210.906418 88.243164 398.657684 210.955566 88.208908 398.640991 211.046402 88.155602 398.612213 211.154877 88.104927 398.580780 211.180206 88.094765 398.573822 210.689468 88.511597 398.752289 210.711838 88.458862 398.738281 218.196991 88.678986 397.513550 210.680161 88.678986 398.782196 210.675278 88.652725 398.778992 210.672516 88.607620 398.772156 210.676880 88.561157 398.763428 210.736206 88.417046 398.725677 210.760605 88.382843 398.714294 210.787521 88.350494 398.702698 257.751099 88.034966 390.990387 254.685471 88.678986 391.340607 249.782135 88.037773 391.923523 249.776779 88.678986 391.962402 241.853867 88.040298 393.122650 273.781219 86.141510 390.047760 273.781219 88.678986 390.192291 265.757996 87.389839 390.349518 265.438141 88.678986 390.423370 257.746704 88.678986 391.014282 243.204391 88.678986 392.956421 241.848541 88.678986 393.180298 233.956879 88.043106 394.497253 233.955215 88.678986 394.575623 226.216415 88.678986 396.028748 218.200958 88.678986 397.512817 241.856842 87.419136 393.007416 249.785751 87.410675 391.835388 257.754303 87.401276 390.926636 273.781219 83.543030 389.660431 310.017670 81.807129 386.129852 312.386322 81.844711 385.660522 311.426422 85.294357 386.221283 354.282349 84.050430 373.579712 356.152130 84.152397 373.020508 356.151978 85.490158 372.995331 277.414490 83.386383 389.614838 278.290100 85.170372 389.888855 278.290100 89.165627 390.149353 283.638428 92.921295 390.274414 273.781219 91.652695 390.363495 273.781219 94.488075 390.691071 289.597382 95.413109 390.205811 286.156586 95.253326 390.425354 282.712463 95.091942 390.581940 279.266083 94.931877 390.678131 273.781219 94.583549 390.701691 275.818573 94.771980 390.716064 273.781219 94.677002 390.710846 302.873291 92.895943 388.294708 299.886871 95.854424 389.148041 293.654602 92.908455 389.512787 296.464203 95.705452 389.567596 293.033691 95.564812 389.920624 311.111481 96.400200 387.288513 310.094910 96.390961 387.494141 311.426422 92.883736 386.695618 307.620850 96.302353 387.958344 303.299408 96.040970 388.665558 319.445831 92.871758 384.790894 320.151245 95.898941 385.088989 316.822296 96.144928 385.966644 313.472198 96.347054 386.774902 333.340607 95.107628 381.093170 327.063354 92.859978 382.656006 336.607880 94.892426 380.002136 341.620239 92.836807 377.997467 339.869263 94.677216 378.893646 343.128113 94.462212 377.777802 330.063507 95.315392 382.155914 326.773132 95.507179 383.180084 323.468506 95.691559 384.158691 352.109955 93.861427 374.751038 356.151978 92.813698 373.324188 356.205475 93.585785 373.439728 362.641876 93.155525 371.523590 363.738037 92.801964 371.171143 369.480072 92.703819 369.729340 376.206024 92.266144 368.240601 371.713379 89.130562 368.890656 382.236664 91.879463 367.149506 380.209900 89.127449 367.255402 382.989197 91.831505 367.029541 389.109894 91.443253 366.185211 389.359406 89.124245 365.993866 395.314636 91.055923 365.561279 399.293762 89.120979 365.181610 396.485840 90.984085 365.468781 410.144836 90.147408 364.931213 403.306610 90.573257 365.081970 399.293915 90.813927 365.278656 399.293945 86.603867 365.264801 403.535950 86.848442 365.066162 410.144836 88.698204 364.874176 410.144836 87.248901 364.931458 386.229095 85.843826 366.482422 389.359619 86.026154 366.104095 392.585785 86.214706 365.772278 396.998383 86.471519 365.411255 363.738037 85.523010 370.866913 361.718689 84.458069 371.440002 367.235535 84.764641 370.022003 371.713379 85.556725 368.964172 373.627838 85.124039 368.590942 380.209900 85.591637 367.363770 379.930908 85.481712 367.417267 343.554565 83.475685 376.961639 341.620239 85.425774 377.622681 333.309784 82.938248 380.217865 327.063354 85.361046 382.233612 331.822601 82.860794 380.672028 326.604706 82.607735 382.201721 319.445831 85.328003 384.342987 321.606934 82.379082 383.551453 316.846100 82.093651 384.703918 302.873291 85.260010 387.793213 303.834473 82.103050 387.250336 308.497711 81.837059 386.420166 293.654572 85.224854 388.983521 297.345123 82.493912 388.199127 302.832275 82.173729 387.414276 283.638428 85.188782 389.716980 284.183777 83.084213 389.366089 288.754425 85.206940 389.412079 290.845673 82.778473 388.892090 293.654572 82.656624 388.621826 363.738037 89.133606 370.824188 356.151978 89.136589 372.980499 341.620239 89.142479 377.659729 327.063354 89.148376 382.324524 319.445831 89.151367 384.462860 311.426422 89.154411 386.371185 302.873291 89.157516 387.974030 293.654602 89.160690 389.195923 288.754425 89.162315 389.640411 283.638428 89.163956 389.961365 372.835541 92.484566 368.951172 417.436554 89.671150 364.897186 430.061249 89.049713 364.877380 434.227264 88.705246 364.874176 434.228577 88.704582 364.874176 434.241516 88.696861 364.874176 434.209076 88.713127 364.874207 434.195801 88.717911 364.874207 434.078094 88.747322 364.874268 434.001923 88.761162 364.874329 433.215912 88.850792 364.874847 434.209015 88.644897 364.874207 434.228546 88.653412 364.874176 434.230560 88.654465 364.874176 434.241119 88.660866 364.874176 434.242584 88.661934 364.874176 434.242615 88.696045 364.874176 434.245148 88.663979 364.874176 434.249023 88.667809 364.874176 434.253204 88.683296 364.874176 434.252930 88.673943 364.874176 434.253479 88.675629 364.874176 434.253876 88.677673 364.874176 434.253906 88.678986 364.874176 434.253754 88.681137 364.874176 434.253082 88.683594 364.874176 434.251068 88.670456 364.874176 434.251770 88.671616 364.874176 434.251953 88.686081 364.874176 434.251099 88.687515 364.874176 434.250000 88.688995 364.874176 434.250122 88.669151 364.874176 434.246338 88.692963 364.874176 420.867096 87.896675 364.888489 432.472015 88.451714 364.875397 434.102997 88.615982 364.874268 434.191315 88.638672 364.874207 268.021942 94.397133 390.729187 211.088043 89.055405 398.646637 214.126312 89.968155 398.005768 213.106506 89.805511 398.196228 210.964005 89.197472 398.639740 210.846664 89.102722 398.675476 210.762695 89.009888 398.705872 210.714310 88.934875 398.727570 210.685883 88.869690 398.744415 210.674606 88.828697 398.754028 210.667831 88.774864 398.765472 210.670227 88.724327 398.774902 212.198059 89.622932 398.371155 211.626587 89.472549 398.487030 211.495819 89.431808 398.514648 211.375580 89.391510 398.540588 211.136932 89.296722 398.594788 211.044373 89.248390 398.617950 221.630829 90.927872 396.607666 224.728210 91.293686 396.029327 230.046844 91.821327 395.059570 243.404297 92.905151 392.873413 240.725082 92.707550 393.271820 241.862274 91.918304 393.100555 238.050003 92.500710 393.692535 235.378784 92.284142 394.132629 232.711182 92.057899 394.589264 246.087723 93.094559 392.500214 249.791885 91.889412 391.984192 251.467758 93.452072 391.841156 254.163895 93.621071 391.561249 257.759918 91.845917 391.119843 256.863953 93.784012 391.317688 262.274597 94.092949 390.945526 265.761658 91.787865 390.574280 165.379181 88.839516 347.964722 165.428391 88.861382 347.964722 174.621490 88.896912 343.324829 174.484818 88.817253 343.324829 174.524719 88.844307 343.324829 183.712952 88.870903 338.684937 183.760300 88.901695 338.684937 184.724365 89.201958 338.684937 185.115585 89.267944 338.684937 194.296051 89.339470 334.045044 351.799652 93.626091 361.884399 362.870941 92.961929 361.884399 364.156769 93.054939 352.665710 250.931808 93.417694 331.867828 242.426849 92.834106 330.752899 223.094818 92.541183 343.324829 210.836319 89.092781 325.089874 202.319901 89.073105 329.405151 202.460724 89.139587 329.405151 157.653931 88.794350 351.842987 165.335358 88.817207 347.964722 165.297226 88.794556 347.964722 410.144836 90.147408 358.837585 406.160889 90.399841 358.775360 408.672455 90.217354 361.884399 402.178101 90.641029 358.640228 417.536896 89.649193 361.884399 426.030090 89.235100 361.884399 420.865936 89.480904 358.879608 431.720886 88.957039 361.884399 432.471924 88.908607 358.893402 432.531647 88.904274 361.884399 433.579285 88.815880 358.894196 434.048218 88.753265 361.884399 434.102997 88.742195 358.894562 434.151276 88.731117 361.884399 434.191376 88.719391 358.894623 434.197723 88.717400 361.884399 434.229401 88.704262 361.884399 434.242279 88.696365 361.884399 434.242615 88.696045 358.894653 434.241760 88.696770 361.884399 434.241150 88.697128 358.894653 434.230591 88.703545 358.894623 434.250977 88.687675 361.884399 434.251099 88.687515 358.894653 434.250641 88.688194 361.884399 434.250122 88.688835 358.894653 434.247559 88.691826 361.884399 434.249023 88.690178 358.894653 434.245148 88.694016 358.894653 434.253906 88.678986 361.884399 434.253906 88.678986 358.894653 434.253723 88.681213 361.884399 434.253876 88.680305 358.894653 434.253174 88.683365 361.884399 434.253510 88.682358 358.894653 434.252197 88.685654 361.884399 434.252930 88.684036 358.894653 434.251831 88.686371 358.894653 179.441940 91.183838 361.884399 206.806503 91.509132 343.324829 160.852234 90.062424 361.884399 190.878784 90.359566 343.324829 157.653931 89.851181 361.884399 157.653931 89.801514 361.302307 166.745575 89.121826 347.964722 158.541199 89.138565 352.604614 176.862427 89.309349 343.324829 165.672760 88.942856 347.964722 157.653931 88.928879 352.083313 165.819016 88.978813 347.964722 157.653931 88.945129 352.130371 165.978317 89.010925 347.964722 157.653931 89.049080 352.564087 157.653931 89.056732 352.604401 157.653931 89.062386 352.634918 157.653931 88.888824 351.988068 165.541702 88.903481 347.964722 157.653931 88.866112 351.944336 165.482681 88.882736 347.964722 157.653931 88.850113 351.917145 157.653931 88.831726 351.889313 157.653931 88.801208 351.850494 157.653931 88.772835 351.822113 165.265091 88.771637 347.964722 157.653931 88.756538 351.809021 157.653931 88.717827 351.787292 157.653931 88.737610 351.796753 165.228882 88.736946 347.964722 165.239304 88.748535 347.964722 174.424057 88.762222 343.324829 157.653931 88.708107 351.783936 157.653931 88.717659 351.787231 165.213181 88.713730 347.964722 165.220154 88.725342 347.964722 174.403915 88.734459 343.324829 192.792160 88.788933 334.045044 192.821365 88.825417 334.045044 210.671600 88.812592 325.011200 210.683380 88.861977 325.022522 210.721466 88.947830 325.044800 210.706467 88.919525 325.037109 202.087784 88.923332 329.405151 192.857681 88.861557 334.045044 202.193985 89.000534 329.405151 210.814301 89.070442 325.082306 210.780624 89.032509 325.069977 210.750977 88.993927 325.058105 202.611710 89.198448 329.405151 210.984024 89.211044 325.134674 210.954468 89.190781 325.126373 203.475494 89.410637 329.405151 211.426712 89.409012 325.239319 203.104172 89.332932 329.405151 211.157318 89.306206 325.178925 202.768799 89.248734 329.405151 211.044342 89.248375 325.150879 197.209381 89.708023 334.045044 195.164612 89.473946 334.045044 213.565735 89.882500 325.658813 213.496246 89.871307 325.645813 212.203018 89.624084 325.398651 211.864487 89.539848 325.330841 220.908981 90.837776 327.025665 215.119965 90.106804 325.946869 157.653931 89.401764 355.893738 181.652069 89.697998 343.324829 199.496460 89.914253 334.045044 225.535034 91.380890 327.888733 233.963333 92.165367 329.395874 277.807404 94.864281 333.067657 273.781219 94.677002 333.057953 271.961700 95.225151 343.324829 281.794525 95.049202 333.155426 256.625641 93.769882 332.431152 239.394211 93.496574 343.324829 262.334534 94.096245 332.826508 268.055206 94.398819 333.040314 297.699158 95.756714 334.344971 293.733337 95.594139 333.914612 288.234589 95.975067 343.324829 289.759186 95.420486 333.574921 285.779022 95.235596 333.323273 301.653473 95.944405 334.862793 296.367798 96.400475 343.324829 305.593018 96.186409 335.463776 312.627106 96.306366 343.324829 313.447968 96.348068 336.988403 304.498657 96.702362 343.324829 311.110046 96.400200 336.480011 309.878113 96.386612 336.232025 320.753113 95.789726 343.324829 321.168182 95.831154 338.959412 317.320862 96.108025 337.929443 336.389404 94.906883 343.692993 332.608643 95.155060 342.435150 328.813690 95.390594 341.218292 324.999969 95.605255 340.057281 330.147614 95.107826 352.604614 357.330963 93.510231 350.678070 355.273804 93.648399 350.036285 347.703033 94.157761 347.550049 343.931335 94.409065 346.266022 332.403595 94.788849 361.884399 316.116150 95.776131 361.884399 399.293884 90.813934 358.490143 395.822113 91.024734 358.248596 394.223816 91.123245 358.114288 388.066040 91.509232 357.455963 386.302582 91.620956 357.225159 382.361267 91.871513 356.639435 378.435333 92.122643 355.958557 374.526978 92.374725 355.183258 370.638123 92.627953 354.315918 157.653931 89.148956 353.189362 175.932587 89.195557 343.324829 175.531769 89.135513 343.324829 175.179276 89.071640 343.324829 193.914734 89.267609 334.045044 184.377274 89.131241 338.684937 184.218689 89.089935 338.684937 175.020172 89.034889 343.324829 184.069626 89.042381 338.684937 174.872314 88.993080 343.324829 183.933182 88.989296 338.684937 174.451141 88.789856 343.324829 183.671539 88.839539 338.684937 192.900513 88.897179 334.045044 193.003738 88.966240 334.045044 210.667618 88.764923 325.001404 210.670929 88.719566 324.993103 192.770538 88.752258 334.045044 192.757050 88.715553 334.045044 174.391144 88.706673 343.324829 174.387634 88.692810 343.324829 165.207977 88.702126 347.964722 157.653931 88.697685 351.781281 157.653931 88.698318 351.781403 157.653931 88.678986 351.779053 174.386139 88.678986 343.324829 192.752228 88.678986 334.045044 210.680161 88.678986 324.986633 291.019226 97.009651 352.604614 157.653931 88.746185 351.801910 165.251373 88.760109 347.964722 183.636490 88.807747 338.684937 193.126785 89.031303 334.045044 193.265472 89.091103 334.045044 193.415543 89.144325 334.045044 193.573441 89.190132 334.045044 174.570389 88.870888 343.324829 183.813095 88.931778 338.684937 174.677628 88.922241 343.324829 174.738388 88.946785 343.324829 211.803940 93.127983 361.884399 225.704834 93.317894 352.604614 260.553619 95.286880 352.604614 277.965851 96.197166 352.604614 286.668701 96.731606 352.604614 302.956482 96.523048 361.884399 312.763184 96.101677 352.604614 293.259003 97.240356 361.884399 304.067383 96.683113 352.604614 299.718567 96.985313 352.604614 285.953949 97.576981 361.884399 295.369202 97.126335 352.604614 278.175446 97.203545 361.884399 340.161835 94.657928 344.975189 267.416412 96.433243 361.884399 256.079163 95.793480 361.884399 174.573929 88.495193 343.324829 174.626038 88.471161 343.324829 165.431839 88.504265 347.964722 202.793762 88.152946 329.405151 193.594986 88.205597 334.045044 193.433060 88.246536 334.045044 227.850479 86.245995 328.776245 231.339249 85.979553 329.487091 206.854630 86.199135 343.324829 313.494812 81.890976 338.336243 312.638733 81.751335 343.324829 304.514008 81.354713 343.324829 332.760712 82.909492 343.382446 330.148102 82.598213 352.604614 312.766968 81.614967 352.604614 358.807831 84.297813 351.519318 365.100739 84.645561 353.217224 315.736511 81.558929 361.884399 410.144836 87.248901 358.837341 419.996277 87.852661 358.878662 405.718109 86.957954 361.884399 427.217407 88.175514 361.884399 157.653931 87.506783 361.884399 173.847931 87.379951 352.604614 190.852753 86.322914 352.604614 157.653931 88.250061 353.102264 158.553268 88.248459 352.604614 163.801819 87.942238 352.604614 174.387680 88.665230 343.324829 157.653931 88.661926 351.780975 157.653931 88.647957 351.784668 165.229248 88.622009 347.964722 157.653931 88.631287 351.791565 165.239838 88.610802 347.964722 157.653931 88.628578 351.792938 165.252090 88.599678 347.964722 157.653931 88.612473 351.802612 165.266006 88.588646 347.964722 165.298630 88.566864 347.964722 157.653931 88.605873 351.807281 157.653931 88.584885 351.825104 165.337341 88.545509 347.964722 157.653931 88.566956 351.843903 157.653931 88.577240 351.832703 165.679871 88.429161 347.964722 157.653931 88.497719 351.950226 165.546921 88.465324 347.964722 157.653931 88.515198 351.917908 165.486984 88.484482 347.964722 157.653931 88.531776 351.890808 165.828094 88.396210 347.964722 157.653931 88.442879 352.082184 157.653931 88.468735 352.013519 157.653931 88.311180 352.681671 157.653931 88.324203 352.604034 157.653931 88.328979 352.576569 157.653931 87.746040 359.250153 157.653931 87.901459 357.201202 157.653931 87.963768 356.326416 434.253540 88.675880 361.884399 434.253723 88.676819 358.894653 434.253876 88.677956 361.884399 434.227936 88.652954 361.884399 434.228546 88.653412 358.894623 434.240997 88.660667 361.884399 434.241089 88.660843 358.894653 434.242279 88.661606 361.884399 434.242584 88.661934 358.894653 434.245728 88.664421 361.884399 434.246033 88.664772 358.894653 434.249390 88.668152 361.884399 434.249878 88.668808 358.894653 434.250977 88.670296 361.884399 434.251068 88.670456 358.894653 434.251556 88.671135 361.884399 434.251892 88.671753 358.894653 434.252838 88.673653 361.884399 434.253052 88.674263 358.894653 434.253204 88.674652 358.894653 428.931549 88.254280 361.884399 430.699310 88.346634 358.892059 430.277435 88.320724 361.884399 431.311035 88.376793 361.884399 431.786194 88.407707 358.892914 432.092072 88.424095 361.884399 433.579132 88.542969 358.894226 433.218689 88.507301 361.884399 434.038879 88.603523 358.894531 434.012848 88.598419 361.884399 434.153931 88.627876 358.894592 434.182129 88.635498 361.884399 434.202728 88.642570 358.894623 434.226501 88.652405 358.894623 371.338226 84.994881 354.692657 377.130402 85.322380 355.859589 394.347107 86.286659 361.884399 383.363770 85.678329 356.890320 389.667328 86.044121 357.698914 393.503571 86.268303 358.080383 400.113281 86.650932 358.549591 406.851746 87.044533 358.795044 344.124420 83.505600 346.990875 345.822540 83.595184 347.537262 352.406128 83.948486 349.616089 320.761169 82.264366 343.324829 325.339661 82.551697 341.213531 327.063416 82.628380 341.697083 319.334961 82.254913 339.649628 303.383270 82.134903 336.443939 307.548218 81.874458 337.171722 309.673126 81.810226 337.572449 271.992401 82.788383 343.324829 264.864563 83.945656 333.957581 270.728455 83.674126 334.108582 273.781219 83.543030 334.108398 280.194550 83.264488 334.228607 288.257690 82.068405 343.324829 286.482605 82.977867 334.540070 292.588562 82.702148 335.039398 240.923599 85.308136 331.275024 246.995819 84.923889 332.233948 239.437622 84.405914 343.324829 253.000763 84.570290 333.012085 258.955414 84.244637 333.589752 234.764893 85.730194 330.157959 190.921097 87.204224 343.324829 220.248581 86.938248 327.145966 223.141403 86.651878 327.776764 181.685211 87.772301 343.324829 176.885910 88.105019 343.324829 212.173660 87.842117 325.432312 213.180664 87.680252 325.651398 214.456863 87.524620 325.918518 217.354294 87.228508 326.523651 175.952148 88.203247 343.324829 193.940536 88.138756 334.045044 194.324814 88.078415 334.045044 203.134048 88.081055 329.405151 211.569458 87.975891 325.292450 211.154938 88.104912 325.188049 211.175812 88.096497 325.193756 211.375015 88.029663 325.245056 210.955505 88.208954 325.127808 210.989792 88.187469 325.138947 211.052353 88.152496 325.158386 193.206345 88.320030 334.045044 174.811539 88.403893 343.324829 193.136871 88.347565 334.045044 174.745270 88.425430 343.324829 193.071381 88.376450 334.045044 174.683289 88.447876 343.324829 193.010391 88.406548 334.045044 192.954575 88.437744 334.045044 192.904388 88.469955 334.045044 175.549316 88.255440 343.324829 304.073029 81.035385 352.604614 299.725189 80.733292 352.604614 239.168610 82.589111 361.884399 225.726944 84.320633 352.604614 255.515213 81.598564 361.884399 260.569122 82.408867 352.604614 268.734283 80.847916 361.884399 277.977448 81.514000 352.604614 278.495544 80.129440 361.884399 219.714630 83.755493 361.884399 209.168030 84.388168 361.884399 186.899765 85.724297 361.884399 165.208038 88.656029 347.964722 174.391220 88.651535 343.324829 165.213303 88.644623 347.964722 174.404236 88.624367 343.324829 165.220398 88.633278 347.964722 157.653931 88.548019 351.867432 165.381851 88.524628 347.964722 174.527328 88.519913 343.324829 174.486679 88.545258 343.324829 174.452347 88.571159 343.324829 174.424728 88.597549 343.324829 193.279205 88.293953 334.045044 174.955322 88.363884 343.324829 174.881683 88.383354 343.324829 192.757172 88.642776 334.045044 192.770981 88.606972 334.045044 192.793167 88.571686 334.045044 192.823151 88.537018 334.045044 192.860397 88.503075 334.045044 175.032104 88.345497 343.324829 175.193939 88.312065 343.324829 165.989456 88.366615 347.964722 166.760452 88.267204 347.964722 157.653931 88.412437 352.181885 193.354919 88.269447 334.045044 210.869263 88.272308 325.097870 210.868118 88.273262 325.097443 210.828491 88.308395 325.082550 210.781036 88.357918 325.063385 210.760620 88.382843 325.054504 210.729477 88.427620 325.039825 210.709915 88.462662 325.029449 210.697891 88.489113 325.022247 210.683884 88.529930 325.012177 210.674011 88.582329 325.001190 210.673218 88.633064 324.992615 286.678253 80.984123 352.604614 291.027802 80.707565 352.604614 285.953949 79.780983 361.884399 304.491425 80.924721 361.884399 293.759857 80.156578 361.884399 295.376770 80.591843 352.604614 296.386993 81.651833 343.324829 298.354492 82.444672 335.699554 157.653931 87.562370 362.455933 157.653931 87.987244 367.766663 157.653931 89.478889 366.772217 157.653931 89.652023 364.327332 157.653931 88.813026 371.904327 157.653931 88.824150 371.889954 157.653931 88.606895 371.962280 157.653931 88.324402 371.165924 157.653931 89.047104 371.214935 157.653931 88.219856 370.422668 157.653931 89.129593 370.718445 157.653931 89.403076 367.857117 157.653931 88.567001 371.924988 157.653931 88.575645 371.934448 157.653931 88.468742 371.755310 157.653931 88.486382 371.795349 157.653931 88.501396 371.825745 157.653931 88.425667 371.633148 157.653931 88.831268 371.880127 157.653931 88.849663 371.852386 157.653931 88.584869 371.943695 157.653931 88.603111 371.959442 157.653931 88.866425 371.823944 157.653931 88.878860 371.800720 157.653931 88.375237 371.431427 157.653931 88.898865 371.759247 157.653931 88.924118 371.698273 157.653931 88.928711 371.685974 157.653931 88.959267 371.592834 157.653931 89.047081 371.215057 157.653931 88.531990 371.878326 157.653931 88.546616 371.899475 157.653931 88.712105 371.983612 157.653931 88.727470 371.977356 157.653931 88.627197 371.975159 157.653931 88.621826 371.972137 157.653931 88.733398 371.974365 157.653931 88.746902 371.966431 157.653931 88.758171 371.958588 157.653931 88.775795 371.944092 157.653931 88.791016 371.929352 157.653931 88.662041 371.987854 157.653931 88.678986 371.989746 157.653931 88.696884 371.987701 157.653931 88.645302 371.983215 312.763184 96.101677 371.164215 330.147614 95.107826 371.164215 184.724365 89.201958 385.083893 185.115585 89.267944 385.083893 175.932587 89.195557 380.444000 223.094818 92.541183 380.444000 320.753113 95.789726 380.444000 165.265091 88.771637 375.804108 165.297226 88.794556 375.804108 174.387634 88.692810 380.444000 165.228882 88.736946 375.804108 165.239304 88.748535 375.804108 165.251373 88.760109 375.804108 165.335358 88.817207 375.804108 165.379181 88.839516 375.804108 165.541702 88.903481 375.804108 165.672760 88.942856 375.804108 165.819016 88.978813 375.804108 165.978317 89.010925 375.804108 166.745575 89.121826 375.804108 158.541199 89.138565 371.164215 181.652069 89.697998 380.444000 190.878784 90.359566 380.444000 312.627106 96.306366 380.444000 304.498657 96.702362 380.444000 296.367798 96.400475 380.444000 288.234589 95.975067 380.444000 271.961700 95.225151 380.444000 239.394211 93.496574 380.444000 206.806503 91.509132 380.444000 197.209381 89.708023 389.723785 199.496460 89.914253 389.723785 203.475494 89.410637 394.363678 202.193985 89.000534 394.363678 202.087784 88.923332 394.363678 192.752228 88.678986 389.723785 176.862427 89.309349 380.444000 195.164612 89.473946 389.723785 202.768799 89.248734 394.363678 203.104172 89.332932 394.363678 193.914734 89.267609 389.723785 194.296051 89.339470 389.723785 174.872314 88.993080 380.444000 174.738388 88.946785 380.444000 174.677628 88.922241 380.444000 183.813095 88.931778 385.083893 175.531769 89.135513 380.444000 184.377274 89.131241 385.083893 193.573441 89.190132 389.723785 184.218689 89.089935 385.083893 193.415543 89.144325 389.723785 184.069626 89.042381 385.083893 193.265472 89.091103 389.723785 183.933182 88.989296 385.083893 193.126785 89.031303 389.723785 165.482681 88.882736 375.804108 165.428391 88.861382 375.804108 174.621490 88.896912 380.444000 174.570389 88.870888 380.444000 183.760300 88.901695 385.083893 183.712952 88.870903 385.083893 174.451141 88.789856 380.444000 183.636490 88.807747 385.083893 174.484818 88.817253 380.444000 183.671539 88.839539 385.083893 174.524719 88.844307 380.444000 192.900513 88.897179 389.723785 193.003738 88.966240 389.723785 202.611710 89.198448 394.363678 202.460724 89.139587 394.363678 202.319901 89.073105 394.363678 192.757050 88.715553 389.723785 192.770538 88.752258 389.723785 192.792160 88.788933 389.723785 192.821365 88.825417 389.723785 192.857681 88.861557 389.723785 174.386139 88.678986 380.444000 165.207977 88.702126 375.804108 174.391144 88.706673 380.444000 165.213181 88.713730 375.804108 174.403915 88.734459 380.444000 165.220154 88.725342 375.804108 174.424057 88.762222 380.444000 175.020172 89.034889 380.444000 175.179276 89.071640 380.444000 286.668701 96.731606 371.164215 277.965851 96.197166 371.164215 260.553619 95.286880 371.164215 225.704834 93.317894 371.164215 291.019226 97.009651 371.164215 295.369202 97.126335 371.164215 299.718567 96.985313 371.164215 304.067383 96.683113 371.164215 296.386993 81.651833 380.444000 288.257690 82.068405 380.444000 277.977448 81.514000 371.164215 166.760452 88.267204 375.804108 158.553268 88.248459 371.164215 194.324814 88.078415 389.723785 175.952148 88.203247 380.444000 176.885910 88.105019 380.444000 202.793762 88.152946 394.363678 163.801819 87.942238 371.164215 173.847931 87.379951 371.164215 165.679871 88.429161 375.804108 165.431839 88.504265 375.804108 165.381851 88.524628 375.804108 165.337341 88.545509 375.804108 165.266006 88.588646 375.804108 165.252090 88.599678 375.804108 165.239838 88.610802 375.804108 165.220398 88.633278 375.804108 165.213303 88.644623 375.804108 165.208038 88.656029 375.804108 174.387680 88.665230 380.444000 192.757172 88.642776 389.723785 174.391220 88.651535 380.444000 174.404236 88.624367 380.444000 192.770981 88.606972 389.723785 192.793167 88.571686 389.723785 192.860397 88.503075 389.723785 192.954575 88.437744 389.723785 192.904388 88.469955 389.723785 193.010391 88.406548 389.723785 193.071381 88.376450 389.723785 203.134048 88.081055 394.363678 181.685211 87.772301 380.444000 190.921097 87.204224 380.444000 206.854630 86.199135 380.444000 239.437622 84.405914 380.444000 271.992401 82.788383 380.444000 304.514008 81.354713 380.444000 320.761169 82.264366 380.444000 312.638733 81.751335 380.444000 330.148102 82.598213 371.164215 174.424728 88.597549 380.444000 174.452347 88.571159 380.444000 175.193939 88.312065 380.444000 193.594986 88.205597 389.723785 193.433060 88.246536 389.723785 312.766968 81.614967 371.164215 304.073029 81.035385 371.164215 299.725189 80.733292 371.164215 286.678253 80.984123 371.164215 225.726944 84.320633 371.164215 260.569122 82.408867 371.164215 190.852753 86.322914 371.164215 165.229248 88.622009 375.804108 192.823151 88.537018 389.723785 174.486679 88.545258 380.444000 165.298630 88.566864 375.804108 165.828094 88.396210 375.804108 175.032104 88.345497 380.444000 174.955322 88.363884 380.444000 174.881683 88.383354 380.444000 165.546921 88.465324 375.804108 165.486984 88.484482 375.804108 174.811539 88.403893 380.444000 174.745270 88.425430 380.444000 174.683289 88.447876 380.444000 174.626038 88.471161 380.444000 174.573929 88.495193 380.444000 174.527328 88.519913 380.444000 193.136871 88.347565 389.723785 193.206345 88.320030 389.723785 193.279205 88.293953 389.723785 193.354919 88.269447 389.723785 193.940536 88.138756 389.723785 175.549316 88.255440 380.444000 165.989456 88.366615 375.804108 295.376770 80.591843 371.164215 291.027802 80.707565 371.164215 278.290100 85.227509 333.872253 283.638428 85.245544 334.044647 319.445831 92.918915 338.971283 399.293762 89.169029 358.586212 410.144836 88.698196 358.894653 389.359406 89.172615 357.773926 380.209900 89.176132 356.512390 371.713379 89.179550 354.877136 363.738037 89.182884 352.943573 363.738037 92.849228 352.589966 356.151978 92.860947 350.437103 341.620239 92.884010 345.764160 327.063354 92.907150 341.105988 311.426422 92.930870 337.066772 302.873291 92.943069 335.467865 293.654602 92.955559 334.250000 283.638428 92.968384 333.488586 273.781219 91.749352 333.395355 293.654602 85.280876 334.779053 302.873291 85.315315 335.970337 311.426422 85.348953 337.543213 319.445831 85.381905 339.422424 327.063354 85.414268 341.532684 341.620239 85.477676 346.145264 356.151978 85.540756 350.774200 363.738037 85.572937 352.903473 371.713379 85.605957 354.807129 380.209900 85.640137 356.408630 356.151978 89.186165 350.787231 341.620239 89.192635 346.108002 327.063354 89.199104 341.443176 319.445831 89.202393 339.304810 311.426422 89.205734 337.396484 302.873291 89.209145 335.793640 293.654602 89.212631 334.571747 283.638428 89.216217 333.806274 278.290100 89.218048 333.618256 273.781219 88.678986 333.576538 273.781219 86.141510 333.721069 218.199921 88.362198 326.306091 218.200806 88.678986 326.255981 226.216415 88.678986 327.740082 241.853760 88.040619 330.646027 243.204391 88.678986 330.812408 249.776413 88.678986 331.806366 241.862625 86.217903 331.100342 249.792725 86.189949 332.205902 218.196136 88.678986 326.255127 265.761658 86.122643 333.572937 218.199020 88.052254 326.378204 218.197250 87.450554 326.576660 226.079086 87.438316 327.986420 226.078964 86.848244 328.208160 257.760529 86.158890 333.052094 241.859695 86.813179 330.917938 249.785675 87.411171 331.933197 257.754242 87.401672 332.842010 265.757996 87.390121 333.419220 226.079239 88.047157 327.814606 233.958420 87.428406 329.414917 233.956757 88.043472 329.271423 241.856750 87.419716 330.761108 249.782074 88.038048 331.845184 254.685471 88.678986 332.428223 265.438141 88.678986 333.345459 233.955109 88.678986 329.193176 241.848053 88.678986 330.588440 265.761536 91.787918 333.194580 241.861771 91.918152 330.668213 249.791504 91.889320 331.784607 257.759674 91.845894 332.648987 261.253937 89.100853 424.234406 344.736877 94.758675 429.097412 329.497101 94.888451 428.616272 325.612518 94.936546 424.234406 327.345825 94.870354 428.562531 318.971405 94.829842 424.234406 261.056366 88.722160 424.234406 261.069305 88.789238 424.234406 261.097443 88.867668 424.234406 261.148895 88.962990 424.234406 261.238007 89.082550 424.234406 261.386658 89.233299 424.234406 261.688538 89.461380 424.234406 262.119812 89.466682 424.964447 262.127594 89.694611 424.234406 262.644531 89.893753 424.234406 263.130066 89.976112 424.657257 264.498383 90.431503 424.234406 266.386078 90.784096 424.680969 265.914093 90.742157 424.234406 310.303375 94.469627 428.120575 305.554779 94.278061 427.965485 292.009949 93.667419 424.234406 296.084351 93.783691 427.565338 283.648926 92.873512 426.757141 272.269745 91.780350 424.234406 268.430542 91.206512 424.234406 382.622101 92.973053 424.234406 422.147034 89.744728 424.234406 423.053192 89.665909 424.234406 432.979309 88.889366 424.234406 262.890015 87.596695 424.539032 433.628387 88.571953 424.234406 434.009918 88.584412 435.794098 427.246521 88.362244 424.234406 375.958801 86.069626 436.181641 357.476288 85.285004 436.217316 360.155304 85.375046 424.234406 333.852661 84.737816 435.718414 313.152924 84.846069 434.460449 314.401672 84.632195 424.580261 308.486115 84.930359 434.030304 302.915802 85.060081 433.432770 301.308136 84.923012 426.323242 293.003418 85.377220 432.117584 292.248596 85.245216 426.969818 283.442657 85.801910 430.498260 283.076904 85.691132 427.197601 273.762665 86.412422 428.444000 272.783081 86.408333 426.813232 267.624756 86.989731 427.001190 264.845703 87.229027 424.967743 264.559845 87.441422 426.307312 262.703949 87.953239 425.924866 261.152527 88.405518 424.234406 261.111053 88.472046 424.234406 261.262482 88.277557 424.234406 261.203339 88.340622 424.234406 261.080048 88.539955 424.234406 261.055634 88.643898 424.234406 257.506409 88.803902 422.431976 267.849365 91.608406 422.263702 256.463501 89.074829 421.821960 256.965332 88.935104 422.128082 434.252411 88.685028 416.914429 434.247681 88.691101 416.917847 366.160583 93.733162 411.216064 376.911407 93.023392 410.142090 380.362885 92.786499 409.936768 434.204926 88.713409 409.903137 434.071045 88.747398 409.903076 433.827942 88.786835 409.902893 432.678101 88.905579 409.901978 428.994812 89.164833 409.897705 421.170197 89.696144 409.879211 262.452972 91.081070 421.172913 326.111908 84.469658 422.217102 343.004120 84.422729 417.891327 339.610779 84.392929 418.799103 357.154358 84.916023 414.339264 379.414337 85.999741 410.692596 370.959808 85.562508 411.715576 431.490601 88.443832 409.901886 425.876556 88.256195 409.899017 416.758759 87.859596 409.887604 396.670410 86.894737 409.905670 434.049133 88.612808 409.903076 433.478668 88.552116 409.902802 259.478394 93.936127 332.650696 231.483200 91.950272 328.964386 174.728928 90.903481 361.884399 434.228577 88.704582 358.894623 434.209076 88.713127 358.894623 434.023682 88.757439 358.894501 434.078094 88.747322 358.894531 431.786499 88.953506 358.892883 426.233887 89.230240 358.887543 415.191589 89.791237 361.884399 415.604706 89.784531 358.866089 415.128174 89.795242 361.884399 397.178925 90.903481 361.884399 361.419342 93.236900 351.896912 341.766510 94.228813 361.884399 316.313660 95.764191 361.884399 297.497528 96.898804 361.884399 308.355103 96.336517 335.943207 239.257111 94.774124 361.884399 212.196274 89.622513 325.397308 213.536423 89.877792 325.653320 215.072296 90.100418 325.938049 220.517166 90.788544 326.952087 273.607391 96.836411 361.884399 276.685181 97.083565 361.884399 212.063522 87.863686 325.407440 212.165024 87.843773 325.430359 214.145767 87.559814 325.853821 243.547028 85.138618 331.708557 240.475815 85.337654 331.198303 236.555237 85.603928 330.495667 269.074432 83.747986 334.088287 260.664490 84.155685 333.717682 252.162277 84.618134 332.914734 334.928406 83.023613 344.052734 324.258179 82.503769 340.917419 315.584595 82.010391 338.783142 306.804443 81.911667 337.035706 300.077332 82.351967 335.936127 291.774750 82.737450 334.961426 282.915955 83.142288 334.338623 345.226929 83.337120 361.884399 355.213715 84.101181 350.469238 328.701508 82.348183 361.884399 323.028961 82.005486 361.884399 386.023651 85.831917 357.259613 373.186737 85.099121 355.086823 364.273102 84.599548 353.005280 404.885284 86.907806 361.884399 402.927094 86.813087 358.679779 409.368683 87.185112 361.884399 415.604218 87.602310 358.867554 420.522858 87.870399 361.884399 426.233826 88.138763 358.887817 434.084595 88.611732 361.884399 433.698303 88.555061 361.884399 431.786316 88.407715 358.892914 433.141876 88.500671 361.884399 423.183685 87.996925 361.884399 434.207825 88.644226 361.884399 434.230103 88.654060 361.884399 434.253906 88.678673 361.884399 434.253723 88.676628 361.884399 434.253143 88.674461 361.884399 434.252075 88.672066 361.884399 434.250275 88.669266 361.884399 434.247284 88.665855 361.884399 157.653931 88.240364 353.177856 157.653931 87.995773 355.885742 157.653931 87.563454 361.301544 157.653931 88.366554 352.378632 295.222687 80.274406 361.884399 293.457733 80.132957 361.884399 283.056885 79.844566 361.884399 269.439697 80.805260 361.884399 248.627594 82.020844 361.884399 199.529388 84.966454 361.884399 157.653931 88.310776 371.084625 157.653931 89.801720 362.464142 157.653931 89.403534 367.850800 157.653931 89.153656 370.544373 157.653931 89.056725 371.164490 157.653931 88.371620 371.414429 213.558456 89.881332 398.111389 212.190674 89.621208 398.372620 220.162186 90.743820 396.883392 213.801620 89.919464 398.066040 365.395630 92.972893 370.768707 391.720642 91.279083 365.894806 415.604706 89.784531 364.902740 433.579285 88.815880 364.874603 431.786499 88.953506 364.875946 426.233887 89.230240 364.881287 211.625046 89.472092 398.487335 336.154327 83.088409 379.331573 256.490631 84.376411 390.393188 265.253998 83.926788 389.794189 275.877319 83.452850 389.640228 244.286346 85.091797 391.942719 249.168488 84.792976 391.231689 426.233826 88.138763 364.881012 431.786316 88.407715 364.875885 433.579132 88.542969 364.874603 434.023682 88.600845 364.874298 371.654694 85.012711 369.007233 374.585968 85.178200 368.397125 383.538452 85.688377 366.852966 400.728271 86.686272 365.187317 415.604187 87.602310 364.901276 350.710083 83.856720 374.679535 365.516327 84.668701 370.446533 317.398102 82.130760 384.577606 324.377899 82.509109 382.818909 326.929169 82.622314 382.109863 305.184845 82.010155 387.020660 310.838501 81.809143 385.969696 285.491699 83.023781 389.291321 294.880096 82.604286 388.490295 435.093842 88.733688 288.069061 435.097168 88.730957 288.064056 434.895203 88.710060 290.864929 435.098969 88.729202 288.060852 435.102173 88.725014 288.053162 434.895203 88.709969 290.864899 435.102844 88.723694 288.050751 435.103882 88.720047 288.044037 435.089722 88.736511 288.074219 434.595062 88.745872 293.754761 435.068970 88.746941 288.093140 434.632660 88.733925 293.754761 435.083405 88.740196 288.080902 434.659760 88.722229 293.754761 434.669281 88.716484 293.754761 434.582275 88.840149 288.256714 434.963348 88.777443 288.147675 435.026062 88.761589 288.119476 434.345764 88.796074 293.754761 433.430237 88.906616 293.754761 434.409546 88.861969 288.293793 430.434906 89.155838 293.754761 432.144470 89.070221 288.630280 423.685455 89.670784 293.754761 423.041870 89.770447 289.614532 413.483582 90.598015 293.754761 404.834564 91.359451 291.416595 392.072327 92.349052 293.754761 387.412292 92.694252 292.660919 370.722015 93.737213 293.754761 368.250519 93.869003 293.683197 352.040314 94.558586 294.388031 318.971405 94.829842 299.534393 315.124390 94.627769 295.509491 325.612518 94.936546 299.534393 327.347656 94.870338 295.204529 336.499268 94.936546 299.534393 292.009949 93.667419 299.534393 301.934448 94.107506 295.939087 303.848053 94.332024 299.534393 305.562775 94.278374 295.802002 313.198395 94.568932 295.562531 273.781219 91.853638 297.962708 281.017181 92.633644 297.236572 282.124329 92.881897 299.534393 283.413025 92.852821 297.030853 291.211670 93.464943 296.472900 272.269745 91.780350 299.534393 268.430542 91.206512 299.534393 266.621674 90.828506 299.067596 265.914093 90.742157 299.534393 263.812897 90.197578 299.172028 264.498383 90.431503 299.534393 263.295837 90.107895 299.534393 263.088135 89.960899 299.105835 262.536987 89.735748 299.000183 261.699860 89.468666 299.534393 262.171204 89.512459 298.843170 261.863251 89.565849 299.534393 262.299286 89.607094 298.917267 262.021210 89.646515 299.534393 262.360992 89.645004 298.944031 262.127594 89.694611 299.534393 262.455322 89.696167 298.977081 262.328827 89.776390 299.534393 262.644531 89.893753 299.534393 261.943665 89.247047 298.598419 261.957336 89.270317 298.621643 261.386658 89.233299 299.534393 262.040588 89.383881 298.730316 261.688538 89.461380 299.534393 262.119781 89.466682 298.804382 262.150177 89.494385 298.828064 261.893799 89.135788 298.483185 261.238007 89.082550 299.534393 261.882904 89.098923 298.443451 261.869995 89.027863 298.364685 261.148895 88.962990 299.534393 261.867493 88.987892 298.319092 261.097443 88.867668 299.534393 261.879547 88.877243 298.187866 261.069305 88.789238 299.534393 261.897461 88.819633 298.116486 261.921204 88.767288 298.049713 261.060364 88.749748 299.534393 261.931152 88.749199 298.026184 261.978760 88.678986 297.932587 261.056366 88.722160 299.534393 261.053925 88.678986 299.534393 434.253906 88.678986 299.534393 434.253815 88.680885 299.534393 434.467712 88.689407 296.644592 434.253387 88.682724 299.534393 434.252594 88.684685 299.534393 434.251343 88.686882 299.534393 434.248779 88.690033 299.534393 434.675964 88.710960 293.754883 434.467712 88.689308 296.644592 434.681458 88.699638 293.754761 434.248474 88.690331 299.534393 434.243927 88.694366 299.534393 434.241516 88.696106 299.534393 434.233582 88.701004 299.534393 434.226105 88.704811 299.534393 434.204193 88.713837 299.534393 434.181763 88.721329 299.534393 434.109528 88.740166 299.534393 331.554718 94.897324 295.096588 336.709167 94.881424 294.944824 347.383911 94.719940 299.534393 369.137604 93.801384 299.534393 382.622101 92.973053 299.534393 422.147034 89.744728 299.534393 423.053192 89.665909 299.534393 429.928223 89.142624 299.534393 432.979309 88.889366 299.534393 433.129852 88.873962 299.534393 435.101929 88.712440 288.029938 434.251526 88.672050 299.534393 434.252380 88.673424 299.534393 435.022339 88.678986 287.966888 434.164154 88.636406 299.534393 434.202789 88.646652 299.534393 433.909088 88.597847 299.534393 435.086395 88.700050 288.006805 435.074280 88.694511 287.996399 435.057556 88.688560 287.985138 434.230835 88.657166 299.534393 434.240784 88.662514 299.534393 435.094086 88.704720 288.015564 434.244720 88.665215 299.534393 435.098907 88.708702 288.022980 434.247986 88.667938 299.534393 434.250549 88.670670 299.534393 435.101685 88.712067 288.029236 434.251099 88.671410 299.534393 435.103546 88.716034 288.036621 435.103516 88.715935 288.036407 435.103088 88.714706 288.034149 434.253815 88.677589 299.534393 434.253021 88.674812 299.534393 434.253510 88.676193 299.534393 435.103851 88.717369 288.039093 435.103973 88.718704 288.041534 435.103943 88.719368 288.042755 306.312103 84.977097 289.960449 307.312195 84.765625 298.123810 314.472565 84.826187 289.197632 316.371216 84.605148 299.534393 328.461090 84.721695 288.287750 273.781219 86.411011 295.320404 275.119232 86.225227 296.676727 283.879181 85.779259 293.188263 284.802124 85.596085 296.583679 294.734283 85.313492 291.396637 288.940613 85.390717 296.669861 298.222137 85.020683 297.175598 269.055847 86.829727 296.435547 266.773621 86.974846 298.361603 273.781219 86.333733 296.718689 267.611115 86.991364 296.770782 264.667755 87.420609 297.437866 265.476929 87.138809 298.658295 263.354004 87.717468 297.718994 262.422455 87.715271 299.327515 263.081360 87.800148 297.773987 261.931396 87.881554 299.423523 262.729950 87.940971 297.839417 261.779724 87.949287 299.450592 262.402985 88.119904 297.892639 261.545227 88.074417 299.489197 261.065369 88.587379 299.534393 261.993164 88.661308 297.908417 261.056915 88.632454 299.534393 261.080139 88.539650 299.534393 262.002197 88.568390 297.921112 261.994690 88.610992 297.916138 261.102722 88.487938 299.534393 262.020660 88.511948 297.925537 262.010101 88.540619 297.923584 261.135559 88.430611 299.534393 262.055298 88.444092 297.927765 262.038910 88.472984 297.927246 261.465637 88.124382 299.501129 262.343781 88.159882 297.901062 261.420593 88.143257 299.534393 262.201935 88.272522 297.918549 261.281799 88.258942 299.534393 262.132355 88.342163 297.924805 261.192474 88.353477 299.534393 262.115814 88.361076 297.925934 262.080139 88.406708 297.927551 415.137817 87.902870 287.902374 395.258392 87.039131 287.760254 390.843109 86.834778 299.534393 375.949097 86.069160 287.587097 360.155304 85.375046 299.534393 355.500854 85.215508 287.565094 347.436096 84.921753 299.534393 343.080566 84.868256 287.760315 330.497864 84.582977 299.534393 325.714691 84.562912 299.534393 420.076324 88.117813 287.923065 423.044373 88.241440 299.534393 424.342285 88.299316 287.938110 427.932251 88.404366 287.954956 427.246521 88.362244 299.534393 430.883087 88.475296 287.968506 432.004852 88.489357 299.534393 433.202789 88.547012 287.974854 434.718353 88.635658 287.971588 433.628387 88.571953 299.534393 434.239838 88.697227 306.850922 434.228790 88.703430 306.850922 434.253906 88.679070 303.192657 434.247711 88.691086 306.850922 332.524170 95.109512 306.214935 329.886047 95.094658 305.669891 273.781219 92.081192 300.077576 266.761749 91.511131 301.742889 259.563934 88.678986 300.287262 257.600677 88.782692 301.286133 258.091736 88.678986 301.031128 257.466492 88.813011 301.358490 256.951416 88.938713 301.648865 256.474518 89.071526 301.939819 256.105499 89.189728 302.185516 255.893616 89.266716 302.338562 255.507584 89.440353 302.660583 255.395737 89.511063 302.779816 255.348450 89.551399 302.843353 255.320847 89.584503 302.892426 255.300949 89.657066 302.988678 255.300552 89.653038 302.983765 255.301529 89.630348 302.955109 255.308548 89.606895 302.923828 255.403549 89.805244 303.144867 255.356628 89.758484 303.099731 255.320862 89.709740 303.048920 255.306839 89.680916 303.016846 255.778809 90.012260 303.295837 255.578751 89.921089 303.239563 256.055450 90.034760 303.192657 255.474655 89.859390 303.192291 257.446106 90.371971 303.192657 257.075623 90.349442 303.335876 256.098724 90.121536 303.339325 259.039978 90.662506 303.134552 258.249695 90.547157 303.230621 263.409424 91.183739 302.420227 279.130188 92.696274 300.287781 281.809601 92.957642 300.384918 297.906403 94.131042 301.227448 295.223602 93.974510 301.039764 292.540253 93.803528 300.874237 289.856781 93.617264 300.728546 287.173553 93.414917 300.600311 284.490997 93.195717 300.487030 313.963074 94.809059 302.923340 311.294220 94.724442 302.566650 308.621826 94.629143 302.240692 305.946320 94.522606 301.944855 303.268250 94.404358 301.678223 300.588104 94.274017 301.439575 324.595428 95.048073 304.652832 321.943970 95.004738 304.178314 319.288208 94.949234 303.730072 316.627869 94.883774 303.311218 327.242828 95.077164 305.150177 339.932678 95.077850 306.850922 335.156860 95.128059 306.785522 340.422211 95.086197 307.929108 350.976746 94.608238 310.046326 348.336578 94.735336 309.526459 351.714539 94.594460 306.850922 345.697906 94.862282 308.999176 343.059479 94.987816 308.469879 363.498718 93.995697 306.850922 356.266815 94.329330 311.028503 353.619843 94.474121 310.549286 364.234467 93.854004 312.292969 361.573914 94.017319 311.903137 358.918091 94.176155 311.480652 380.362885 92.786499 313.832031 374.926392 93.158058 313.477783 387.072449 92.481155 306.850922 373.300385 93.267349 313.338989 371.908112 93.360115 313.208130 410.144836 90.588509 313.949310 396.414673 91.635139 314.064270 393.728363 91.836296 314.077209 391.041687 92.033249 314.077606 385.667694 92.416702 314.017487 383.970123 92.535736 313.974548 410.739014 90.645248 306.850922 422.072083 89.681610 306.850922 421.170227 89.696144 313.889618 429.440796 89.154213 306.850922 428.994812 89.164833 313.871124 432.821899 88.897842 306.850922 432.678131 88.905579 313.866852 433.868011 88.782150 306.850922 433.828003 88.786835 313.865906 434.154297 88.728806 306.850922 434.025177 88.756050 313.865784 434.197571 88.716003 306.850922 434.201416 88.714653 313.865662 434.238251 88.698250 313.865662 434.230011 88.702858 313.865662 434.226074 88.704773 313.865662 434.250488 88.687988 313.865631 434.252228 88.685356 313.865631 434.253906 88.678986 310.509186 434.247223 88.691582 313.865631 434.247009 88.691772 313.865631 434.242950 88.695107 313.865662 434.253906 88.678986 313.865631 434.253815 88.680893 313.865631 434.253357 88.682808 313.865631 434.253235 88.683151 313.865631 434.253906 88.678947 303.180145 434.253906 88.678986 306.825897 434.253906 88.678986 306.850922 434.252411 88.685036 306.854370 434.253906 88.678940 310.471649 434.253906 88.678986 303.192657 410.144836 87.530190 313.895294 417.931946 87.965279 306.825897 399.910919 87.052185 313.891541 401.993439 87.247841 306.825897 390.550781 86.585358 313.736572 381.856964 86.128319 313.284576 369.847076 85.609436 306.825897 378.581818 85.956055 312.996307 370.071564 85.517799 311.918762 347.570068 84.563080 307.075836 352.958069 84.751877 308.437408 353.780792 84.841339 306.825897 356.418182 84.885468 309.260956 362.954773 85.174004 310.664276 336.105103 84.412819 304.035095 332.057617 84.430916 302.989990 322.358521 84.514465 300.718384 434.252930 88.674492 313.865631 434.253571 88.676338 313.865631 434.253876 88.678123 313.865631 434.248108 88.667801 313.865631 434.248779 88.668472 313.865631 434.250458 88.670380 313.865631 434.250854 88.670891 313.865631 434.243256 88.663788 313.865662 434.246246 88.666122 313.865631 434.246948 88.666862 306.825897 434.241455 88.662529 313.865662 434.241638 88.662880 306.825897 434.234924 88.658920 306.825897 434.229370 88.655891 313.865662 434.226746 88.654991 306.825897 434.213623 88.649406 313.865662 434.201172 88.645157 313.865662 416.758759 87.859596 313.881195 425.876526 88.256195 313.869781 426.533203 88.306961 306.825897 431.490601 88.443832 313.866913 431.736938 88.465622 306.825897 433.478668 88.552116 313.866028 433.550385 88.561607 306.825897 434.101440 88.621758 313.865723 434.068237 88.617142 306.825897 434.206055 88.647209 306.825897 434.250702 88.670784 306.825897 339.620056 84.392906 304.972198 434.252289 88.673157 313.865631 259.644501 88.433479 300.287262 259.665894 88.400719 300.287781 259.951996 88.355896 300.160797 259.471832 88.431908 300.375061 259.612000 88.490150 300.287262 259.131897 88.488258 300.530396 259.589661 88.541260 300.287262 258.836731 88.539223 300.668121 259.575134 88.588440 300.287262 258.573456 88.586571 300.793610 259.566803 88.632996 300.287262 258.332611 88.631721 300.910919 260.580414 88.261673 299.888000 600.791382 89.112213 416.159485 600.791382 89.112213 434.457275 600.837463 89.106544 434.457275 600.837463 89.106544 416.159485 600.881897 89.093140 434.457275 600.881897 89.093140 416.159485 600.923401 89.072403 434.457275 600.923401 89.072403 416.159485 600.960815 89.044922 434.457275 600.960815 89.044922 416.159485 600.993042 89.011497 434.457275 600.993042 89.011497 416.159485 601.019104 88.973091 434.457275 601.019104 88.973091 416.159485 601.038269 88.930824 434.457275 601.038269 88.930824 416.159485 601.049988 88.885918 434.457275 601.049988 88.885918 416.159485 601.053955 88.839676 434.457275 601.053955 88.839676 416.159485 601.053955 88.518295 416.159485 601.053955 88.518295 434.457275 600.791382 88.245750 434.457275 600.791382 88.245750 416.159485 600.837463 88.251427 416.159485 600.837463 88.251427 434.457275 600.881897 88.264824 416.159485 600.881897 88.264824 434.457275 600.923401 88.285561 416.159485 600.923401 88.285561 434.457275 600.960815 88.313042 416.159485 600.960815 88.313042 434.457275 600.993042 88.346474 416.159485 600.993042 88.346474 434.457275 601.019104 88.384872 416.159485 601.019104 88.384872 434.457275 601.038269 88.427139 416.159485 601.038269 88.427139 434.457275 601.049988 88.472046 416.159485 601.049988 88.472046 434.457275 601.053955 89.102425 289.311523 601.053955 89.102425 307.609344 601.053955 88.255547 289.311523 601.053955 88.255547 307.609344 553.639954 86.487663 434.457275 559.803284 86.717468 433.000275 564.607971 86.896614 431.496796 565.912048 86.945236 431.033020 572.068176 87.174774 428.527985 578.314514 87.407677 425.465393 593.543579 87.975510 416.159485 587.816528 87.761971 419.915161 580.471924 87.488121 424.292694 418.344788 60.773129 424.649353 439.022736 60.899509 424.937561 439.077972 62.008411 427.436554 418.402710 62.502823 428.522064 397.695374 62.618893 428.334595 397.683258 61.985138 427.009857 387.371857 65.746780 432.153381 387.369476 65.434151 431.902405 397.733459 65.345833 431.893463 345.915039 67.262161 432.202026 345.915680 66.980888 431.922119 351.097260 66.812157 432.080383 351.096100 68.072723 433.001404 345.913147 68.194534 432.889648 345.913788 67.869034 432.690155 330.371063 68.359116 432.050385 330.369537 68.642281 432.293396 325.191620 68.818977 431.993347 320.020660 68.516235 431.065887 314.850128 68.752701 430.615662 314.854340 68.329544 429.948456 320.018677 68.757622 431.361542 320.016724 69.009392 431.635193 314.845886 69.213539 431.214355 304.542480 67.988426 426.494781 304.550934 67.484947 424.894501 314.874725 66.721268 426.172089 438.617279 58.299965 397.883606 438.677002 58.054245 403.422333 397.513397 58.190575 401.141724 294.330536 64.435860 403.184937 273.781219 66.439735 398.819611 273.781219 63.910156 385.319916 560.140686 62.751369 394.359985 561.016785 62.797531 394.264038 561.185608 62.611637 399.073792 591.324219 66.314934 400.531464 581.527832 65.332306 403.582001 581.443848 64.813362 401.607208 581.617981 65.962738 405.511383 500.566162 60.330051 415.803436 521.096252 61.500042 416.064545 521.345398 62.758286 420.877380 531.627869 63.526375 420.853760 573.011353 74.119125 422.708649 563.178955 73.069420 426.343079 563.073608 72.088242 425.630554 563.232544 73.617287 426.654846 542.751770 70.610184 430.180237 542.802124 71.168770 430.554626 532.454529 70.318069 431.153839 521.851135 66.614388 428.634064 521.930664 67.446091 429.609528 480.549866 64.872383 429.740784 459.767059 62.498779 427.545166 439.227692 67.200874 432.397400 439.219818 66.784668 432.281006 480.697571 68.178017 431.987976 480.683746 67.786240 431.858490 522.137268 70.197037 431.632599 480.711426 68.590347 432.086121 480.725342 69.023170 432.146912 439.235657 67.638794 432.474274 522.266785 72.585640 431.959442 501.519806 71.417526 431.976349 501.502014 70.945206 432.046967 480.753448 69.949989 432.132721 480.739349 69.476402 432.164429 439.251617 68.579498 432.484009 439.243622 68.098366 432.505249 521.773438 65.876183 427.609344 480.498352 64.034119 428.700165 480.576050 65.340424 430.235962 522.011902 68.395966 430.517731 480.602539 65.853325 430.705353 480.629303 66.423813 431.139557 439.181030 65.029419 431.321655 523.279968 72.647652 431.956573 522.244934 72.146286 432.000580 532.643860 73.242416 431.877869 532.619751 72.823830 431.899811 538.964844 73.666405 431.648987 542.982727 73.552605 431.349121 543.009094 73.947571 431.347260 522.179993 70.927010 431.875427 532.548218 71.658569 431.738098 522.201538 71.316917 431.953796 532.571960 72.031853 431.825562 522.223145 71.723358 431.997101 532.595825 72.420296 431.880920 522.158569 70.553696 431.766785 532.501160 70.957687 431.484131 532.524597 71.300499 431.622833 537.681091 71.361641 431.280518 537.730408 72.046410 431.539886 542.904541 72.448936 431.150635 542.930481 72.803238 431.246918 542.956543 73.171150 431.314392 550.460022 74.487160 430.359283 548.144043 73.936180 430.717407 501.484283 70.491570 432.066742 542.853027 71.781342 430.887054 548.062988 72.866142 430.503418 548.089844 73.210068 430.603027 548.116882 73.566765 430.675568 553.273560 74.332535 429.810120 553.301514 74.701027 429.826416 558.381775 75.095833 428.648254 558.353577 74.741638 428.623810 562.501526 75.428757 427.473511 563.368958 75.163498 427.160675 558.297729 74.065941 428.489777 553.218018 73.630974 429.685089 558.270020 73.744522 428.386353 553.190491 73.298004 429.583099 553.135864 72.667915 429.316956 548.009644 72.216774 430.237518 553.081726 72.085922 428.990265 563.341370 74.834244 427.101929 558.325623 74.398331 428.569946 553.245728 73.975830 429.761871 553.028259 71.551155 428.626312 552.975342 71.057755 428.233978 563.286682 74.205673 426.915253 573.155640 75.746269 423.433228 573.204773 76.352417 423.545593 568.312683 75.598091 425.443512 568.339233 75.921547 425.482452 563.396667 75.502678 427.192627 582.705688 77.250137 419.111877 573.948425 76.419975 423.228302 577.947205 76.222359 421.288757 573.058899 74.629349 422.997437 573.106995 75.171822 423.244751 568.233887 74.681442 425.192291 568.286316 75.283562 425.380524 601.053955 78.420021 408.526611 601.053955 79.189110 408.883118 591.942505 77.730736 414.002869 591.962524 78.195740 414.154816 585.720215 77.550522 417.554352 582.668762 76.711807 418.980011 582.632263 76.196342 418.793457 591.922729 77.279114 413.819305 582.560303 75.234924 418.304199 591.883728 76.416695 413.382141 552.871277 70.166641 427.385559 601.053955 76.196800 407.294067 591.808228 74.841812 412.349335 601.053955 75.983772 407.158844 591.771729 74.108833 411.779327 562.771240 69.707909 423.108978 562.581116 68.410912 421.245331 572.648987 70.862228 419.770081 572.480103 69.555595 418.075195 582.421021 73.561165 417.094208 582.353699 72.807350 416.422119 591.736084 73.405464 411.179993 582.287842 72.094795 415.716888 591.701294 72.730362 410.553345 582.223572 71.419983 414.981903 582.160889 70.779396 414.220642 591.667236 72.082153 409.901459 562.869690 70.434662 423.992859 572.736511 71.582581 420.571991 562.970459 71.223442 424.837006 572.826111 72.354996 421.337280 572.917664 73.190132 422.057434 582.489929 74.363297 417.727112 591.845581 75.607605 412.886566 601.053955 77.664314 408.142578 438.828522 58.532066 414.375427 480.009308 59.444607 415.427979 480.170685 60.458229 420.465240 500.769135 61.453518 420.716827 480.258423 61.190620 422.914948 521.480835 63.602863 423.199310 480.350861 62.120415 425.303680 521.623535 64.626740 425.450653 531.934570 65.453293 425.367615 532.099915 66.716003 427.494507 591.539612 69.744797 407.070312 596.306641 70.386810 405.019928 596.338623 71.528053 406.365692 582.040039 69.590401 412.629608 591.601746 70.862679 408.528564 596.372314 72.763084 407.625153 601.053955 69.974205 401.604279 601.053955 70.247253 401.956635 596.276367 69.342270 403.594910 591.480713 68.728539 405.534119 581.925293 68.517670 410.955170 572.319336 68.396202 416.285309 601.053955 71.047760 402.916229 601.053955 72.212875 404.147644 601.053955 72.897110 404.794037 601.053955 73.463699 405.291748 601.053955 74.119385 405.829041 601.053955 74.794083 406.342224 601.053955 75.486870 406.830780 541.898315 64.371414 420.459930 531.353210 62.191349 416.090088 520.876099 60.733124 411.085938 479.866669 58.917210 410.266907 479.637787 59.030613 399.719971 438.568237 58.816990 392.328705 450.607513 58.987965 393.025574 479.742828 58.794010 405.020050 562.065979 65.429985 415.140625 552.122070 65.293251 419.289001 551.803162 63.785786 414.765594 541.598022 62.953320 415.777802 541.332642 62.017670 410.906830 531.110474 61.344158 411.149292 530.899719 60.935600 406.079315 520.684998 60.400063 405.987549 520.522827 60.471931 400.811646 439.212006 66.390236 432.131439 480.670044 67.415077 431.703552 522.095032 69.533928 431.306732 532.408508 69.738556 430.777344 542.701904 70.098801 429.774139 542.603882 69.184731 428.891449 542.414429 67.634644 426.961121 552.670044 68.631996 425.535126 542.233643 66.359604 424.881927 552.478088 67.345528 423.541992 552.295410 66.242813 421.454132 562.400208 67.280281 419.286682 562.228516 66.291702 417.248688 572.166748 67.366570 414.413971 572.022339 66.456223 412.469971 581.816711 67.555809 409.205444 581.714294 66.704041 407.388275 591.425232 67.816353 403.927338 591.373047 67.011086 402.257294 596.247803 68.398552 402.097687 596.220947 67.559814 400.535370 601.053955 68.998077 400.218475 571.422729 63.607956 401.934448 571.638062 64.411026 406.283173 571.757996 64.980049 408.397095 571.886108 65.661362 410.461670 601.053955 67.358665 397.253937 601.053955 68.106506 398.732483 601.053955 68.124878 398.765778 551.521301 62.753471 410.041260 541.102173 61.524376 405.896942 551.276611 62.166195 405.167908 540.906677 61.455311 400.795715 551.069092 62.011982 400.195862 550.898621 62.280407 395.174530 542.031616 61.855656 395.612823 521.813477 60.984188 395.621643 601.053955 65.434692 390.775757 581.228638 63.938824 395.484283 601.053955 65.251373 389.090485 581.169128 63.876629 393.402344 561.912598 64.688538 412.971313 561.633484 63.551334 408.480530 561.391174 62.860806 403.830322 571.240051 63.254009 397.471466 579.074341 63.808163 391.669128 601.053955 65.537560 391.420624 591.197571 64.903793 395.095276 581.294189 64.115776 397.550842 591.236450 65.258842 396.942749 581.365906 64.407387 399.594360 591.278625 65.729996 398.757416 601.053955 65.738686 392.443420 601.053955 66.162064 394.084717 601.053955 66.520699 395.190674 601.053955 66.703156 395.690918 481.175873 59.639156 394.458038 330.962830 59.452328 382.213531 356.275543 58.951900 385.398285 356.276184 59.209862 398.015167 376.902802 58.589577 399.722870 376.932831 59.323711 411.855682 542.061646 65.283974 422.708466 438.747406 58.114353 408.927582 397.577606 58.770725 412.836975 397.543243 58.333683 407.006653 273.781219 61.380581 371.820221 294.369141 62.402020 389.682495 294.396881 60.557537 376.177429 289.094574 70.159302 427.247253 294.228729 69.848076 428.087189 289.087524 70.736275 428.711487 294.224670 70.167374 428.806946 292.747040 70.571304 429.267456 294.220581 70.506721 429.478119 294.236694 69.270134 426.549530 299.372681 69.551804 428.838684 299.368317 69.908325 429.527771 299.363922 70.289505 430.157104 312.262299 69.320763 430.979034 309.680115 69.431412 430.726257 309.684540 69.004112 430.097778 307.099457 69.545494 430.455383 304.516022 70.084618 430.753937 304.520538 69.663010 430.165802 304.525024 69.270485 429.507172 304.533844 68.573402 428.047577 294.252136 68.324982 423.313080 294.281006 66.824005 416.653748 273.781219 68.969307 412.319305 283.988831 69.241371 421.387360 273.781219 70.234093 419.069153 283.978485 70.034500 424.698486 273.781219 70.866493 422.444092 283.973145 70.485481 426.312469 273.781219 71.498886 425.819000 283.967682 70.978149 427.850647 307.094940 69.986794 431.023193 309.675629 69.892059 431.273926 312.197968 69.802498 431.501526 312.257904 69.800407 431.506714 314.843750 69.458023 431.481049 314.841583 69.711838 431.722290 320.014740 69.271515 431.883759 320.012756 69.543945 432.104187 325.193390 68.551186 431.735168 325.195129 68.294731 431.452972 330.372589 68.088181 431.781464 325.198639 67.815933 430.829987 330.375580 67.583153 431.180267 320.024567 68.064728 430.420837 314.858521 67.944313 429.234955 325.202087 67.382866 430.151123 335.557007 66.889061 430.832001 340.731842 68.018036 432.523560 340.730896 68.330055 432.737183 335.550842 68.181396 432.311707 335.549561 68.479309 432.539856 335.552094 67.896576 432.055786 335.554565 67.366386 431.476196 340.732788 67.719925 432.280396 340.734650 67.165627 431.722076 334.460999 69.140663 432.857483 335.547699 68.950638 432.821594 335.547058 69.114250 432.897430 340.729431 68.824089 432.993347 340.728943 68.995674 433.059540 345.912170 68.710236 433.120972 345.911865 68.889435 433.177826 351.095612 68.609070 433.208679 351.095459 68.795509 433.256500 356.279541 68.520592 433.260742 345.914429 67.558228 432.459503 351.097015 67.104050 432.350586 345.916901 66.462883 431.312225 335.566498 65.423004 427.963531 325.208893 66.645111 428.704376 314.866699 67.280312 427.734161 309.693298 68.250404 428.677582 314.932373 63.741997 413.094452 314.904968 65.003616 419.695801 335.584259 63.508175 421.734161 335.575592 64.350586 424.892426 314.956909 62.722340 406.453979 335.600342 62.232758 415.325592 356.278198 62.337631 423.016083 356.278503 63.241646 426.042206 356.278687 63.793407 427.518982 351.096405 67.734383 432.815674 356.279449 67.787346 432.995087 356.279480 67.964638 433.076691 366.646545 67.600906 433.066986 377.013550 67.276390 432.980164 366.646179 67.416550 432.988556 356.279449 67.614090 432.904297 351.096710 67.411476 432.597229 356.279327 66.961433 432.461700 356.279358 67.279671 432.697723 366.644592 66.722687 432.589020 366.645386 67.060890 432.804657 356.279297 66.659431 432.201019 366.643860 66.401993 432.346771 325.205505 66.994576 429.439636 335.559418 66.463493 430.150055 345.918152 66.002968 430.659943 356.279114 65.612984 431.001831 356.279205 66.104324 431.624725 366.642303 65.813362 431.802948 366.643066 66.098869 432.083038 335.561798 66.082825 429.440613 345.919342 65.593460 429.976715 356.279022 65.176979 430.344910 366.640778 65.293533 431.208832 377.005798 65.589989 431.883209 377.007324 65.889908 432.148315 377.008881 66.208565 432.395996 377.010437 66.545906 432.620850 377.012024 66.901863 432.817383 418.502899 68.205254 432.714447 397.758514 68.269249 432.947510 397.756805 68.038963 432.950500 387.387634 68.256050 433.082733 387.386383 68.033882 433.074493 377.017548 68.293526 433.203552 377.016754 68.080887 433.182556 366.648132 68.381699 433.275665 366.647736 68.180008 433.240540 356.279510 68.331261 433.210114 351.095764 68.426453 433.149872 345.912506 68.534683 433.053650 340.729919 68.655952 432.917236 335.548340 68.790276 432.736389 330.368011 68.937637 432.506866 330.366455 69.245148 432.687164 325.189819 69.098053 432.224182 325.188019 69.388382 432.424286 415.963257 68.661148 432.690063 397.760223 68.504547 432.930084 387.388855 68.483040 433.077087 377.018341 68.510750 433.211273 366.648560 68.587700 433.298370 365.297668 68.601357 433.304230 356.279541 68.713921 433.299835 387.381500 67.193581 432.917023 387.383942 67.604042 433.019226 377.014343 67.470589 433.047180 377.015137 67.669418 433.103729 366.646942 67.789604 433.135559 356.278839 64.430130 428.959137 366.639313 64.833389 430.577972 377.002747 65.044571 431.316864 356.279510 68.145943 433.148590 366.647339 67.982643 433.193634 377.015961 67.872849 433.149078 387.385132 67.816544 433.053101 397.755127 67.813690 432.939789 418.500153 67.968246 432.720764 397.753418 67.593452 432.916138 418.497375 67.736526 432.713470 418.505676 68.447540 432.693726 439.259705 69.082138 432.404175 473.555450 70.151138 432.088867 480.767609 70.443855 432.045776 418.494629 67.510109 432.693329 418.491852 67.288994 432.661163 397.751740 67.378258 432.880280 387.379059 66.802567 432.773621 397.746704 66.762962 432.706940 387.376648 66.431053 432.594696 397.743347 66.378098 432.544037 387.374268 66.079102 432.386047 397.740021 66.013580 432.350159 397.736725 65.669472 432.131317 418.470154 65.712158 432.063812 418.464783 65.371613 431.848694 439.196442 65.667023 431.758179 397.750031 67.168098 432.832947 397.748352 66.962997 432.774933 418.489105 67.073196 432.617737 418.486420 66.862724 432.563812 418.480927 66.457779 432.427612 418.475525 66.074234 432.258881 439.204193 66.017670 431.955017 480.656372 67.064613 431.529205 522.053284 68.936363 430.930878 532.362915 69.211502 430.366180 532.273254 68.277840 429.467316 418.459442 65.052376 431.618958 397.730194 65.042450 431.641693 387.364746 64.866074 431.362427 376.999756 64.562653 430.711365 366.636353 64.048180 429.238434 439.165833 64.466209 430.838684 439.150787 63.963783 430.319336 418.443604 64.207558 430.859192 418.433228 63.721672 430.306305 397.720459 64.239594 430.819763 397.714081 63.777813 430.227936 387.360107 64.364731 430.781250 387.350952 63.513107 429.531433 376.993774 63.742519 429.417419 376.987976 63.048988 428.060486 418.454163 64.753075 431.376617 397.726929 64.758018 431.378052 397.707764 63.359917 429.611969 418.422913 63.282043 429.727753 439.135864 63.508564 429.773529 439.106567 62.700424 428.631561 418.382935 61.836983 427.265594 397.659851 60.970425 424.265076 376.971344 61.491814 423.776764 376.982330 62.453255 426.660919 480.448029 63.307381 427.605896 459.692230 61.348866 425.151062 438.970184 60.051723 422.361847 397.637604 60.193096 421.457184 315.026550 59.878395 379.817627 335.638519 60.051891 395.868378 356.277039 60.166409 410.595978 376.951050 60.157951 417.865387 397.616455 59.591854 418.610138 438.920288 59.400280 419.735687 302.135101 60.285896 377.620239 314.997467 61.115910 393.140564 335.614746 61.299217 408.858246 356.277588 61.038136 416.845276 601.053955 65.189980 387.396454 363.412140 58.849892 386.178589 397.467316 58.599506 389.366699 397.488129 58.290390 395.258484 406.200714 58.598198 390.072418 327.507904 109.690338 393.336578 327.506927 110.030006 390.707489 341.962433 110.113808 387.651459 303.557159 110.843582 389.402649 306.982819 110.755478 389.117340 303.558136 109.934738 393.916901 284.570221 111.293007 389.812988 291.562622 111.136055 389.883911 284.570374 109.869583 394.234833 399.346802 108.272858 376.051910 406.545624 108.272942 376.287781 399.348389 109.429840 378.484283 380.367554 110.574257 384.103119 380.367218 110.567825 386.890076 371.909454 110.328560 387.654755 360.535461 109.447884 378.910126 363.969543 109.360161 378.313660 363.969543 109.924377 380.691162 399.338318 106.985878 400.126984 410.144836 107.007950 400.493011 410.144836 105.102180 402.829224 380.360687 97.767097 407.836060 389.458374 98.104675 407.532532 389.460327 95.552185 408.683075 380.361633 95.298111 409.037598 371.907837 95.072945 409.851624 371.907562 97.471046 408.601746 356.417908 94.696320 412.520538 319.951324 95.892799 419.197174 273.781219 92.838799 422.950134 273.781219 95.626312 420.039093 284.569977 96.656204 419.785339 294.451508 96.970924 419.817230 303.555573 97.282379 419.389984 312.012451 95.645096 420.363800 327.502197 96.130310 417.783691 341.959259 96.566841 414.500885 356.417877 96.985168 411.180450 410.144836 92.159706 409.624390 410.144836 93.110947 409.451385 389.462646 92.902664 409.520416 399.336945 100.856010 406.138306 399.336273 103.138435 404.403320 410.144836 102.440834 405.227936 371.907837 107.070061 398.547028 380.360626 106.027832 400.283417 371.907532 105.569740 400.991486 380.359985 104.271362 402.541290 371.907349 103.830086 403.248474 380.359802 102.287567 404.572662 371.907318 101.880539 405.287994 380.360046 100.108528 406.346161 371.907379 99.750809 407.080353 389.456787 104.784309 402.282715 389.456421 102.758453 404.313660 389.456970 100.519669 406.072998 410.144836 95.709549 408.760742 410.144836 98.445053 407.663300 410.144836 99.206139 407.282928 410.144836 100.909706 406.296692 356.417847 99.172203 409.592743 341.958893 98.680511 412.844971 356.417786 101.230232 407.750275 341.958740 100.683823 410.944733 356.417847 103.131500 405.673981 341.958862 102.549545 408.819031 356.417847 104.848106 403.391968 341.959198 104.249779 406.495331 356.417908 106.352249 400.932434 341.959808 105.757042 404.001373 356.417999 107.618469 398.326019 341.960571 107.046211 401.367584 356.418060 108.634514 395.612122 341.961426 108.106079 398.634064 356.418152 109.400421 392.835999 356.418182 110.206841 384.593018 356.418213 110.185204 387.279816 341.963104 109.938309 390.308136 356.418030 109.546852 379.699097 349.124908 109.710579 381.251801 356.418060 109.990349 382.043915 363.969574 110.245209 383.261169 371.909180 110.271637 382.166718 371.909515 110.440468 384.875885 341.961060 109.866661 382.886017 349.125092 110.040535 383.558563 380.366364 110.281250 381.389069 371.908234 108.304527 395.948181 371.908661 109.260002 393.236298 371.909088 109.934937 390.456696 380.365997 110.259621 389.702850 380.364563 109.649193 392.495026 380.363098 108.737282 395.219971 380.361694 107.525703 397.830933 389.458191 106.561684 400.013672 399.336700 105.194099 402.387970 410.144836 103.188354 404.632263 389.473236 110.713234 383.720581 389.472504 110.833481 386.515991 389.469788 110.629234 389.344360 389.466705 110.098038 392.157318 389.463501 109.239967 394.906097 389.460480 108.056679 397.541351 380.364594 109.702545 378.799469 371.908691 109.831993 379.582336 380.364044 109.311836 377.568054 371.908508 109.514885 378.355225 380.363983 108.856628 376.387756 384.825775 108.692657 376.144745 384.826752 109.620743 378.555878 384.829498 110.278290 381.143829 374.496429 109.054390 376.892120 371.908508 109.135193 377.181274 410.144836 111.156708 385.945007 399.355042 111.066711 386.610962 399.355896 110.852112 383.807190 389.466797 109.534355 378.421082 389.465424 108.521652 376.011871 389.914978 108.506081 376.004791 410.144836 111.206352 387.254150 410.144836 111.103401 389.525818 399.351837 110.937660 389.446747 410.144836 111.042946 390.073578 399.348267 110.462608 392.265808 410.144836 110.408661 393.283234 399.344543 109.642166 395.019104 294.452301 111.068146 389.839722 307.858643 110.732697 389.033600 312.014435 110.623421 388.576752 312.015900 109.964874 393.133850 327.505432 110.199600 388.254791 334.797974 110.136108 386.745422 341.961426 110.085579 385.153107 319.955627 109.995979 392.038177 319.953796 110.411766 387.436981 321.429749 110.372444 387.188507 327.505432 107.551048 401.649536 327.507660 109.168800 396.070526 341.962189 108.938995 395.848022 341.962921 109.548378 393.056915 356.418213 109.917023 390.043365 273.781219 96.341438 419.223572 273.781219 98.211197 416.913208 284.569977 100.110886 415.439972 273.781219 103.128151 409.347565 284.570068 103.252533 410.462585 273.781219 105.383347 404.829437 284.570251 105.919167 405.043793 273.781219 107.286308 400.356079 284.570404 108.099823 399.502502 273.781219 109.830658 393.614563 273.781219 111.514046 389.247406 294.452820 109.903625 394.309753 303.558472 108.542732 399.223694 294.453003 108.323074 399.597534 303.557404 106.596489 404.781342 294.452423 106.259483 405.146393 303.556244 104.031296 410.194824 294.451843 103.643433 410.561188 303.555542 100.868431 415.134308 294.451477 100.491226 415.518097 319.950836 97.882690 417.440918 327.501678 98.165115 416.060577 327.501465 100.108826 414.105255 312.011902 99.459564 416.568756 312.012085 97.587372 418.574310 327.501617 101.935318 411.934326 312.012024 101.237907 414.360901 327.502136 103.617210 409.574280 312.013062 104.411232 409.438110 327.503021 105.127800 407.052032 312.014801 106.926521 404.025574 312.016418 108.757660 398.459137 410.144836 108.343460 376.455811 410.144836 109.495735 378.867004 399.352814 110.299187 381.083557 410.144836 110.624016 382.397064 410.144836 111.001778 384.439331 410.144836 109.667770 395.530975 410.144836 109.111809 396.844513 399.341034 108.478622 397.656586 410.144836 108.491150 398.092865 410.144836 107.328552 400.027740 389.470612 110.273560 381.006439 327.504944 110.212723 386.058411 334.797485 110.030411 384.515991 340.624695 109.896248 383.193878 593.669556 88.678986 416.159485 593.535767 89.382744 416.159485 566.959106 90.373688 430.244446 561.330444 90.583557 431.995544 555.606262 90.796989 433.300262 546.508484 91.136208 434.453644 546.508484 91.136208 434.457275 548.340759 91.067894 434.306549 583.394897 89.760857 422.541473 577.968750 89.963181 425.493439 572.498901 90.167130 428.070801 554.328552 90.844627 433.527954 554.286011 90.846214 433.535156 586.361572 89.650246 420.779358 546.508484 91.131447 434.457275 554.224060 89.518219 434.457275 556.582764 88.678986 434.457275 550.508911 90.468536 434.457275 601.053955 85.040581 410.601959 601.053955 86.241119 410.758636 592.337280 85.997589 416.622040 356.280731 78.696381 435.057404 273.781219 80.088936 427.333649 283.934326 79.829483 429.483673 545.202148 88.678986 436.373444 564.431702 85.337608 431.044098 574.124451 85.545807 427.042572 583.397156 85.765808 422.131897 592.405640 87.336769 416.831329 601.053955 87.458405 410.853729 601.053955 88.678986 410.885468 597.378418 88.678986 413.546967 294.170837 79.594421 431.193665 314.789429 79.197487 433.519012 335.516449 78.898148 434.696533 397.842865 78.585312 434.607880 439.560394 83.769112 434.995331 439.671509 88.678986 435.775543 439.454712 78.863449 434.172821 460.571472 88.678986 435.744263 481.296509 84.100166 435.032745 481.491882 88.678986 435.872253 554.346619 85.141243 433.869873 543.993286 84.956741 435.402496 533.544006 84.784134 435.786407 534.407532 88.678986 436.814240 523.083069 84.623428 435.658661 522.763672 88.678986 436.628571 509.951935 88.678986 436.336029 495.809113 88.678986 436.065186 522.524109 76.563850 433.314545 543.319397 77.575317 432.847626 553.630981 78.135040 431.337158 532.927673 77.051567 433.315735 563.722961 78.730652 428.654266 573.494751 79.362076 424.904602 582.923706 80.029236 420.328064 601.053955 81.264351 409.684509 601.053955 83.829567 410.379425 592.080688 80.732033 415.203522 592.205566 83.340546 416.028015 583.154236 82.875092 421.336670 573.801270 82.433281 426.072021 564.067993 82.015160 429.939728 553.979370 81.620789 432.686462 543.647461 81.250221 434.200775 533.227722 80.903511 434.619843 522.796204 80.580704 434.548737 481.110626 79.529289 434.114166 217.276901 95.954659 396.649231 215.513489 95.281456 397.009644 234.090225 88.678986 418.821808 204.588226 91.157646 399.154602 197.922485 88.678986 400.393402 221.855972 97.710548 395.698822 239.172546 94.771095 410.018921 226.625076 99.540024 394.707611 250.507126 108.357658 390.386871 247.728989 107.368370 390.821350 249.337234 106.955330 392.413208 245.001343 106.389198 391.262634 244.254883 100.863213 401.216064 243.488373 105.842133 391.514771 239.076797 104.229309 392.282990 235.845856 103.030861 392.877869 230.450989 100.999046 393.928619 230.001511 100.828270 394.018951 273.781219 72.665337 424.640015 273.781219 70.540405 413.299835 235.635910 74.715385 416.144592 273.781219 68.415482 401.959656 256.500427 65.882294 380.006195 273.781219 66.290558 390.619476 259.246704 65.595955 379.824921 273.781219 64.165634 379.279297 234.821060 87.965240 417.555939 235.018585 73.582870 417.213806 257.019562 65.132996 379.107025 257.233246 64.850609 378.736877 257.899200 64.060425 377.583466 257.989532 63.962875 377.426941 258.158142 63.786636 377.134949 267.457733 62.640858 375.542053 262.825256 63.229919 376.432159 270.766968 62.161850 374.580719 272.221771 61.906204 373.906555 272.792297 61.785175 373.527496 273.218872 61.676216 373.143219 273.448273 61.603287 372.858887 273.607971 61.538300 372.584412 273.710876 61.479599 372.317322 273.767365 61.424252 372.047150 294.414001 60.124008 369.065552 302.128906 60.286106 346.149353 315.026550 59.878395 343.950836 315.044464 59.560863 352.870392 294.419678 59.907585 361.877655 273.781219 60.780396 361.884399 273.781219 60.861961 356.908051 591.052185 65.607674 342.376343 581.025879 64.946007 340.884521 581.045959 64.497536 338.811951 570.885010 67.062782 347.761688 560.786011 66.260559 346.992035 560.829285 64.803551 342.846161 550.825806 62.520374 333.203339 540.677612 62.032207 332.749664 542.054871 61.856739 328.153778 601.053955 73.550728 355.239380 601.053955 75.036400 356.463898 590.996460 73.740860 355.884277 596.023926 78.526917 359.572632 590.990173 77.734009 359.502228 590.990417 77.412964 359.110626 590.990051 77.873825 359.709503 590.989929 77.996178 359.924988 580.911072 76.438660 359.823792 570.820923 73.822495 357.971100 560.713867 72.484505 357.808075 560.728333 70.170616 354.484985 570.817993 74.841171 359.493988 570.818298 74.721680 359.258148 580.911499 76.195908 359.371216 570.817261 75.105316 360.243378 580.910706 76.611534 360.306580 580.910461 76.720558 360.813538 560.709351 73.757095 360.740875 560.709045 73.819939 361.867126 540.453613 71.110481 361.866791 560.709717 73.664528 360.195038 540.453918 71.057922 360.716217 520.149170 68.146049 358.614197 520.150818 67.751198 357.646912 540.458191 69.993538 357.637543 499.794525 66.076477 358.679779 479.395691 64.267334 358.764038 479.396759 64.019867 357.802582 580.910278 76.779663 362.399933 580.910461 76.725365 362.923981 560.709351 73.761177 362.994446 596.023926 78.544952 364.172821 590.990173 77.751381 364.242340 590.990051 77.889320 364.033966 550.592773 71.223778 366.048340 560.713867 72.501633 365.936768 560.728333 70.185158 369.262238 520.147583 68.566589 363.554657 520.147278 68.628181 362.999664 540.453918 71.061333 363.018341 540.456177 70.487526 365.152649 540.458191 70.007858 366.105682 520.150818 67.762962 366.096008 580.949585 68.922607 373.259766 580.961670 67.912125 375.055206 560.786011 66.266747 376.760010 540.482178 67.156631 371.606995 540.494751 66.298157 373.565308 520.181152 64.712013 373.718018 458.955627 62.872002 363.899963 438.479187 61.545135 363.812988 438.478851 61.612427 361.869507 499.794525 66.085213 365.061157 479.395691 64.274155 364.977509 479.394897 64.469162 363.976013 458.957001 62.539913 365.823822 438.480225 61.308342 365.680023 438.491425 60.274975 373.020844 438.484436 60.771225 369.319397 479.404114 63.027233 369.693848 540.618164 62.624943 386.436188 520.283508 61.662586 386.532257 520.241821 62.438232 382.116272 438.529144 59.180698 384.496246 479.455719 60.656704 381.671448 479.482758 60.144852 385.862152 520.332825 61.153179 391.040405 540.677612 62.032471 391.013641 550.825806 62.520626 390.560089 560.882202 63.720577 385.250397 581.025879 64.947235 382.877594 581.045959 64.498100 384.952026 601.053955 65.397629 383.805542 581.067627 64.175858 387.056061 560.944641 63.040771 389.723389 520.207703 63.460667 377.831848 540.526794 64.782158 377.663940 540.567932 63.549976 381.970184 560.806458 65.492073 378.807312 580.975281 67.005684 376.922241 560.829285 64.806618 380.909882 499.805084 64.488533 369.786438 479.396759 64.027237 365.940857 581.007446 65.518204 380.842133 580.990540 66.205864 378.854340 591.024719 67.818336 375.748474 591.017334 68.794357 373.996399 591.010803 69.883392 372.321655 580.939148 70.029594 371.548157 591.005188 71.077209 370.737396 591.000366 72.375877 369.246338 601.053955 72.411804 369.612152 580.930359 71.233208 369.922791 590.996460 73.759354 367.867432 560.752380 68.071465 372.858215 560.739136 69.095490 371.016144 540.471924 68.069328 369.722382 520.162170 66.169823 369.814178 520.149170 68.156929 365.126343 540.455383 70.696785 364.649384 560.710938 73.325302 364.570099 550.590637 71.749329 365.119873 560.711792 73.075096 365.046967 499.820557 63.314907 373.689880 479.416412 62.108601 373.562988 580.912048 75.917305 364.797272 585.954224 75.965218 365.460419 580.913452 75.241913 365.573151 580.923096 72.514969 368.401276 499.793549 66.335114 364.041504 520.148010 68.468147 364.095856 520.148499 68.328789 364.619568 540.454773 70.866478 364.125488 560.710266 73.528198 364.068542 570.817993 74.854416 364.246399 570.818298 74.736534 364.483185 570.819092 74.464531 364.937042 570.820923 73.841110 365.775208 570.833740 71.323471 368.873627 570.843384 70.139641 370.522003 570.855103 69.027573 372.266205 560.768005 67.128632 374.773529 540.454285 70.986336 363.580322 560.709717 73.671516 363.541534 570.817261 75.112907 363.494202 570.817688 74.957108 364.002533 580.910828 76.544006 363.678101 580.911072 76.450966 363.916962 580.910706 76.619766 363.432312 596.024048 78.214569 364.549347 601.053955 78.974792 364.493744 601.053955 78.226250 365.089722 590.989807 78.109955 363.592407 601.053955 79.624336 363.721771 590.989929 78.009468 363.817352 580.911255 76.339714 364.148132 601.053955 80.016312 362.329437 601.053955 79.921562 362.963959 590.989563 78.305817 362.877045 601.053955 79.828621 363.280548 590.989746 78.191772 363.359985 601.053955 79.798172 363.362183 601.053955 79.740517 363.498352 601.053955 79.502922 363.908844 601.053955 79.383400 364.065613 601.053955 79.354393 364.100739 580.911499 76.211998 364.371643 585.952698 76.973717 364.308777 585.953064 76.667351 364.718781 590.990417 77.433121 364.635925 590.991211 76.703728 365.341736 596.024475 77.457420 365.217896 601.053955 75.056313 367.289703 601.053955 77.908257 365.312897 601.053955 76.734039 366.091003 601.053955 75.607925 366.877075 520.147034 68.668549 361.867096 601.053955 73.567345 368.514648 479.394287 64.594742 361.868134 479.394440 64.569443 362.933411 601.053955 65.793945 381.636261 601.053955 66.218788 380.040131 601.053955 66.955078 377.946381 601.053955 67.684319 376.303741 601.053955 67.745338 376.179321 601.053955 68.667816 374.476929 601.053955 69.711647 372.856140 601.053955 70.886292 371.306519 601.053955 72.170113 369.860443 458.955627 62.868626 359.840332 458.957001 62.534374 357.920227 458.962708 61.782917 354.208771 479.404114 63.020962 354.052948 520.147278 68.625381 360.735474 479.394440 64.567688 360.803741 499.793549 66.329353 359.696869 479.394897 64.464661 359.763245 499.805084 64.480499 353.959839 499.903992 60.834534 337.474213 499.842194 62.300659 345.990448 479.482758 60.144180 337.898621 479.433594 61.311577 346.189362 458.985443 60.490818 346.512085 438.529144 59.180248 339.265137 438.568237 58.816990 331.440308 450.590088 58.987682 330.744202 520.207703 63.456367 345.919891 560.710266 73.517754 359.669769 540.454285 70.980492 360.155426 540.471924 68.057159 354.023529 520.162170 66.159828 353.931732 540.494751 66.289284 350.182404 520.181152 64.704712 350.030090 540.526794 64.776955 346.087372 560.710938 73.311646 359.170105 540.454773 70.857735 359.611816 520.147583 68.561790 360.181580 580.912048 75.898643 358.947510 570.819092 74.447304 358.806122 560.711792 73.059258 358.694946 540.455383 70.685364 359.089630 520.148010 68.460976 359.641815 580.910828 76.533821 360.061646 570.817444 75.033577 359.986877 520.148499 68.319412 359.119598 540.456177 70.474274 358.587921 601.053955 79.982162 361.124695 590.989441 78.380547 361.868896 590.989502 78.362244 361.360962 580.910278 76.794563 361.868195 601.053955 79.945839 360.915131 590.989563 78.300629 360.861908 601.053955 79.876450 360.635193 590.989746 78.182877 360.380402 590.989807 78.098953 360.148895 596.024048 78.193649 359.198181 590.991211 76.681946 358.408264 596.024475 77.434807 358.533112 601.053955 79.530899 359.899750 601.053955 79.617996 360.036011 601.053955 79.727638 360.242462 601.053955 79.819046 360.461487 560.752380 68.060867 350.890320 570.855103 69.016068 351.483307 570.843384 70.126442 353.227295 570.833740 71.307663 354.874817 580.913452 75.221741 358.174866 580.923096 72.497849 355.348694 580.930359 71.218910 353.827911 591.000366 72.360443 354.505981 591.005188 71.063759 353.014740 580.939148 70.017128 352.202576 591.010803 69.873383 351.432526 580.949585 68.913338 350.492981 591.017334 68.786537 349.758972 601.053955 70.875526 352.449127 601.053955 72.155632 353.893250 601.053955 73.103874 354.830994 591.024719 67.812729 348.008789 580.961670 67.904877 348.698853 601.053955 77.132317 357.940002 601.053955 78.579109 358.942413 601.053955 78.989967 359.288879 601.053955 79.201187 359.496490 601.053955 79.335678 359.645660 570.817688 74.945747 359.736847 580.911255 76.325363 359.593689 585.952698 76.956993 359.434906 585.953064 76.647949 359.026855 585.954224 75.944244 358.288544 550.631592 67.151840 350.452484 550.607361 69.087013 354.198395 540.567932 63.547363 341.785156 521.863647 60.986187 328.144165 580.975281 67.000473 346.833740 580.990540 66.202324 344.903656 591.042114 66.217751 344.308167 591.033020 66.954430 346.188477 601.053955 65.185394 336.846680 601.053955 65.435280 340.229858 581.067627 64.175667 336.709473 560.882202 63.719463 338.509857 570.923462 65.485268 343.770966 601.053955 65.476524 340.499756 601.053955 65.793381 342.130127 601.053955 66.489227 344.568848 601.053955 66.952599 345.816254 601.053955 68.178505 348.427277 550.898621 62.280407 328.591309 560.157532 62.752254 329.407867 560.944641 63.040535 334.040497 481.227936 59.640533 329.308044 520.283508 61.661690 337.227631 540.618164 62.623940 337.323364 601.053955 69.707474 350.906708 601.053955 70.460770 351.929077 438.484436 60.767857 354.428894 438.480225 61.304390 358.064819 397.430023 59.616528 358.438019 438.479187 61.542728 359.928558 397.429474 59.733353 361.871185 335.666107 59.172215 351.362732 356.275146 58.958202 350.123199 356.275055 58.962257 355.998901 294.414001 60.124268 354.696320 273.781219 61.024269 354.523621 273.781219 61.378174 351.961456 273.781219 61.379379 351.955048 273.781219 61.380581 351.948608 294.396881 60.557537 347.591095 363.394043 58.850128 337.592255 397.450775 58.781162 341.353699 356.275543 58.951900 338.370544 330.950439 59.452625 341.556763 397.431854 59.412228 355.068390 397.438934 59.052689 348.254761 438.501190 59.839840 346.961761 273.781219 61.379379 371.813782 273.781219 61.378174 371.807343 273.781219 61.008667 369.079529 273.781219 60.861988 366.860809 273.781219 60.795979 364.473663 315.050476 59.314194 361.875916 315.044464 59.560612 370.889740 335.666107 59.172050 372.395996 397.450775 58.781391 382.408051 397.438934 59.053280 375.501190 356.275146 58.958210 373.634460 397.431854 59.413509 368.682037 356.275055 58.962273 367.754425 397.430023 59.618023 365.309082 356.275024 58.965752 361.873230 438.501190 59.841339 376.792694 479.433594 61.314316 377.563690 561.016785 62.797531 329.501984 579.084473 63.808762 332.099670 601.053955 65.189980 336.372345 376.881256 58.704163 336.234772 397.467316 58.599506 334.402466 406.182709 58.598175 333.698181 601.053955 80.031906 361.884399 234.821060 87.965240 306.212891 200.288513 87.965240 323.808105 234.090225 88.678986 304.947021 199.200027 88.303810 323.585602 197.922485 88.678986 323.375397 135.416412 120.241074 362.263062 150.671158 122.606712 361.884399 110.069443 116.235237 361.884399 32.420650 101.683228 364.487061 32.487919 102.120094 361.884399 27.312477 100.459213 361.884399 32.388420 101.459206 365.663605 32.356934 101.155060 366.790314 40.714417 103.277626 367.591370 40.733315 103.666504 366.277954 40.752655 103.953362 364.905548 84.162987 88.678986 387.418030 97.317337 88.678986 388.787354 100.855721 90.954369 388.412201 120.201309 88.678986 392.349060 23.716528 89.759384 375.662323 23.819702 88.678986 376.288452 30.771791 88.678986 378.960449 32.017067 90.026703 378.702606 32.050182 91.429344 377.861053 23.759287 90.890228 374.953735 8.281723 91.190422 365.487915 1.053931 88.678986 361.884399 8.225615 90.393211 366.260742 213.232239 99.423195 396.356750 221.847839 99.524170 395.321320 221.849792 102.955513 394.379913 256.420715 113.491417 387.954193 256.424164 114.205734 387.440247 239.114319 114.313248 387.785767 178.459915 104.304512 394.290833 178.450790 101.424240 396.015900 187.171982 101.881218 396.382263 204.562225 111.730446 390.448334 204.558365 114.465302 387.985474 187.183487 113.135262 388.018494 221.868820 127.832100 368.813782 239.198090 128.061249 368.610291 239.211945 129.398132 365.281372 204.526993 128.986725 362.793365 204.528107 128.759567 363.692871 221.871918 129.727020 363.647736 169.875107 122.002563 372.220917 169.890549 123.499794 368.826599 135.383377 118.796371 367.968506 213.235046 95.931961 397.194061 239.082687 106.424400 391.684052 273.781219 127.679108 363.694946 273.781219 127.722054 363.484070 256.539124 129.309326 363.573853 273.781219 127.446205 364.523621 273.781219 126.854813 366.439728 256.531342 128.783295 365.236511 273.781219 126.591255 367.204071 256.516144 127.498055 368.519531 273.781219 126.173271 368.326721 272.969727 113.629036 387.943695 273.401672 113.822304 387.789032 256.431061 115.510376 386.250824 239.101746 111.305527 389.707611 239.095428 109.713272 390.468658 247.737564 109.681496 390.044617 256.410370 111.171303 389.188812 252.732025 109.003853 390.094147 255.025818 109.608315 389.823425 258.944916 110.528992 389.422058 261.420532 111.058105 389.198914 230.463242 106.396378 392.397675 230.455353 103.029510 393.448181 187.206970 127.449142 362.340057 169.509796 125.250809 362.722809 169.918640 125.299408 362.761963 135.414154 120.218262 362.642212 169.914551 125.129425 363.634918 221.872726 130.046021 362.329254 221.873001 130.080750 361.884399 212.849792 129.653336 361.884399 256.543060 129.533478 362.733856 256.545044 129.607651 362.310516 239.224411 130.270187 362.316376 255.970001 129.677490 361.884399 235.276642 130.328461 361.884399 273.781219 127.971718 361.884399 273.781219 127.930847 362.315979 273.781219 127.925491 362.347504 273.781219 127.848724 362.744507 273.781219 127.837830 362.801788 239.222595 130.190353 362.745453 239.219009 129.951767 363.596619 221.872467 129.966324 362.771088 204.939209 129.030197 362.730652 185.190247 127.248779 361.884399 239.171432 124.711845 375.096313 221.864868 124.463081 375.500854 204.542725 123.581055 375.867340 221.870880 129.172134 365.383301 204.530273 128.226089 365.475159 204.534546 126.917862 369.000275 187.201019 125.433044 369.028748 187.194992 122.142159 375.922607 135.333740 113.895149 376.565216 152.544418 114.033615 380.599579 169.845200 118.291817 378.705597 169.830597 116.143188 381.727448 187.189178 117.996956 382.347809 239.145767 120.562027 381.177094 221.861069 120.272179 381.766785 204.550629 119.404633 382.291748 273.781219 116.707703 384.609955 273.781219 118.896164 381.770721 256.458679 120.242340 380.894684 273.781219 114.213852 387.419281 256.444824 117.961510 383.667450 273.781219 119.291138 381.215546 273.781219 120.946907 378.725067 256.486877 124.257408 374.904877 273.781219 122.096786 376.819702 273.781219 122.806877 375.558929 273.781219 123.041771 375.126038 273.781219 124.474762 372.287506 273.781219 125.941078 368.921295 187.180649 110.496483 390.493744 169.801758 111.398697 387.155945 178.468887 107.068832 392.326630 187.174911 104.878448 394.677002 187.177795 107.749420 392.715698 195.883194 105.369324 394.709869 204.566101 108.821342 392.579254 187.159592 88.678986 400.947968 193.126099 88.678986 400.747070 187.165955 95.511513 399.044769 195.888931 95.691391 398.847534 179.162445 88.678986 400.826050 178.431992 95.296303 398.766510 163.873703 88.678986 399.585388 169.712967 95.053635 398.093262 153.280487 88.678986 398.148285 152.390656 94.517921 395.886749 143.895615 88.678986 396.616058 213.221481 112.178970 390.118835 221.856400 113.952408 388.568207 221.855484 112.514809 389.688202 230.478729 112.738297 389.231445 204.570023 105.765907 394.402740 213.226776 106.068520 393.850342 213.224106 109.199684 392.152069 221.853607 109.473701 391.601837 221.857346 115.309525 387.328186 239.120590 115.659180 386.584686 239.108047 112.849876 388.822266 256.417267 112.740341 388.412262 267.488373 112.282074 388.689789 268.966278 112.589058 388.552185 204.582184 95.831627 398.189575 135.188965 93.968292 393.026093 152.410843 97.222015 394.630432 169.728409 98.046509 396.814178 178.441498 98.423187 397.509003 187.168991 98.758881 397.839569 195.886978 99.040825 397.731781 204.578049 99.262245 397.199554 213.229477 102.804672 395.244324 221.851700 106.278229 393.150604 230.471024 109.644493 391.013062 230.474869 111.214378 390.177948 16.004913 94.540596 367.228119 8.336750 91.795586 364.732178 57.733948 99.743454 377.807495 57.730537 102.639503 374.869965 49.140400 99.093933 376.638550 49.153767 101.748390 373.811157 40.605362 98.139336 375.220520 40.641476 100.502930 372.588837 32.175251 96.873482 373.460754 32.235416 98.891159 371.125000 23.920776 95.293442 371.281189 23.998465 96.905357 369.353333 66.341690 103.219589 375.834503 66.353714 100.123459 378.816559 83.605408 103.864578 377.649109 83.615074 100.447258 380.637390 100.868797 104.554543 379.541656 100.865196 100.842812 382.611694 118.088882 105.821480 381.622284 118.070717 101.783325 384.968445 135.286179 107.527245 383.718781 135.254593 103.140678 387.461975 152.506714 109.457756 385.636353 152.469025 104.718529 389.804504 169.772903 106.320404 391.678223 195.885071 102.268135 396.351685 204.574005 102.575844 395.937561 23.841560 93.198044 373.230377 32.113899 94.280617 375.802917 40.568542 95.149925 377.831207 49.126766 95.807877 379.404388 66.365967 96.526375 381.615448 15.760697 90.251930 371.322937 15.717036 89.445885 371.847351 8.149750 88.678986 367.501587 8.167341 89.514091 366.951385 10.311297 88.678986 368.987885 15.925588 93.398430 368.629364 15.844703 91.901764 370.055115 15.765703 88.678986 372.319855 20.315920 88.678986 374.687744 66.385307 90.666840 385.041107 66.807030 88.678986 385.867523 74.626373 88.678986 386.587219 83.640495 90.809517 386.571564 40.530300 91.870621 380.111572 40.510422 90.249001 381.040405 49.112610 92.216156 381.807678 49.105251 90.427826 382.786377 66.378700 92.641106 384.036194 83.635170 92.852821 385.582672 100.857704 93.082329 387.426453 83.624931 96.768288 383.289978 100.861526 97.066452 385.203857 118.052185 97.743065 387.727203 118.032944 93.468521 390.042847 135.222397 98.704117 390.526489 54.709003 88.678986 384.436005 42.089138 88.678986 382.139160 169.743500 100.914642 395.319061 152.430573 99.808418 393.202240 42.004551 104.755943 361.884399 49.209869 106.447647 361.884399 49.180767 105.050095 368.274750 49.187759 105.538506 366.799713 49.194923 105.901779 365.257294 66.294685 109.570908 362.909332 58.629066 108.347588 361.884399 66.298073 109.424683 363.909973 57.720039 107.575302 365.563232 24.155371 98.654266 365.836151 16.165121 95.751259 364.704010 13.826097 95.203239 361.884399 8.447885 92.427452 363.383850 8.567680 92.721954 361.884399 8.419628 92.321663 363.717621 16.124386 95.547028 365.331329 24.115475 98.355072 366.714813 32.326035 100.759262 367.880463 40.695869 102.778046 368.859009 49.173901 104.433655 369.694336 57.725403 105.753883 370.437836 66.329674 105.734444 372.748688 57.727127 104.861122 371.941437 49.167133 103.685158 371.075439 40.677593 102.158997 370.099091 32.295582 100.260826 368.951660 24.076153 97.973938 367.581207 16.084236 95.285095 365.951599 8.391776 92.185585 364.048309 100.882889 114.767738 363.132233 83.570328 112.072792 364.145569 66.304688 109.026314 365.841644 66.307930 108.760887 366.774506 57.721863 107.115776 367.260223 100.876083 111.390266 371.609070 83.583366 110.152138 369.519012 83.585884 109.594078 370.524506 66.314285 108.093857 368.577362 66.317421 107.697006 369.448334 57.723648 106.506592 368.882111 84.885521 112.516144 361.884399 100.883408 114.819763 362.506989 135.409653 120.121246 363.401917 66.291245 109.692863 361.884399 83.578255 111.111855 367.435059 83.575645 111.501884 366.358276 100.881874 114.564056 364.386353 135.400757 119.807564 364.926086 169.906418 124.689949 365.373596 135.366470 117.417755 370.946381 100.879890 113.820274 366.878082 100.877960 112.735184 369.295013 187.206573 127.385117 362.793396 187.205750 127.181915 363.694733 187.204163 126.688507 365.484161 83.580826 110.659988 368.488922 66.311127 108.449272 367.686249 66.323586 106.787552 371.132690 83.590851 108.348877 372.459045 100.874222 109.850174 373.803741 135.349945 115.762337 373.821686 169.860016 120.254066 375.525024 83.595741 106.960419 374.289978 100.872406 108.167572 375.864685 118.107056 109.846527 377.524536 135.317749 111.868256 379.147644 8.364196 92.013618 364.383331 16.044477 94.955696 366.578094 24.037212 97.498665 368.452942 32.265427 99.647079 370.024078 40.659489 101.409569 371.332642 49.160435 102.797913 372.438110 57.728832 103.828560 373.410095 66.335701 104.547302 374.308838 83.600594 105.459656 376.017334 155.886780 123.385849 361.884399 272.273254 113.393532 388.110443 200.288513 87.965240 399.960724 199.200760 88.303589 400.183075 201.430511 88.284515 399.945526 202.758041 88.678986 399.884277 239.357300 93.402740 409.698944 219.097748 94.913025 396.551910 224.892212 97.121796 395.373871 243.893524 98.840233 401.841980 227.183090 97.993095 394.911774 235.163605 100.993057 393.368042 237.943756 102.018707 392.866577 238.542358 102.237938 392.761627 248.429749 104.277733 393.985016 243.141586 103.901901 391.993378 250.182327 106.378548 390.949432 237.928757 97.990494 393.438507 237.917648 94.935333 393.646484 246.825897 94.886803 392.424530 264.767548 94.683144 390.863342 246.866333 103.865280 391.695557 246.853119 100.917374 392.124298 255.801285 100.777237 391.431396 255.813721 103.716766 391.150879 237.939651 100.989548 393.047943 220.166199 94.924828 396.390411 206.724380 88.678986 399.369171 261.837341 109.293663 389.832123 256.333160 108.081047 390.264862 255.825958 106.616745 390.643372 264.799164 106.381638 390.527618 273.781219 107.478867 390.513550 264.806763 109.224960 389.859406 273.781219 108.826637 390.204498 273.781219 109.051704 390.143127 273.781219 97.126152 390.929810 273.781219 99.550087 391.045044 264.783661 100.570831 391.057190 273.781219 102.590851 391.037933 264.791443 103.488632 390.906311 273.781219 105.660522 390.799408 273.781219 106.121399 390.738983 255.775711 94.802612 391.463226 268.155243 110.482323 389.493622 268.561462 110.555244 389.475708 273.781219 110.173698 389.789246 399.269714 77.755226 367.764587 410.144836 77.872284 367.664276 410.144836 80.378983 366.489075 283.355865 77.742012 388.165039 283.355804 74.610054 387.160095 293.412323 74.846992 386.812531 334.284210 67.884422 378.372559 334.283478 67.035515 378.131134 337.905640 67.204254 377.545288 293.410461 65.874733 381.852264 293.410278 64.987923 380.892975 302.660950 65.428200 381.017639 283.355499 67.600693 383.444336 283.355438 66.463356 382.451172 293.410767 66.880806 382.767731 390.242462 70.041878 373.025360 399.243042 70.468323 373.563416 399.245483 71.243263 372.659698 374.586182 68.986359 372.892578 375.827698 69.063255 372.848663 375.828217 69.885704 372.317047 389.313293 74.364189 369.682922 389.316101 75.373390 369.134979 380.158295 74.990555 369.710449 371.654327 84.605545 369.033600 273.781219 65.679222 381.260986 273.781219 65.036987 380.492432 283.355377 65.442070 381.391541 273.781219 66.100250 381.720398 283.355591 68.843864 384.358002 273.781219 68.519112 383.861969 273.781219 67.782639 383.286194 283.355713 71.600594 385.915710 273.474274 72.006432 385.953094 273.781219 69.741631 384.699310 273.781219 78.541130 388.449829 273.781219 75.592575 387.479309 273.535583 74.197563 386.935516 273.781219 82.527969 389.454468 302.665741 81.122498 387.274719 293.412659 81.020752 388.351044 283.355896 80.916702 388.965424 273.781219 81.506699 389.228119 311.247772 81.221962 385.811462 319.291290 81.319160 384.036224 326.928925 81.414124 382.023926 341.516724 81.597557 377.588684 356.071747 81.778358 373.125763 380.162384 84.655769 367.451691 371.654236 81.969879 369.280334 363.668274 81.871910 371.085449 356.071625 76.540649 373.494598 389.325073 84.708290 366.251770 380.162201 82.073982 367.791290 371.654083 79.422005 369.652069 363.668243 76.748924 371.688812 363.668243 74.355736 372.104584 363.668213 72.131592 372.569641 348.730103 71.520584 375.639984 348.729156 69.451904 375.679596 352.376465 69.608902 374.967194 348.728455 67.680153 375.738525 352.376068 67.840340 375.161743 356.071320 71.813530 374.015228 348.731537 76.343262 375.467010 341.955963 67.385277 376.867615 342.906525 67.426987 376.707336 341.512878 71.235535 377.346588 359.829590 71.968338 373.263977 356.071136 69.771362 374.288116 359.829559 69.942162 373.654846 356.071014 68.851860 374.442108 359.829559 69.026978 373.875092 363.668152 71.098145 372.816681 367.603485 71.284225 372.249847 363.668152 70.124176 373.079895 367.603333 70.320282 372.575745 363.668121 69.214691 373.366547 367.603210 69.418228 372.929016 363.668121 68.374657 373.683868 367.603119 68.582367 373.317322 356.070984 68.007149 374.618683 359.829559 68.184082 374.121857 360.849518 68.233665 373.998230 380.159424 76.091080 369.306396 389.318542 76.421860 368.624634 380.160339 77.227470 368.933655 389.320587 77.507431 368.153442 389.323303 79.781822 367.335205 399.272949 79.954254 366.790863 399.274506 82.290985 366.027771 410.144836 82.373779 365.798920 410.144836 83.904747 365.403259 410.144836 76.965027 368.184937 399.267334 76.709175 368.325531 410.144836 75.797539 368.940399 371.652771 73.549423 371.054626 371.652405 72.491997 371.400513 375.830933 72.693474 370.950043 371.652008 71.485138 371.765503 375.830017 71.703377 371.376038 371.651550 70.533356 372.154816 375.829132 70.766281 371.829620 371.651093 69.640823 372.575012 371.650818 68.810738 373.034729 380.150970 70.156113 372.167633 380.150024 69.343445 372.771759 380.354797 69.357201 372.771027 380.157043 73.929619 370.144012 380.155609 72.911987 370.605194 384.643036 73.149567 370.377960 380.154114 71.941452 371.093781 384.640656 72.201714 370.930969 380.152496 71.021919 371.612671 384.638153 71.302963 371.516205 384.635712 70.455063 372.139099 384.634247 69.654564 372.816345 371.653168 74.652519 370.727509 410.144836 71.712105 372.593140 399.249481 72.051514 371.825317 410.144836 72.033028 372.231445 399.253632 72.902039 371.037323 410.144836 73.875610 370.430145 399.275024 84.760246 365.493439 389.324646 82.184959 366.695709 380.161591 79.594307 368.289459 371.653717 76.975418 370.138794 389.310242 73.396431 370.266876 389.306915 72.472641 370.885498 389.303406 71.596077 371.538086 389.299988 70.767441 372.229584 389.297943 69.980125 372.980835 399.264435 75.699898 368.934326 399.261169 74.728271 369.589966 399.257538 73.795158 370.291443 311.245453 72.510574 384.084351 311.246674 75.308380 384.792603 302.664215 72.212700 385.115631 302.665039 75.080154 385.998840 293.411896 71.908585 385.750488 326.927338 75.745369 381.497192 319.289856 75.530510 383.267517 319.288330 72.799858 382.729858 283.355652 70.182137 385.180908 293.411652 70.523239 385.120880 302.663727 70.860611 384.588959 311.244659 71.191185 383.658356 319.287354 71.511879 382.402222 341.514435 73.593941 377.461487 341.515625 76.149414 377.516937 334.290070 73.343239 379.344269 326.925598 73.078194 381.125427 326.923370 70.625961 380.622559 319.286255 70.291855 382.025757 311.243835 69.942719 383.174072 302.663177 69.582436 383.994354 293.411377 69.214859 384.413422 293.411102 67.997337 383.625580 302.661926 67.295990 382.603271 302.661346 66.305923 381.827820 307.026764 66.518913 381.657013 283.355316 64.546875 380.278870 292.226807 64.933891 380.845673 311.241974 67.703247 382.031677 311.241058 66.729065 381.392944 315.320801 66.935562 381.044922 319.283875 68.096947 381.126862 319.282684 67.137573 380.622284 323.143341 67.334290 380.134399 326.920685 68.471428 379.962738 322.961182 66.468208 379.704376 319.281952 66.277222 380.100494 315.320129 66.071190 380.451996 312.008881 65.899918 380.683075 311.240479 65.860397 380.728333 330.626648 66.857643 378.689117 330.627472 67.708534 379.000183 326.918579 66.671364 379.209595 326.919373 67.524887 379.590607 323.142578 66.477585 379.683228 302.662567 68.391045 383.329346 311.242920 68.777092 382.629089 319.285095 69.150757 381.598175 326.922028 69.507294 380.310028 334.285461 68.821045 378.613220 334.286743 69.841988 378.838043 337.907379 68.984924 377.892151 334.287933 70.941162 379.037689 341.511047 69.142792 377.154572 273.781219 67.163200 382.753967 307.026306 65.645767 380.920013 308.131348 65.701660 380.879028 404.095947 70.525078 373.892914 410.144836 70.375320 374.292969 341.509583 67.365616 376.942841 118.949608 63.836567 373.663025 118.954002 63.692394 369.944397 136.332260 62.517303 370.045532 92.789429 68.110619 377.555725 101.518967 67.225052 378.931183 101.518425 67.681282 379.428802 101.515976 69.767952 380.963470 101.514595 70.879791 381.549255 92.792671 71.402435 380.154968 75.341774 70.336456 373.967529 75.343544 70.624916 374.407837 71.000900 71.246574 373.435120 71.013397 73.068573 375.732788 66.682785 73.509209 374.804596 66.674980 72.399254 373.281158 92.794937 73.396744 381.248260 101.511536 73.065987 382.586639 101.504181 77.235596 384.430878 75.403183 79.059021 381.745270 75.389381 77.354408 380.543762 84.089706 77.302208 381.922272 66.754814 82.646271 382.923615 66.739799 80.819420 381.736877 75.418297 80.841835 382.890228 32.913765 77.825768 362.581146 32.916622 77.792503 361.886139 49.565865 73.613289 361.887482 41.100559 77.331703 369.953278 41.074955 77.894028 371.497681 32.733780 79.508591 369.949066 16.735266 82.792847 361.885223 16.731480 82.813469 362.209229 4.894041 87.238342 362.348145 4.900541 87.220406 362.277985 8.786964 85.813797 362.664825 2.945237 87.964714 362.376251 2.932986 87.983307 362.501678 1.991556 88.329178 362.194916 58.086765 80.965141 380.484344 45.288185 77.192177 372.251617 49.526569 76.561401 373.008972 49.516129 77.483398 374.598480 8.309053 87.727333 366.865479 54.709003 88.678986 339.332794 66.807030 88.678986 337.901276 66.771019 84.585609 339.770355 74.626373 88.678986 337.181610 84.162987 88.678986 336.350769 84.134796 84.747307 337.923706 92.800385 77.290390 340.542847 84.089706 77.301804 341.847260 84.110374 80.954758 339.781372 58.091572 82.721291 342.011017 49.462097 82.991348 343.383911 49.445518 84.794006 342.209595 41.013489 79.559738 349.208679 49.504463 78.583458 347.615753 49.516129 77.480621 349.174042 92.790268 68.963280 345.300568 92.790710 69.426392 344.907135 101.517250 68.689522 343.491577 75.351433 71.948441 347.802765 75.347321 71.259827 348.546783 71.004730 71.808807 349.522491 84.055672 69.147217 347.915436 84.054466 68.831345 348.409485 75.340088 70.076202 350.264740 84.052238 68.344528 349.503632 84.050247 68.023842 350.699158 66.662979 70.878098 353.978394 24.690983 80.788063 359.209869 24.673428 80.868065 358.795959 32.845200 78.653427 357.781494 24.706692 80.684868 359.584473 32.870911 78.401108 358.781342 32.905197 77.938507 360.456635 8.786964 85.813797 361.104279 16.674667 83.152206 360.345154 16.720116 82.882599 361.208008 16.731480 82.813301 361.560364 266.697784 73.362213 337.606384 266.703522 70.685898 339.055908 257.962555 71.184258 339.142181 214.522705 85.727844 326.846771 205.827667 85.785233 325.629181 205.833771 87.169098 324.813385 179.535095 86.036346 324.377655 179.554474 83.676025 326.283020 170.794891 83.873260 326.695984 170.985611 63.994301 344.098083 170.982574 64.465843 343.436798 188.354477 64.183281 344.712280 153.677673 61.723831 354.071014 153.683975 61.630802 361.894379 136.337891 62.458565 361.894867 171.016815 61.104706 361.893555 171.012283 61.235016 369.105438 153.640533 64.353493 380.656403 153.644577 63.890881 379.982635 170.988495 63.559727 378.979401 144.966934 65.130432 381.560394 136.295288 65.463524 381.652740 136.299072 64.938972 381.064484 170.903595 74.860046 389.516937 170.944351 70.131027 385.750061 188.348450 69.428421 384.988068 179.535095 86.035431 399.390503 170.762054 86.143806 398.893463 170.794891 83.872246 397.072021 170.413071 88.036583 400.045258 153.286758 88.365128 398.063416 153.292984 88.060577 397.951019 214.528320 87.142738 397.673492 265.809570 62.857243 347.872467 257.995483 63.392471 347.371338 258.157135 63.787064 346.632141 266.722504 62.538307 375.204376 266.723969 62.105015 373.964508 266.697784 73.366447 386.164154 266.703522 70.690681 384.715485 266.677338 82.290848 389.353760 266.691528 76.226578 387.380768 266.708679 68.257202 382.987335 257.981049 66.626877 380.904694 257.995483 63.394665 376.400452 249.274948 63.691273 376.530029 240.558655 64.705391 378.000366 240.555603 65.543716 379.156921 266.726410 61.454781 371.488800 258.014008 60.802753 361.890350 258.011932 60.902943 357.128052 258.009369 61.125858 354.705475 266.726410 61.454758 352.279694 273.044281 61.723919 350.451447 273.364227 61.632092 350.794525 273.530609 61.572254 351.038147 273.672089 61.504807 351.334320 273.694000 61.491268 351.396759 273.759399 61.435459 351.665405 258.001129 62.335178 349.803558 257.236786 64.845642 345.038025 240.555603 65.540497 344.615173 256.500061 65.882439 343.762024 240.548813 67.458740 342.421967 257.981049 66.622986 342.867737 257.972321 68.769318 340.894684 273.781219 64.776031 343.616241 266.713318 66.127335 342.768829 273.781219 65.067024 343.238342 273.781219 65.860405 342.306213 273.781219 67.254539 340.933380 266.708679 68.252533 340.784973 273.781219 67.992432 340.312592 273.781219 69.734756 339.073853 273.681549 70.237961 338.768188 273.781219 78.538757 335.319702 273.781219 75.589050 336.290802 266.691528 76.223366 336.388977 273.486084 73.662270 337.057129 273.781219 82.527390 334.314484 249.182266 82.589516 333.336761 257.913147 82.450142 334.060760 266.677338 82.289986 334.415009 273.781219 81.505539 334.540955 240.489105 82.714180 332.321198 231.824142 82.830185 331.115936 231.818619 85.634392 329.715118 223.177094 85.678688 328.252655 214.528320 87.143448 326.094940 205.836884 87.903221 324.485901 205.838470 88.285248 324.363770 206.724380 88.678986 324.399658 202.758041 88.678986 323.884552 201.431274 88.284729 323.823303 197.094482 87.918793 400.238403 197.095291 88.292870 400.370514 205.838470 88.285019 399.404999 205.836884 87.902802 399.282745 205.833771 87.168365 398.955048 205.827667 85.784096 398.138763 214.522705 85.726753 396.921173 223.177094 85.677696 395.515320 231.818619 85.633553 394.052917 231.824142 82.829407 392.651825 240.489105 82.713737 391.446686 249.182266 82.589462 390.431366 170.744781 87.352112 399.717834 179.524918 87.294655 400.250824 170.735947 87.995842 400.055725 179.519699 87.966057 400.603333 179.517059 88.316673 400.739288 153.457016 80.079857 392.203796 170.853760 79.426117 393.277618 179.554474 83.674797 397.484833 188.319717 85.936951 399.462372 188.316986 87.243553 400.335876 188.315598 87.939919 400.692780 188.314880 88.303436 400.829529 197.092896 87.201393 399.889923 197.089783 85.853073 399.031372 197.083862 83.327217 397.107574 188.324890 83.490448 397.518921 188.334183 78.779213 393.392731 136.135086 80.647057 390.494110 153.375046 84.272575 395.395447 153.329346 86.370316 396.955566 153.305298 87.475159 397.662354 153.583099 70.872803 385.985992 153.526352 75.642380 389.087585 136.197067 76.352028 388.057526 197.073242 78.487076 392.979614 205.816086 83.185410 396.290527 214.512024 83.059189 395.192932 223.173370 82.942543 393.939850 205.795303 78.219292 392.275848 223.169891 80.303650 392.202454 240.501312 79.925713 390.045258 240.523041 74.559746 386.972412 223.166702 77.719215 390.400726 223.161057 72.732544 386.602692 205.777725 73.389687 388.124512 205.763336 68.785461 383.775146 257.951721 73.811440 386.143280 257.939880 76.591461 387.462921 257.913147 82.450523 389.707642 249.212402 76.913490 387.875275 240.512634 77.202347 388.557068 257.972321 68.773682 382.877075 257.962555 71.188492 384.628662 240.548813 67.462448 381.349915 240.541138 69.645683 383.383789 240.532532 72.028008 385.258545 136.247757 71.626129 385.619781 136.268890 69.120979 384.281006 144.937805 68.749733 384.389160 144.948288 67.489166 383.565918 136.278381 67.849625 383.533508 144.958008 66.267471 382.639435 136.287186 66.614220 382.675720 136.291336 66.025215 382.188293 153.606750 68.401039 384.323029 153.617386 67.164909 383.419189 153.627228 65.971039 382.421173 162.298676 65.716118 382.052979 153.636292 64.861244 381.286407 162.306961 64.643982 380.865814 170.985611 63.995049 379.671509 162.279877 68.072769 384.105499 162.289627 66.871429 383.121185 170.961334 67.762848 383.758667 170.976059 65.493958 381.566162 179.652634 67.469315 383.302460 188.351135 67.190414 382.753632 205.757339 66.665405 381.461151 179.661301 65.295921 380.990295 170.982574 64.466698 380.332916 188.354477 64.185081 379.058411 205.747757 63.182278 376.364960 205.749847 63.928024 377.703308 205.745850 62.528309 374.989624 153.677673 61.724194 369.708191 153.669785 61.981468 373.415863 171.006622 61.554298 372.597656 153.664673 62.229446 375.190247 171.002930 61.844856 374.291290 153.658752 62.601116 376.893127 170.998688 62.257374 375.932922 153.652054 63.138378 378.505249 170.993881 62.820965 377.505127 153.648407 63.484612 379.264587 240.568619 62.195038 373.112122 240.566452 62.704247 374.357422 223.151443 62.975113 375.200348 223.152847 64.392960 377.740906 205.752167 64.764160 378.998474 188.353470 65.113594 380.352203 240.561478 63.952499 376.810242 258.011932 60.903271 366.645355 258.009369 61.126217 369.065369 258.005768 61.582172 371.510681 258.001129 62.336132 373.966583 249.281326 62.534454 374.098969 240.570526 61.766544 371.859375 240.573700 61.180412 369.335724 240.575958 60.889824 366.823761 240.577774 60.759197 361.890564 171.012283 61.234566 354.672668 171.006622 61.553692 351.175873 136.291336 66.026802 341.578979 144.958008 66.268677 341.128418 136.295288 65.464851 342.114532 144.966934 65.131256 342.207428 136.299072 64.940010 342.702820 136.315369 63.232235 346.402588 153.652054 63.138493 345.263275 153.658752 62.601040 346.876312 170.993881 62.820892 346.263763 170.998688 62.257301 347.836456 136.309372 63.727051 344.792236 153.648407 63.484715 344.503845 170.988495 63.559158 344.790009 188.355423 63.357609 346.080048 136.306122 64.061470 344.043091 136.302673 64.467209 343.345276 153.644577 63.890995 343.785767 153.640533 64.353668 343.112000 162.306961 64.643684 342.903259 162.298676 65.715935 341.716248 136.287186 66.616035 341.091583 136.278381 67.851761 340.233887 144.948288 67.490669 340.202026 144.937805 68.751396 339.378845 153.606750 68.401993 339.445648 153.583099 70.873703 337.782562 205.741364 61.237053 353.095581 205.739365 60.868385 356.037079 205.737762 60.703484 361.891724 205.739365 60.868912 367.738403 205.741364 61.237713 370.676758 205.742661 61.555626 372.136902 205.744171 61.982456 373.578552 205.757339 66.662598 342.310608 205.752167 64.761421 344.772980 188.353470 65.111519 343.418762 179.661301 65.294395 342.780182 170.976059 65.493073 342.203705 153.636292 64.861519 342.482025 153.627228 65.971565 341.347351 162.289627 66.871452 340.648132 170.961334 67.762276 340.011383 179.652634 67.468018 340.468231 188.351135 67.188484 341.017548 136.268890 69.123253 339.486450 136.247757 71.628227 338.147766 153.526352 75.643318 334.680664 170.853760 79.427025 330.490753 153.617386 67.165688 340.349426 162.279877 68.072960 339.663849 170.944351 70.130478 338.019775 188.348450 69.426521 338.782837 188.334183 78.779953 330.375671 179.519699 87.966393 323.165344 179.524918 87.295242 323.517700 170.744781 87.352592 324.050720 170.762054 86.144539 324.874786 153.329346 86.370598 326.812927 153.375046 84.273026 328.372894 136.061859 84.623909 330.759216 136.135086 80.647591 333.274292 153.457016 80.080681 331.564545 136.197067 76.353447 335.710297 179.162445 88.678986 322.942780 187.159592 88.678986 322.820831 188.314880 88.303642 322.939240 193.126099 88.678986 323.021729 197.095291 88.293091 323.398224 179.517059 88.316856 323.029480 170.413177 88.036827 323.723480 163.873703 88.678986 324.183441 153.286758 88.365204 325.705383 153.280487 88.678986 325.620544 188.356262 62.654312 347.518280 188.357025 62.086445 349.019836 205.745850 62.527996 348.779236 205.744171 61.982388 350.190094 240.568619 62.194748 350.656158 240.566452 62.702984 349.412537 223.151443 62.973671 348.569794 205.747757 63.180859 347.405396 205.749847 63.925716 346.067749 223.152847 64.390068 346.030548 205.742661 61.555206 351.633423 240.570526 61.766495 351.908508 240.573700 61.179916 354.435272 240.575958 60.889400 356.949890 249.281326 62.533337 349.671021 240.561478 63.949837 346.961243 249.274948 63.688824 347.241547 240.558655 64.702408 345.771484 257.826080 64.140419 346.058716 258.005768 61.582138 352.257446 266.723969 62.104248 349.805939 266.722504 62.536945 348.567078 269.774567 62.315311 348.844818 271.491425 62.041134 349.487274 272.586853 61.831261 350.091125 205.763336 68.782608 339.996277 223.156433 68.152527 341.345123 205.816086 83.186783 327.477081 214.512024 83.060440 328.574677 223.173370 82.943588 329.827789 188.315598 87.940300 323.075897 197.094482 87.919205 323.530243 188.316986 87.244225 323.432587 197.092896 87.202110 323.878510 188.319717 85.938004 324.305664 197.089783 85.854202 324.736603 188.324890 83.491814 326.248810 197.083862 83.328629 326.660095 197.073242 78.487640 330.788788 205.795303 78.219597 331.492554 205.777725 73.388130 335.645264 223.166702 77.718826 333.367706 223.161057 72.730156 337.167236 231.834030 77.466873 334.341217 240.532532 72.024750 338.511688 249.225708 74.202713 337.339752 249.237869 71.626877 338.946472 257.951721 73.807877 337.626770 240.541138 69.641884 340.387329 273.781219 64.165634 344.489532 240.512634 77.201012 335.211639 249.212402 76.911583 335.893677 257.939880 76.588928 336.306366 273.501129 71.607864 338.015869 2.011789 88.309410 361.785339 2.972188 87.943130 361.686768 4.900541 87.220406 361.490967 1.173524 88.632607 361.872009 1.293156 88.586281 361.859589 1.532541 88.493782 361.834808 1.068878 88.673180 361.882843 1.083825 88.667381 361.881317 1.113722 88.655785 361.878204 1.057668 88.677536 361.884033 1.055799 88.678261 361.884216 49.565250 73.649475 360.664490 32.913765 77.825493 361.189606 49.563412 73.775558 359.420990 49.560341 74.005524 358.142120 49.556042 74.338936 356.815155 1.055758 88.678299 361.883789 1.057634 88.677567 361.883667 1.059536 88.676811 361.883820 1.061404 88.676086 361.883636 1.083768 88.667526 361.880737 1.113607 88.656067 361.877075 1.173293 88.633171 361.869751 1.292698 88.587410 361.855133 1.531631 88.496040 361.825897 2.009997 88.313911 361.767548 2.968717 87.952118 361.651367 4.894041 87.238304 361.420929 8.775681 85.849297 360.967285 16.658573 83.222061 360.083618 1.061374 88.676140 361.883331 1.068817 88.673294 361.882263 1.083703 88.667610 361.880096 1.113478 88.656235 361.875824 1.173036 88.633507 361.867218 1.292185 88.588074 361.850037 1.530614 88.497375 361.815735 2.007995 88.316605 361.747253 2.964838 87.957542 361.611053 4.886775 87.249321 361.341339 8.763069 85.872078 360.812225 16.640581 83.271141 359.790649 2.945237 87.964493 361.392944 4.827123 87.302956 360.665619 4.850066 87.265251 360.912140 8.659522 85.990700 359.507782 8.699347 85.912704 359.982697 16.598921 83.316917 359.082550 24.632774 80.970848 357.815796 32.813774 78.842621 356.583557 41.122753 76.927299 355.315796 49.553432 74.537567 356.128571 49.550518 74.749283 355.420502 41.074955 77.891350 352.275177 45.305237 76.538345 353.101105 41.100559 77.329483 353.819305 49.543758 75.219551 353.926971 45.288185 77.189575 351.521118 49.526569 76.558952 350.763611 49.535782 75.809998 352.358765 53.790714 75.144386 351.579346 53.792835 74.441689 353.157776 58.066010 73.713432 352.323517 58.064899 73.355751 353.115051 58.068504 74.541313 350.750854 62.366848 73.997810 349.875275 62.361061 73.033279 351.428314 153.669785 61.980949 350.357849 136.332260 62.517033 353.734314 136.325211 62.709965 349.923431 118.954002 63.692184 353.835358 118.949608 63.836243 350.110352 101.523773 65.330315 354.553711 101.522758 65.458221 351.166443 84.044601 67.515640 356.016174 84.046951 67.673462 353.265839 66.655777 70.316475 357.851990 66.658775 70.524223 355.889130 66.653374 70.182327 361.889526 84.042725 67.433731 361.891937 101.524590 65.287506 361.893829 118.957512 63.654335 361.894745 58.063892 73.038475 353.911682 66.666916 71.297073 352.592804 66.665527 71.138130 353.047699 84.053322 68.562950 348.939880 66.668381 71.479492 352.148773 66.671532 71.908463 351.296417 70.997398 70.758179 351.212585 71.000900 71.246872 350.334015 75.341774 70.336960 349.801025 75.343544 70.625542 349.360870 79.696457 70.043518 348.395508 101.521324 65.826630 348.061859 101.520462 66.208008 346.646698 101.519989 66.479195 345.991302 92.789047 67.746094 346.734436 101.519493 66.820038 345.386139 92.789429 68.112030 346.211365 101.518967 67.226707 344.835480 92.789833 68.522316 345.733917 101.518425 67.683342 344.337830 101.517853 68.174232 343.891479 66.674980 72.399147 350.488892 66.682785 73.508682 348.966095 71.013397 73.068535 348.037415 101.515976 69.770805 342.803467 92.791656 70.399864 344.216125 101.514595 70.882645 342.217865 75.365723 74.166832 345.763977 84.072792 73.743187 344.076294 84.065742 71.985855 345.279816 84.059631 70.275925 346.638489 79.699829 70.749741 347.579498 84.062569 71.114403 345.925354 79.703499 71.514343 346.851318 79.707458 72.312813 346.179596 84.056938 69.499741 347.456696 118.943474 64.267586 346.698761 118.939735 64.708611 345.148895 118.937706 65.018372 344.432739 118.935570 65.403923 343.772003 118.933311 65.860916 343.171173 118.930962 66.372383 342.628784 118.928490 66.921486 342.143066 118.925911 67.497482 341.708771 118.920425 68.704674 340.964508 118.914505 69.943504 340.335449 118.901337 72.367790 339.232452 171.002930 61.844448 349.479950 153.664673 62.229080 348.581085 136.320633 62.910664 348.119598 58.071388 75.513100 349.184875 62.373524 75.094078 348.350403 66.691788 74.735306 347.495239 2.932986 87.983055 361.267517 1.991556 88.329048 361.574127 8.614386 86.128136 359.027802 1.522265 88.503525 361.728790 1.287978 88.591133 361.806488 1.997879 88.319832 361.637360 1.525477 88.498932 361.760559 1.289596 88.588837 361.822388 1.170925 88.635025 361.845428 1.112420 88.656998 361.864899 1.083174 88.667992 361.874664 1.059485 88.676857 361.883301 1.057586 88.677612 361.883179 1.061241 88.676231 361.881958 1.068552 88.673485 361.879547 16.549686 83.392708 358.254730 16.492874 83.561317 357.382355 8.563939 86.327171 358.554138 16.428490 83.838318 356.501801 24.529293 81.397781 355.501984 24.584730 81.121422 356.686523 8.508183 86.590141 358.096130 16.356531 84.227669 355.633362 24.466465 81.819672 354.308350 32.733780 79.505981 353.823669 32.776634 79.100090 355.231964 8.447117 86.914070 357.662933 16.276997 84.733612 354.793823 24.396246 82.392525 353.132141 32.685211 80.081383 352.408020 53.788261 76.000031 349.989105 49.521503 76.997726 349.966431 58.072971 76.054405 348.407349 66.725998 79.111290 343.311096 66.713394 77.529343 344.658325 58.082344 79.358139 344.665314 58.078308 77.913849 346.123291 49.491570 79.874382 346.113190 40.977642 80.680969 347.742157 32.570938 81.767288 349.669312 8.380740 87.294769 357.262970 16.189888 85.350815 354.000000 24.318632 83.122032 351.995667 32.630932 80.832939 351.014740 41.045929 78.632217 350.728455 16.095203 86.071770 353.267365 24.141235 85.020241 349.930695 24.233631 84.001228 350.921448 8.309053 87.727188 356.903503 8.105820 88.678986 356.298492 8.149750 88.678986 356.267242 10.311297 88.678986 354.780945 15.992945 86.887360 352.609497 15.765703 88.678986 351.448975 24.041449 86.167015 349.041931 32.505226 82.876686 348.398132 32.433804 84.149979 347.226318 40.938374 81.988304 346.356842 40.895699 83.470543 345.079956 49.477448 81.347000 344.693451 58.086765 80.963043 343.286163 66.739799 80.817513 342.033386 40.849602 85.113358 343.936066 32.356670 85.573341 346.176147 20.315920 88.678986 349.081055 23.819702 88.678986 347.480377 30.771791 88.678986 344.808380 42.089138 88.678986 341.629669 66.696739 75.389267 346.771912 71.023384 74.428902 346.629547 75.355865 72.671783 347.103699 71.034714 75.876320 345.262848 66.701988 76.072334 346.057129 58.074657 76.634254 347.636383 75.376900 75.724098 344.473969 84.080780 75.512123 342.939301 92.794937 73.398552 342.519836 92.792671 71.404732 343.612762 88.426224 70.744362 345.041412 88.424225 69.835716 345.741699 84.058250 69.878189 347.032135 101.511536 73.068398 341.180817 101.504181 77.236481 339.337402 118.831116 81.035408 335.358185 66.754814 82.644722 340.846161 84.122116 82.831818 338.820404 75.418297 80.840210 340.879700 75.403183 79.057495 342.024902 75.389381 77.353218 343.226532 101.478683 86.772316 335.100922 101.475563 87.713898 334.734192 118.746628 87.677475 331.996246 135.988541 88.122581 328.716492 118.739761 88.170349 331.815521 101.473969 88.192696 334.574341 101.484596 84.913147 335.910553 118.760010 86.723526 332.434082 135.999542 87.590836 328.946289 153.292984 88.060699 325.817749 101.495209 81.153130 337.594879 118.785469 84.859268 333.405762 136.021011 86.576668 329.510498 153.305298 87.475357 326.106323 170.735947 87.996117 323.712982 24.041449 86.167419 374.727264 15.992945 86.887634 371.159637 8.614386 86.129128 364.742432 1.055758 88.678299 361.885010 8.563939 86.328125 365.215912 1.055799 88.678261 361.884613 41.013489 79.562660 374.563599 32.570938 81.769722 374.102142 32.630932 80.835686 372.757416 24.318632 83.124084 371.775452 8.380740 87.295158 366.506256 16.095203 86.072495 370.502167 24.141235 85.021255 373.839050 32.433804 84.151215 376.543549 32.356670 85.573853 377.593109 40.895699 83.471947 378.689941 40.849602 85.113991 379.833191 49.462097 82.992859 380.385986 49.445518 84.794754 381.559692 66.771019 84.586617 383.998993 58.091572 82.722855 381.758820 49.477448 81.349167 379.077209 40.938374 81.990402 377.413879 32.505226 82.878586 375.372498 24.233631 84.002815 372.848938 16.189888 85.351974 369.770050 8.447117 86.914696 366.106567 41.045929 78.635147 373.044281 32.685211 80.084183 371.364594 24.396246 82.394867 370.639587 16.276997 84.735123 368.976746 49.504463 78.586304 376.156372 53.785488 77.021500 375.362366 58.078308 77.916359 377.648438 66.701988 76.073906 377.714050 66.713394 77.531265 379.112732 62.381084 76.323784 376.921326 58.074657 76.636566 376.135620 40.977642 80.683594 376.029419 49.491570 79.877014 377.658295 58.082344 79.360573 379.105865 66.725998 79.113335 380.459625 24.466465 81.822083 369.463806 16.356531 84.229408 368.137665 8.508183 86.590965 365.673645 1.061241 88.676231 361.886841 1.057586 88.677612 361.885620 1.057634 88.677567 361.885132 1.068742 88.673309 361.887360 1.068552 88.673485 361.889282 1.068817 88.673294 361.886566 1.061336 88.676147 361.885895 1.059485 88.676857 361.885529 1.057668 88.677536 361.884796 1.068878 88.673180 361.885956 1.061374 88.676140 361.885498 1.083825 88.667381 361.887512 1.113722 88.655785 361.890625 1.083768 88.667526 361.888062 1.113607 88.656067 361.891724 1.083703 88.667610 361.888702 1.113478 88.656242 361.893005 1.083554 88.667633 361.890289 1.113180 88.656281 361.896179 1.083174 88.667992 361.894165 1.112420 88.657005 361.903931 1.525477 88.498993 362.008362 1.287978 88.591164 361.962372 1.290999 88.588264 361.931458 1.170925 88.635040 361.923431 1.172441 88.633598 361.907928 1.292185 88.588089 361.918823 1.173036 88.633507 361.901611 1.292698 88.587410 361.913696 1.173293 88.633171 361.899078 1.293156 88.586281 361.909241 1.532541 88.493782 361.934021 1.531631 88.496040 361.942963 1.530614 88.497398 361.953156 1.528260 88.497765 361.978394 2.003358 88.317436 362.071930 2.007995 88.316643 362.021667 2.964838 87.957619 362.157990 2.968717 87.952141 362.117584 1.997879 88.319946 362.131653 2.955854 87.959442 362.257782 4.869950 87.254089 362.624481 4.886775 87.249466 362.427948 8.763069 85.872345 362.957458 4.850066 87.265678 362.857422 8.733864 85.885841 363.338135 16.640581 83.271622 363.979675 4.827123 87.303444 363.103973 8.659522 85.991646 364.262512 8.699347 85.913521 363.787537 16.549686 83.394196 365.516632 16.598921 83.318008 364.688446 24.632774 80.972282 365.955841 16.492874 83.563026 366.389099 24.584730 81.123383 367.085602 32.813774 78.844223 367.188385 16.720116 82.882790 362.561371 2.972188 87.943130 362.082153 2.009997 88.313919 362.001343 2.011789 88.309410 361.983521 1.173524 88.632607 361.896820 1.061404 88.676086 361.885193 1.059536 88.676811 361.884979 8.775681 85.849365 362.802032 16.658573 83.222191 363.686005 24.690983 80.788231 364.559875 24.673428 80.868690 364.974762 32.845200 78.654129 365.989319 16.674667 83.152206 363.424103 24.706692 80.684868 364.184814 32.870911 78.401108 364.987885 16.428490 83.840118 367.269531 24.529293 81.400063 368.270294 32.776634 79.102303 368.540558 41.122753 76.928879 368.456116 58.062977 72.766167 369.056152 66.665527 71.138100 370.720978 62.356167 72.239967 370.714874 66.668381 71.479500 371.620361 66.671532 71.908478 372.473206 62.358505 72.611511 371.540558 62.361061 73.033768 372.342194 62.366848 73.998795 373.895935 58.066010 73.714256 371.447388 58.068504 74.542694 373.020782 53.792835 74.442795 370.613495 53.790714 75.146095 372.192657 49.543758 75.220879 369.844574 49.535782 75.811951 371.413513 45.305237 76.540474 370.671356 49.556042 74.338951 366.953796 49.550518 74.749847 368.349854 58.063892 73.038811 369.858154 1.522265 88.503586 362.040131 66.658775 70.524498 367.881653 66.662979 70.878120 369.790436 58.062160 72.536652 368.253662 49.560341 74.005798 365.628021 1.061336 88.676147 361.882935 1.068742 88.673302 361.881470 1.083554 88.667625 361.878540 1.113180 88.656281 361.872650 1.172441 88.633583 361.860901 1.290999 88.588242 361.837402 1.528260 88.497726 361.790527 2.003358 88.317352 361.697052 2.955854 87.959274 361.511383 4.869950 87.253777 361.144989 8.733864 85.885231 360.431915 49.565250 73.649780 363.108368 53.788261 76.002251 373.783203 58.071388 75.515007 374.587097 62.373524 75.095596 375.421173 75.452469 84.643951 384.946777 101.478683 86.773109 388.668213 101.475563 87.714317 389.034760 66.691788 74.736374 376.275848 71.034714 75.877449 378.507904 84.080780 75.511856 380.830017 84.072792 73.742249 379.692719 75.376900 75.724762 379.296295 75.365723 74.166908 378.006073 71.023384 74.429489 377.141022 101.473969 88.192909 389.194550 118.760010 86.724121 391.334900 118.746628 87.677788 391.772675 118.739761 88.170502 391.953339 136.021011 86.576866 394.258270 135.999542 87.590919 394.822510 135.988541 88.122604 395.052338 135.982971 88.397316 395.143097 84.134796 84.748512 385.845673 101.484596 84.914291 387.858765 118.785469 84.860031 390.363342 136.061859 84.624100 393.009521 118.901337 72.365067 384.534607 118.831116 81.035347 388.410461 101.495209 81.153687 386.174133 84.110374 80.956039 383.988220 92.800385 77.290070 383.225983 75.347321 71.259109 375.222290 71.004730 71.808502 374.247070 79.696457 70.042580 375.372742 84.056938 69.498497 376.311127 84.058250 69.876770 376.735840 70.997398 70.757996 372.556213 75.338493 69.850365 373.015686 75.340088 70.075829 373.503662 84.053322 68.562477 374.827972 88.426224 70.742371 378.726501 84.062569 71.112831 377.843018 84.059631 70.274391 377.129608 79.703499 71.513222 376.917542 79.699829 70.748604 376.189087 75.351433 71.947792 375.966614 92.791656 70.397514 379.551392 88.424225 69.833832 378.025970 84.065742 71.984406 378.488800 79.707458 72.311844 377.589539 75.355865 72.671326 376.665955 84.055672 69.146210 375.852325 92.789833 68.520569 378.033173 92.790268 68.961258 378.466614 92.790710 69.424187 378.860138 101.517853 68.171844 379.875244 101.517250 68.686905 380.275208 84.054466 68.830605 375.358215 92.789047 67.745064 377.032715 101.519989 66.478424 377.775909 101.519493 66.818825 378.380676 75.336967 69.661705 372.505676 84.052238 68.344284 374.264496 101.520462 66.207619 377.121124 75.334175 69.371460 371.441589 84.046951 67.673714 370.505951 84.050247 68.023880 373.069763 101.522758 65.458481 372.606293 101.521324 65.826683 375.707245 32.905197 77.938828 363.313446 49.563412 73.775932 364.350250 66.655777 70.316811 365.921448 84.044601 67.515892 367.760132 101.523773 65.330505 369.224915 118.943474 64.267647 377.070526 118.939735 64.708221 378.618958 118.937706 65.017609 379.334473 118.935570 65.402756 379.994812 118.933311 65.859314 380.595459 118.930962 66.370369 381.137756 118.928490 66.919128 381.623505 118.925911 67.494858 382.057800 118.920425 68.701729 382.802185 118.914505 69.940468 383.431396 136.325211 62.710381 373.850250 136.320633 62.910973 375.651642 136.315369 63.232304 377.366821 136.309372 63.726765 378.975922 136.306122 64.060974 379.724609 136.302673 64.466454 380.422119 143.895615 88.678986 327.152771 135.982971 88.397308 328.625732 120.201309 88.678986 331.419769 97.317337 88.678986 334.981476 283.355652 77.742027 335.603760 283.355682 80.916718 334.803375 293.412476 81.020767 335.417755 319.289764 75.530518 340.501282 326.927216 75.745377 342.271606 326.925507 73.078201 342.643372 390.242462 70.041878 350.743469 389.297943 69.980125 350.787994 389.299988 70.767441 351.539246 384.643005 73.149574 353.390839 380.155579 72.911995 353.163605 380.157013 73.929626 353.624817 375.830841 72.693474 352.818756 371.652374 72.492004 352.368286 371.652740 73.549431 352.714203 367.603149 69.418228 350.839783 363.668091 69.214691 350.402283 363.668091 70.124176 350.688904 359.829498 69.942162 350.113953 356.071045 69.771362 349.480713 356.071259 71.813530 349.753571 341.514343 73.593948 346.307312 341.515564 76.149422 346.251862 348.731445 76.343269 348.301788 399.275024 84.760269 358.275360 410.144836 83.904747 358.365570 410.144836 82.373795 357.969879 283.355133 65.442062 342.377289 283.355499 71.600594 337.853119 283.355591 74.610062 336.608734 341.516632 81.597572 346.180115 326.928802 81.414139 341.744843 319.291168 81.319176 339.732574 311.247620 81.221977 337.957336 302.665588 81.122520 336.494080 356.071655 81.778374 350.643036 356.071533 76.540657 350.274231 380.162323 84.655792 356.317139 389.325073 84.708305 357.517059 389.324585 82.184975 357.073120 399.274445 82.291000 357.741058 399.272919 79.954269 356.977966 410.144836 80.378983 357.279724 410.144836 77.872292 356.104553 363.668243 81.871925 352.683380 371.654022 79.422020 354.116760 363.668213 76.748932 352.079987 371.653687 76.975426 353.630005 363.668152 74.355736 351.664246 348.730011 71.520584 348.128815 352.375977 67.840340 348.607056 348.728363 67.680153 348.030304 348.729126 69.451897 348.089203 342.906525 67.426987 347.061493 367.603455 71.284225 351.518982 363.668121 71.098145 350.952148 363.668121 72.131592 351.199158 359.829498 71.968346 350.504852 359.829468 69.026978 349.893738 352.376404 69.608894 348.801636 356.070984 68.851852 349.326691 356.070923 68.007141 349.150146 359.829468 68.184082 349.646942 371.653107 74.652527 353.041290 380.160309 77.227478 354.835175 380.159363 76.091087 354.462433 380.158234 74.990562 354.058380 371.654236 84.605568 354.735199 371.654205 81.969894 354.488495 380.162140 82.073997 355.977539 380.161560 79.594315 355.479370 389.323303 79.781837 356.433624 389.320526 77.507439 355.615387 399.269684 77.755234 356.004242 389.318512 76.421860 355.144196 399.267273 76.709183 355.443298 389.316071 75.373390 354.633850 399.264435 75.699905 354.834503 389.313293 74.364189 354.085907 399.261139 74.728271 354.178864 389.310211 73.396431 353.501953 399.257538 73.795166 353.477386 389.306915 72.472641 352.883301 384.640625 72.201714 352.837860 380.154083 71.941452 352.675018 375.829987 71.703377 352.392792 371.651947 71.485138 352.003326 371.651062 69.640823 351.193787 375.828186 69.885704 351.451752 374.586182 68.986359 350.876251 399.249451 72.051521 351.943512 399.245483 71.243263 351.109131 410.144836 72.033028 351.537384 410.144836 71.712105 351.175690 410.144836 73.875610 353.338684 399.253632 72.902039 352.731506 389.303375 71.596077 352.230743 384.638123 71.302963 352.252625 384.635712 70.455063 351.629730 380.152466 71.021919 352.156158 380.150909 70.156113 351.601196 375.829102 70.766281 351.939178 371.651520 70.533356 351.614014 367.603302 70.320282 351.193085 384.634216 69.654564 350.952484 380.149994 69.343445 350.997070 375.827667 69.063255 350.920135 360.849518 68.233665 349.770599 363.668091 68.374649 350.084930 367.603058 68.582367 350.451508 371.650787 68.810730 350.734100 283.355438 70.182137 338.587921 293.411713 71.908592 338.018341 293.412109 74.847000 336.956268 283.355377 68.843857 339.410797 293.411469 70.523239 338.647949 302.664062 72.212700 338.653168 302.664856 75.080170 337.769958 283.355286 67.600685 340.324493 293.411194 69.214851 339.355408 302.663574 70.860611 339.179840 311.245300 72.510574 339.684448 311.246521 75.308395 338.976196 334.290009 73.343246 344.424530 319.288177 72.799858 341.038940 319.287201 71.511879 341.366577 311.244537 71.191185 340.110443 311.243683 69.942719 340.594727 302.662994 69.582428 339.774445 302.662415 68.391045 340.439453 293.410889 67.997330 340.143250 293.410583 66.880798 341.001099 283.355225 66.463348 341.317657 302.661774 67.295982 341.165558 302.661163 66.305916 341.940979 293.410278 65.874725 341.916565 311.241821 67.703247 341.737152 311.240906 66.729057 342.375885 307.026611 66.518906 342.111786 283.355103 64.546867 343.489960 292.226807 64.933891 342.923126 293.410095 64.987907 342.875854 302.660797 65.428192 342.751160 307.026154 65.645760 342.848785 311.242798 68.777092 341.139709 319.284973 69.150749 342.170624 326.920563 68.471428 343.806061 319.283752 68.096947 342.641937 326.921967 69.507294 343.458771 315.320679 66.935555 342.723907 330.627380 67.708534 344.768616 326.919250 67.524887 344.178223 323.143250 67.334290 343.634399 319.282593 67.137573 343.146515 334.286652 69.841988 344.930756 334.285370 68.821045 345.155579 341.512817 71.235535 346.422211 341.510956 69.142792 346.614227 334.287872 70.941162 344.731110 337.907318 68.984924 345.876648 319.286163 70.291855 341.743042 326.923248 70.625961 343.146240 334.284149 67.884415 345.396271 322.961182 66.468208 344.064423 319.281830 66.277222 343.668304 315.320007 66.071182 343.316803 311.240326 65.860397 343.040497 308.131348 65.701660 342.889801 399.243042 70.468323 350.205414 404.095947 70.525078 349.875885 410.144836 70.375320 349.475861 410.144836 76.965027 355.583893 410.144836 75.797546 354.828430 341.509491 67.365616 346.825958 337.905518 67.204247 346.223541 334.283386 67.035507 345.637665 330.626587 66.857635 345.079712 326.918488 66.671356 344.559204 323.142456 66.477577 344.085602 356.276184 59.210075 325.753693 294.369171 62.402088 334.086121 418.505524 68.447548 291.075043 418.502747 68.205261 291.054321 397.756683 68.038963 290.818268 418.475372 66.074249 291.509918 397.739929 66.013596 291.418610 397.743256 66.378113 291.224762 397.755005 67.813698 290.828979 397.753296 67.593468 290.852631 387.383881 67.604050 290.749542 366.643066 66.098877 291.685791 366.643829 66.402008 291.422028 377.008820 66.208572 291.372803 377.010406 66.545914 291.147949 418.382812 61.836998 296.503265 439.077789 62.008430 296.332275 439.022583 60.899555 298.831299 356.279510 68.145943 290.620239 356.279480 67.964638 290.692108 351.096100 68.072723 290.767426 345.918152 66.002968 293.108887 345.919373 65.593452 293.792114 335.561829 66.082825 294.328217 299.368408 69.908333 294.241089 294.224731 70.167374 294.961914 294.220642 70.506721 294.290741 591.922424 77.279114 309.949615 591.883423 76.416687 310.386749 582.559753 75.234924 305.464783 572.917053 73.190125 301.711487 572.825439 72.354980 302.431580 562.969788 71.223427 298.931854 552.974609 71.057747 295.534973 553.080994 72.085930 294.778809 563.178162 73.069420 297.425995 532.099426 66.716019 296.274109 542.413818 67.634659 296.807465 542.233154 66.359665 298.886353 531.627563 63.526569 302.913879 541.897949 64.371635 303.307587 541.597717 62.953720 307.989044 551.802856 63.786209 309.001160 531.352966 62.191723 307.676971 521.096008 61.500393 307.702789 521.345093 62.758457 302.890442 439.219604 66.784683 291.487793 439.227478 67.200890 291.371399 480.710999 68.590370 291.682800 439.203979 66.017685 291.813782 439.211761 66.390259 291.637390 480.683319 67.786255 291.910400 500.565979 60.330353 307.964386 520.875977 60.733177 312.681244 601.053955 66.388405 328.964691 601.053955 66.162025 329.684052 591.236389 65.258842 326.825378 601.053955 65.251350 334.678345 479.637787 59.030125 324.048279 438.617279 58.299461 325.885376 520.522827 60.471527 322.955292 540.906677 61.454971 322.970520 551.069031 62.011677 323.570312 561.185547 62.611370 324.692596 571.240051 63.253788 326.295349 581.169128 63.876545 330.364929 601.053955 65.738594 331.325439 601.053955 65.472244 332.743652 591.197571 64.903694 328.672882 581.228577 63.938652 328.283142 581.294128 64.115669 326.216675 520.684875 60.400257 317.779663 479.742798 58.794266 318.748291 438.676971 58.054523 320.346649 438.747375 58.114265 314.841248 438.828430 58.532238 309.393341 479.866577 58.917171 313.501312 480.009155 59.444862 308.340240 601.053955 66.703270 328.077637 591.324097 66.315201 323.236298 591.278564 65.730118 325.010559 581.527710 65.332542 320.185303 581.443726 64.813499 322.160217 571.422668 63.608025 321.832581 601.053955 68.125359 325.002258 601.053955 67.913353 325.394379 596.220886 67.560280 323.232452 591.372986 67.011528 321.510315 530.899597 60.935776 317.687561 541.102112 61.524529 317.869629 551.276489 62.166321 318.598602 561.391052 62.860905 319.936340 581.365845 64.407425 324.173157 601.053955 67.358971 326.514343 438.920166 59.400314 304.033112 438.970032 60.051743 301.406982 480.258179 61.190674 300.853638 500.768860 61.453648 303.051331 480.170471 60.458321 303.303192 480.738922 69.476425 291.604492 439.243347 68.098373 291.263550 480.753021 69.950005 291.636200 439.251373 68.579514 291.284790 439.196198 65.667038 292.010651 480.656006 67.064629 292.239685 439.180817 65.029427 292.447174 480.628937 66.423828 292.629303 439.165619 64.466209 292.930115 480.602142 65.853325 293.063507 459.692017 61.348915 298.617737 459.766846 62.498798 296.223663 480.350586 62.120468 298.465027 480.447693 63.307400 296.162903 521.772949 65.876198 296.159302 480.669617 67.415100 292.065308 522.136719 70.197060 292.136444 522.094482 69.533943 292.462280 522.200867 71.316933 291.815308 480.724915 69.023186 291.621979 439.235413 67.638809 291.294525 522.179321 70.927025 291.893646 522.157959 70.553711 292.002289 480.697144 68.178040 291.780914 522.011353 68.395973 293.251190 522.052673 68.936371 292.838074 532.272644 68.277832 294.301514 521.850647 66.614388 295.134674 521.930054 67.446083 294.159302 480.497986 64.034111 295.068665 480.549469 64.872375 294.028046 439.106384 62.700424 295.137268 521.480469 63.602962 300.568817 562.065613 65.430397 308.626465 561.912292 64.688995 310.795502 572.022034 66.456657 311.297272 581.924988 68.517990 312.812653 572.166382 67.366867 309.353638 562.228088 66.291969 306.518799 552.121643 65.293495 304.478455 571.637939 64.411232 317.483734 571.757812 64.980408 315.369781 581.617798 65.963135 318.255829 581.714111 66.704552 316.378967 591.425110 67.816895 319.840240 591.480591 68.729034 318.233643 596.247742 68.399109 321.670074 596.276306 69.342781 320.173004 601.053955 68.998650 323.549438 561.633301 63.551502 315.286133 571.885803 65.661850 313.305298 581.816467 67.556274 314.562042 591.539429 69.745148 316.697754 531.110291 61.344238 312.617584 541.332458 62.017773 312.859772 551.521118 62.753605 313.725281 521.623108 64.626801 298.317780 531.934143 65.453362 298.400757 542.061157 65.284096 301.059448 552.294983 66.242950 302.313751 562.399719 67.280434 304.481232 572.318909 68.396370 307.482727 582.039673 69.590576 311.138580 591.601562 70.862877 315.239838 596.306519 70.387177 318.748260 601.053955 69.997757 322.133514 552.477539 67.345596 300.226288 552.669434 68.632004 298.233459 562.580566 68.410980 302.522980 532.362244 69.211502 293.402740 532.407837 69.738564 292.991638 532.453857 70.318085 292.615173 532.500427 70.957703 292.284943 501.483765 70.491585 291.702240 501.501434 70.945221 291.722076 522.222473 71.723381 291.772034 522.244202 72.146309 291.768585 532.619019 72.823853 291.869415 532.523926 71.300514 292.146271 532.547485 71.658592 292.031036 532.571228 72.031876 291.943604 537.729675 72.046425 292.229248 537.680359 71.361664 292.488586 542.929688 72.803253 292.522278 542.955750 73.171165 292.454865 548.116089 73.566780 293.093689 522.266052 72.585655 291.809723 523.271729 72.647202 291.812561 542.701233 70.098793 293.994812 542.751038 70.610191 293.588776 547.852234 70.569321 294.632935 547.956055 71.619057 293.862244 542.801392 71.168785 293.214417 542.852295 71.781357 292.882050 542.903748 72.448952 292.618530 548.089050 73.210083 293.166199 553.244873 73.975845 294.007385 548.008850 72.216789 293.531616 548.062195 72.866158 293.265778 553.217224 73.630989 294.084137 558.324707 74.398346 295.199280 558.380920 75.095848 295.121033 558.352722 74.741653 295.145447 553.300659 74.701042 293.942902 553.272705 74.332550 293.959167 550.450256 74.486511 293.408478 548.143250 73.936195 293.051880 543.008301 73.947586 292.422058 542.981934 73.552628 292.420166 532.595032 72.420311 291.888275 563.340515 74.834259 296.667297 563.285828 74.205688 296.853912 558.296875 74.065956 295.279449 553.135010 72.667931 294.452179 553.189636 73.298019 294.186096 558.269165 73.744537 295.382843 563.231750 73.617302 297.114258 532.643127 73.242432 291.891388 538.954529 73.665771 292.119751 572.479614 69.555656 305.693207 562.770569 69.707916 300.659637 562.869019 70.434647 299.775848 572.735962 71.582565 303.196777 572.648499 70.862228 303.998566 591.701050 72.730385 313.215424 582.223206 71.420006 308.786743 591.735840 73.405464 312.588837 582.287476 72.094795 308.051880 591.771545 74.108810 311.989532 573.010620 74.119125 301.060364 563.072876 72.088234 298.138397 552.870544 70.166626 296.383270 542.603210 69.184715 294.877380 573.058228 74.629356 300.771637 563.368103 75.163513 296.608582 568.311890 75.598099 298.325714 568.233093 74.681458 298.576843 568.285461 75.283577 298.388672 573.106323 75.171829 300.524353 582.631653 76.196350 304.975555 582.489380 74.363289 306.041809 591.845276 75.607590 310.882355 582.420532 73.561150 306.674683 591.807983 74.841789 311.419556 582.353210 72.807335 307.346710 573.154907 75.746284 300.335907 577.946533 76.222366 302.480347 582.668213 76.711815 304.789032 591.942200 77.730743 309.766052 562.492798 75.428123 296.293365 563.395813 75.502693 296.576660 568.338440 75.921555 298.286804 573.203979 76.352432 300.223602 573.940491 76.419334 300.537811 577.990234 76.795296 302.358185 585.712280 77.549782 306.210785 591.962219 78.195747 309.614136 601.053955 79.189110 314.885712 601.053955 78.420021 315.242218 601.053955 77.664307 315.626282 601.053955 76.196770 316.474854 601.053955 75.648438 316.829468 601.053955 75.486847 316.938141 601.053955 74.794075 317.426666 601.053955 74.119400 317.939850 596.372192 72.763145 316.143616 601.053955 73.463760 318.477081 601.053955 72.596962 319.251953 582.160522 70.779457 309.547882 591.667053 72.082214 313.867218 596.338501 71.528252 317.402802 601.053955 71.048141 320.852081 501.519257 71.417542 291.792664 480.767181 70.443871 291.723145 473.557526 70.151245 291.680023 439.259430 69.082153 291.364624 314.904999 65.003624 304.072937 335.584290 63.508194 302.034607 335.600372 62.232727 308.443176 283.988892 69.241364 302.381439 294.252197 68.324974 300.455719 294.281036 66.824005 307.114990 314.890259 65.780220 300.804016 283.978516 70.034500 299.070343 294.236755 69.270134 297.219330 304.542542 67.988426 297.274048 304.533905 68.573402 295.721283 314.858582 67.944321 294.533905 304.529510 68.907219 294.973511 294.228760 69.848076 295.681671 299.372742 69.551804 294.930176 299.363983 70.289505 293.611786 304.518341 69.870186 293.299103 304.520599 69.663010 293.603088 309.677948 69.657578 292.757446 309.680206 69.431412 293.042603 314.843811 69.458023 292.287811 314.845947 69.213539 292.554504 304.525085 69.270485 294.261688 309.684631 69.004112 293.671082 314.854431 68.329544 293.820404 314.850220 68.752701 293.153198 320.024597 68.064735 293.347992 273.781219 70.866493 301.324738 273.781219 71.498886 297.949829 283.973175 70.485481 297.456390 283.967712 70.978149 295.918182 289.094635 70.159309 296.521606 289.087555 70.736267 295.057373 292.747559 70.571281 294.501343 356.279022 65.176979 293.423889 356.278839 64.430122 294.809662 335.566528 65.422997 295.805298 325.198669 67.815941 292.938873 320.020721 68.516243 292.702972 320.014801 69.271515 291.885132 320.012787 69.543938 291.664703 325.188080 69.388382 291.344574 320.018768 68.757629 292.407318 325.193420 68.551193 292.033691 325.191650 68.818977 291.775513 330.369568 68.642281 291.475464 325.195190 68.294731 292.315887 330.371124 68.359116 291.718475 335.549591 68.479309 291.229004 330.375671 67.583153 292.588562 330.372620 68.088181 291.987396 335.553345 67.624901 291.992828 335.552124 67.896584 291.713043 345.914429 67.558228 291.309326 335.550873 68.181396 291.457153 340.731873 68.018036 291.245300 345.913788 67.869034 291.078705 351.096405 67.734390 290.953156 334.462372 69.140633 290.911316 335.548370 68.790276 291.032471 330.366486 69.245148 291.081696 330.368042 68.937637 291.261993 325.189880 69.098053 291.544708 320.016754 69.009399 292.133698 356.279114 65.612991 292.766998 356.279205 66.104324 292.144104 304.516052 70.084618 293.014923 309.675720 69.892059 292.494965 312.198944 69.802467 292.267273 314.841644 69.711830 292.046600 397.683167 61.985149 296.759003 418.344666 60.773167 299.119537 387.364685 64.866081 292.406372 397.720367 64.239594 292.949036 387.360016 64.364731 292.987579 397.713989 63.777805 293.540894 387.350861 63.513100 294.237396 366.647736 68.180016 290.528259 366.648102 68.381699 290.493134 377.017517 68.293526 290.565247 377.011932 66.901878 290.951385 366.644562 66.722694 291.179779 356.279297 66.659439 291.567780 376.987946 63.048985 295.708344 376.993744 63.742508 294.351410 376.999664 64.562645 293.057434 377.002716 65.044571 292.451935 377.005737 65.589996 291.885590 387.369415 65.434158 291.866394 387.371765 65.746796 291.615417 397.736633 65.669479 291.637482 335.575623 64.350594 298.876373 356.278687 63.793404 296.249817 366.636353 64.048172 294.530396 366.639282 64.833389 293.190857 366.640778 65.293533 292.559998 366.642273 65.813377 291.965851 377.007294 65.889915 291.620483 387.374176 66.079109 291.382751 387.376587 66.431061 291.174072 387.378998 66.802574 290.995178 377.013519 67.276398 290.788605 387.381439 67.193588 290.851746 366.647308 67.982643 290.575165 377.016663 68.080894 290.586212 387.387543 68.256058 290.686035 387.385071 67.816551 290.715668 377.015106 67.669426 290.665070 377.014313 67.470596 290.721588 366.646515 67.600914 290.701813 366.646149 67.416557 290.780243 356.279449 67.614090 290.864502 366.645355 67.060898 290.964142 356.279358 67.279671 291.071106 356.279327 66.961441 291.307098 345.915070 67.262169 291.566803 345.915710 66.980888 291.846710 335.554596 67.366386 292.292664 345.916931 66.462883 292.456604 335.557037 66.889061 292.936829 335.559448 66.463493 293.618774 325.205536 66.994576 294.329193 325.208954 66.645103 295.064453 314.866760 67.280304 296.034668 314.874756 66.721268 297.596710 304.550995 67.484940 298.874329 397.751617 67.378265 290.888489 397.733337 65.345840 291.875336 397.730072 65.042458 292.127075 397.726807 64.758026 292.390747 418.443512 64.207558 292.909607 397.707703 63.359905 294.156860 418.433105 63.721668 293.462524 418.422821 63.282036 294.041077 439.150543 63.963779 293.449493 439.135681 63.508553 293.995300 480.575684 65.340416 293.532898 418.469971 65.712173 291.704987 418.464630 65.371620 291.920105 418.459320 65.052383 292.149872 418.454010 64.753075 292.392181 418.499969 67.968254 291.048004 418.497192 67.736542 291.055298 325.202118 67.382874 293.617706 356.279449 67.787354 290.773743 366.646942 67.789612 290.633240 377.015900 67.872856 290.619720 387.386322 68.033890 290.694275 397.758423 68.269249 290.821259 418.486237 66.862740 291.204987 418.488983 67.073212 291.151062 418.491699 67.289009 291.107605 418.494446 67.510124 291.075439 418.480774 66.457794 291.341156 397.746582 66.762970 291.061829 397.748291 66.963013 290.993835 397.749939 67.168114 290.935822 340.730896 68.330063 291.031647 345.913147 68.194534 290.879181 397.695312 62.618889 295.434265 418.402588 62.502823 295.246765 335.547729 68.950638 290.947266 340.729492 68.824089 290.775482 340.729980 68.655952 290.851624 345.912201 68.710236 290.647858 345.912506 68.534683 290.715179 351.095673 68.609070 290.560120 351.095795 68.426453 290.618958 356.279541 68.520592 290.508087 356.279510 68.331268 290.558685 335.547089 69.114250 290.871429 340.729004 68.995674 290.709320 345.911865 68.889435 290.591034 351.095520 68.795509 290.512329 356.279541 68.713921 290.468994 365.299652 68.601334 290.464569 397.616425 59.591850 305.158752 397.637512 60.193092 302.311707 397.659790 60.970455 299.503815 273.781219 70.234093 304.699677 273.781219 68.969307 311.449524 294.307159 65.565918 313.839630 273.781219 67.704521 318.199371 294.330536 64.435867 320.583740 273.781219 66.439735 324.949219 273.781219 63.910156 338.448914 314.932434 63.741974 310.674255 335.614746 61.299252 314.910461 314.956970 62.722359 317.314667 335.638519 60.052063 327.900299 314.997467 61.116035 330.628021 397.488129 58.289925 328.510620 397.513397 58.190838 322.627411 376.902802 58.589817 324.046173 397.543213 58.333569 316.762329 376.932831 59.323788 311.913239 397.577545 58.770836 310.931976 376.951019 60.157932 305.903503 356.278503 63.241657 297.726593 356.278198 62.337650 300.752716 356.277588 61.038109 306.923523 356.277039 60.166466 313.172852 366.648499 68.587700 290.470428 377.018280 68.510750 290.557495 387.388794 68.483047 290.691681 397.760101 68.504555 290.838684 415.964783 68.661171 291.078705 376.982269 62.453270 297.107910 376.971313 61.491840 299.992096 564.854187 86.905792 292.357880 560.641846 86.748734 291.007599 554.761353 86.529472 289.538696 553.639465 86.487640 289.311523 582.098022 87.548752 300.396210 576.401184 87.336334 297.311340 593.543579 87.975510 307.609344 587.797058 87.761246 303.841431 574.308167 87.258301 296.280029 570.661865 87.122345 294.623169 248.429764 104.277756 329.783844 250.182327 106.378540 332.819366 243.141357 103.901886 331.775513 211.267365 91.929840 325.628021 224.897812 97.123940 328.396088 220.169266 95.321365 327.434540 239.357300 93.402748 314.069885 219.098083 94.913162 327.216980 237.943756 102.018784 330.902374 235.163605 100.993111 330.400879 243.893524 98.840248 321.926849 229.049042 98.700371 329.228912 227.183517 97.993279 328.857178 238.545685 102.239235 331.007904 255.813705 103.716675 332.618042 255.825943 106.616653 333.125366 264.799164 106.381538 333.241058 264.791443 103.488525 332.862579 264.783661 100.570969 332.711731 255.801270 100.777344 332.337555 246.825897 94.887245 331.344269 237.917648 94.935677 330.122375 237.928757 97.990776 330.330353 273.781219 95.604118 332.962677 264.767548 94.683792 332.905396 229.044525 98.003044 329.118286 237.939651 100.989624 330.720978 246.866318 103.865204 332.073364 229.038315 94.948296 328.758240 220.166199 94.924988 327.378448 255.788620 97.807358 332.243439 255.775711 94.803154 332.305542 246.853104 100.917465 331.644653 267.094482 110.290932 334.226746 264.806763 109.224907 333.909271 260.424347 109.003143 333.839905 254.271576 107.559326 333.299774 273.781219 111.514046 334.521423 273.781219 110.173698 333.979584 273.781219 109.398422 333.726288 273.781219 107.478859 333.255249 273.781219 100.300896 332.708801 273.781219 103.025063 332.748627 273.781219 106.543159 333.091919 406.545624 108.272942 347.481018 399.346802 108.272858 347.716919 399.348389 109.429840 345.284546 306.982819 110.755478 334.651489 303.557159 110.843582 334.366180 303.558136 109.934738 329.851929 291.562622 111.136055 333.884888 284.570221 111.293007 333.955841 284.570374 109.869583 329.533997 327.505432 107.551048 322.119293 312.014801 106.926521 319.743256 312.013062 104.411232 314.330688 389.914978 108.506081 347.764038 389.465424 108.521652 347.756958 389.466797 109.534355 345.347717 384.829498 110.278290 342.625000 380.366364 110.281250 342.379761 380.367554 110.574257 339.665710 380.364044 109.311836 346.200775 380.364594 109.702545 344.969330 384.826752 109.620743 345.212952 399.351837 110.937660 334.322083 399.348267 110.462608 331.502991 410.144836 110.408661 330.485565 363.969574 110.245209 340.507660 371.909180 110.271637 341.602112 371.908691 109.831993 344.186493 399.336273 103.138435 319.365509 410.144836 103.188354 319.136566 410.144836 105.102180 320.939606 294.451508 96.970924 303.951599 319.951324 95.892799 304.571655 389.462646 92.902664 314.248413 410.144836 92.159706 314.144440 410.144836 93.110947 314.317444 380.361633 95.298111 314.731232 371.907837 95.072945 313.917206 356.417908 94.696320 311.248260 341.959259 96.566841 309.267914 356.417877 96.985168 312.588379 327.502197 96.130310 305.985138 312.012451 95.645096 303.405029 312.012085 97.587372 305.194519 303.555573 97.282379 304.378845 284.569977 96.656204 303.983490 273.781219 92.838799 300.818695 273.781219 96.341438 304.545258 380.360687 97.767097 315.932770 371.907562 97.471046 315.167084 380.360046 100.108528 317.422638 389.460327 95.552185 315.085754 389.458374 98.104675 316.236298 389.456970 100.519669 317.695831 399.336945 100.856010 317.630524 410.144836 102.440834 318.540863 410.144836 100.909706 317.472137 389.456421 102.758453 319.455170 399.336700 105.194099 321.380829 410.144836 107.007950 323.275818 410.144836 95.709549 315.008057 410.144836 98.445053 316.105530 410.144836 99.206139 316.485901 356.418060 108.634514 328.156708 356.418152 109.400421 330.932800 341.962189 108.938995 327.920807 341.961426 110.085579 338.615723 341.962433 110.113808 336.117371 349.125092 110.040535 340.210236 356.418182 110.206841 339.175812 356.418060 109.990349 341.724915 363.969543 109.924377 343.077667 341.962921 109.548378 330.711914 356.418213 109.917023 333.725464 341.963104 109.938309 333.460693 356.418213 110.185204 336.489014 371.909515 110.440468 338.892944 371.909454 110.328560 336.114075 371.909088 109.934937 333.312134 371.908661 109.260002 330.532501 371.908234 108.304527 327.820618 410.144836 109.667770 328.237854 399.344543 109.642166 328.749725 410.144836 109.111809 326.924316 399.341034 108.478622 326.112244 410.144836 108.491150 325.675964 389.470612 110.273560 342.762390 380.363983 108.856628 347.381073 374.496429 109.054390 346.876678 371.908508 109.514885 345.413605 384.825775 108.692657 347.624084 410.144836 111.042946 333.695221 410.144836 111.103401 334.242981 399.355042 111.066711 337.157867 341.961060 109.866661 340.882782 349.124908 109.710579 342.517029 356.418030 109.546852 344.069733 360.535461 109.447884 344.858704 363.969543 109.360161 345.455170 371.908508 109.135193 346.587524 356.417908 106.352249 322.836395 341.960571 107.046211 322.401215 341.959808 105.757042 319.767456 327.503021 105.127800 316.716766 294.452820 109.903625 329.459076 294.452301 111.068146 333.929077 327.507904 109.690338 330.432251 327.506927 110.030006 333.061340 319.955627 109.995979 331.730621 312.015900 109.964874 330.634979 312.016418 108.757660 325.309692 327.507660 109.168800 327.698303 334.797485 110.030411 339.252808 327.504944 110.212723 337.710419 327.505432 110.199600 335.514008 321.429749 110.372444 336.580292 340.624695 109.896248 340.574921 334.797974 110.136108 337.023376 319.953796 110.411766 336.331818 312.014435 110.623421 335.192078 307.858643 110.732697 334.735199 341.961426 108.106079 325.134735 356.417999 107.618469 325.442780 371.907837 107.070061 325.221802 284.569977 100.110886 308.328857 273.781219 98.303932 306.977264 284.570068 103.252533 313.306213 273.781219 103.224899 314.598083 284.570251 105.919167 318.725006 273.781219 105.579193 319.372131 284.570404 108.099823 324.266296 273.781219 107.372383 323.628662 273.781219 109.830658 330.154266 303.555542 100.868431 308.634521 294.451477 100.491226 308.250732 303.556244 104.031296 313.574005 294.451843 103.643433 313.207642 303.557404 106.596489 318.987488 294.452423 106.259483 318.622437 303.558472 108.542732 324.545135 294.453003 108.323074 324.171295 312.011902 99.459564 307.200073 389.473236 110.713234 340.048218 389.472504 110.833481 337.252808 380.367218 110.567825 336.878754 389.469788 110.629234 334.424438 380.365997 110.259621 334.065948 389.466705 110.098038 331.611511 380.364563 109.649193 331.273804 389.463501 109.239967 328.862701 380.363098 108.737282 328.548859 389.460480 108.056679 326.227478 380.361694 107.525703 325.937897 380.360626 106.027832 323.485413 371.907532 105.569740 322.777313 371.907349 103.830086 320.520355 356.417847 104.848106 320.376831 356.417847 103.131500 318.094849 341.959198 104.249779 317.273499 341.958862 102.549545 314.949799 327.502136 103.617210 314.194550 327.501617 101.935318 311.834503 399.352814 110.299187 342.685242 399.355896 110.852112 339.961639 389.458191 106.561684 323.755157 380.359985 104.271362 321.227509 371.907318 101.880539 318.480804 356.417786 101.230232 316.018555 341.958740 100.683823 312.824097 327.501465 100.108826 309.663574 327.501678 98.165115 307.708252 312.012024 101.237907 309.407898 410.144836 108.343460 347.313019 410.144836 109.495735 344.901825 410.144836 110.624016 341.371735 410.144836 111.001778 339.329498 410.144836 111.156708 337.823822 410.144836 111.206352 336.514648 341.958893 98.680511 310.923828 356.417847 99.172203 314.176056 371.907379 99.750809 316.688477 380.359802 102.287567 319.196167 389.456787 104.784309 321.486115 399.338318 106.985878 323.641815 410.144836 107.328552 323.741089 319.950836 97.882690 306.327911 273.781219 70.540405 310.468994 273.781219 72.665337 299.128815 235.635910 74.715385 307.624237 273.781219 66.290558 333.149353 273.781219 68.415482 321.809174 235.018585 73.582870 306.555023 265.215912 95.030045 306.331055 244.562958 88.052200 303.744507 254.301132 88.095207 301.299042 256.569275 94.514534 308.899811 261.105499 106.040680 327.250824 267.569092 106.869545 325.951141 259.971405 103.471252 322.397369 251.282242 99.810287 319.773499 247.922607 93.999023 311.468567 257.703308 97.656372 313.087677 258.837372 100.672546 317.620270 327.500824 66.448021 339.691437 291.216339 73.114426 299.089996 312.015106 69.025970 316.484833 312.015137 70.385101 311.228760 303.557648 70.427101 310.381287 410.144836 68.934929 325.549713 410.144836 70.093666 323.645813 399.349731 69.951576 323.985840 399.352844 72.844604 320.344238 410.144836 73.540398 319.681458 410.144836 74.848442 318.593445 389.469177 71.307388 322.039520 389.470642 72.769913 320.218811 380.366394 72.753540 319.681000 410.144836 66.946266 330.496704 410.144836 67.939713 327.620270 399.349548 67.822182 328.175262 410.144836 69.594307 348.295868 399.325928 69.306396 348.357910 363.969391 67.718323 347.894714 371.906097 68.040726 348.598877 356.417572 67.457420 346.925049 341.958344 66.749496 342.129700 356.417755 67.016487 344.578522 363.969482 67.184219 345.594147 380.355743 68.449295 348.947113 389.447571 68.948380 348.858276 380.359039 67.686882 346.780945 371.907074 67.401100 346.356720 410.144836 67.901039 344.995789 399.334351 68.287407 346.351257 389.454773 68.044861 346.786438 410.144836 67.287483 343.345367 399.344940 67.442551 344.215790 389.463867 67.305000 344.597778 380.363251 67.085747 344.522888 371.908295 66.916336 344.040131 363.969543 66.794586 343.229279 363.969574 66.556221 340.815125 356.418182 66.534935 339.721710 371.909790 66.448067 339.255310 371.909302 66.595993 341.666992 380.368439 66.427971 339.824951 380.366730 66.661697 342.196594 389.475037 66.414635 339.996674 389.471436 66.754425 342.324493 399.358002 66.387085 339.699066 399.353790 66.800964 341.987244 399.358185 66.206589 337.375519 389.475189 66.290627 337.636749 380.368500 66.387573 337.427917 371.909790 66.474342 336.822906 356.418274 66.621979 334.740540 399.356049 66.260468 335.038605 399.353149 66.549713 332.710266 389.473358 66.383255 335.265228 389.470886 66.693382 332.902557 380.367645 66.540993 335.024658 380.366516 66.888664 332.634308 371.909576 66.675034 334.387604 363.969543 70.271523 321.631714 356.418091 70.291939 320.226074 356.418091 68.523323 324.877258 341.961700 70.294518 317.000427 341.961670 68.661049 321.859009 389.468964 67.220039 330.570068 380.365601 67.429596 330.276306 371.909210 67.050369 331.967194 356.418182 67.287102 329.752991 380.365082 68.156822 327.971130 371.908813 68.315926 327.241669 341.962494 67.469147 326.900482 410.144836 68.221237 326.978668 399.349182 68.785294 326.023407 389.467468 68.887978 326.094727 389.467957 70.009033 324.002747 380.365173 70.136452 323.602051 380.365723 71.371170 321.578094 371.908997 71.399010 320.700714 371.909180 72.707993 318.729736 363.969574 72.633965 317.443054 363.969574 73.985275 315.514587 356.418182 72.539734 315.905853 399.354034 74.542633 318.767059 389.471649 74.382851 318.552124 380.366852 74.270195 317.922760 371.909332 74.137650 316.884399 389.471558 76.132469 317.050995 399.353943 76.388794 317.368408 405.077087 76.563606 317.374481 399.351166 71.309364 322.087891 410.144836 71.523514 321.761047 410.144836 72.474556 320.709900 358.644958 75.261635 312.534882 372.438751 75.690582 315.260864 380.366821 75.907791 316.315338 387.195496 76.077446 316.911774 312.015961 67.903038 321.836731 303.558197 68.029854 321.162750 294.452850 68.159180 320.881531 294.452545 70.469498 309.922119 284.570374 68.288551 321.071014 284.570282 70.508522 309.926361 327.507263 74.192352 304.375336 320.606140 73.969261 302.807617 312.015900 71.955002 306.123138 312.016144 73.704102 301.201263 306.379974 73.537407 300.378632 327.507324 73.128403 306.625214 327.506927 72.123840 308.947540 341.962433 72.323822 312.419556 327.505890 70.317322 313.788666 327.505859 68.819321 318.849579 327.507019 67.666878 324.051025 341.963593 66.753059 332.024200 284.570374 66.320404 332.261444 303.558289 66.391037 332.066864 294.452911 66.354713 331.926819 312.011444 66.064667 337.912842 341.956451 67.021530 344.550690 312.016113 66.426910 332.602875 327.507233 66.487480 334.548248 327.508698 66.888420 329.308777 341.962616 66.517914 337.133545 410.144836 76.339973 317.541656 410.144836 76.739021 317.288788 371.908844 70.223427 322.785461 380.364899 69.061920 325.739471 389.467804 67.954948 328.292297 399.350891 67.073296 330.413513 410.144836 66.588898 332.004822 410.144836 66.276840 334.026245 410.144836 66.186195 337.583405 410.144836 66.297577 338.867706 410.144836 66.730949 341.358826 356.418182 75.187279 312.002869 349.125580 72.433594 314.203064 349.125671 74.937088 310.132721 341.962677 73.467598 310.254669 341.962646 74.686310 308.183502 339.209869 74.590088 307.428864 273.781219 79.777077 297.874817 601.053955 87.413246 358.857208 601.053955 83.904747 358.365570 410.144836 92.871788 358.486572 601.053955 92.159706 314.144440 601.053955 89.101082 358.890472 601.053955 92.871788 358.486572 601.053955 88.678986 313.865631 601.053955 86.953941 313.934387 424.124695 88.151672 313.872101 410.144836 86.953941 313.934387 410.144836 84.744598 314.221710 601.053955 83.173958 314.563293 410.144836 83.173958 314.563293 410.144836 81.956497 314.909027 601.053955 79.573753 315.802948 410.144836 79.573753 315.802948 601.053955 76.339973 317.541656 601.053955 73.540398 319.681458 601.053955 72.474556 320.709900 601.053955 70.093666 323.645813 601.053955 68.221237 326.978668 601.053955 66.946266 330.496704 601.053955 66.276840 334.026245 601.053955 66.186195 337.583405 601.053955 66.730949 341.358826 601.053955 67.901039 344.995789 601.053955 69.594307 348.295868 601.053955 71.712105 351.175690 601.053955 73.875610 353.338684 601.053955 76.965027 355.583893 601.053955 80.378983 357.279724 410.144836 95.462868 357.822723 601.053955 96.555435 357.443481 410.144836 96.555435 357.443481 410.144836 98.153740 356.774414 601.053955 99.940811 355.850220 410.144836 99.940811 355.850220 601.053955 102.904770 353.822449 410.144836 100.716949 355.384277 410.144836 102.904770 353.822449 601.053955 105.480583 351.363983 410.144836 103.076035 353.682495 410.144836 105.480583 351.363983 410.144836 106.913017 349.570587 601.053955 107.758980 348.303436 410.144836 107.758980 348.303436 601.053955 109.495735 344.901825 601.053955 110.624016 341.371735 601.053955 111.156708 337.823822 601.053955 111.103401 334.242981 601.053955 110.408661 330.485565 601.053955 109.111809 326.924316 601.053955 107.328552 323.741089 601.053955 105.102180 320.939606 601.053955 102.440834 318.540863 601.053955 99.206139 316.485901 601.053955 95.709549 315.008057 356.418091 81.121666 310.037811 371.908844 81.378311 313.059937 371.908661 84.371216 312.388184 356.418060 84.204880 309.375946 341.961426 84.026237 305.665619 341.961700 80.846489 306.327789 294.452545 80.060013 297.837311 303.557617 80.192513 298.536499 284.570282 79.922218 297.592743 389.469666 78.785088 315.718628 312.015137 80.321754 299.618225 327.505890 80.578667 302.641205 380.364594 84.444153 313.404602 389.466797 84.509590 313.985748 380.365936 78.632797 315.065155 371.909088 78.468498 313.993805 356.418152 78.106705 310.916992 389.467957 81.592812 314.689941 380.365112 81.491211 314.089478 341.962158 77.725189 307.170410 556.582764 88.678986 289.311523 554.598022 87.142685 289.311523 546.508484 91.131905 289.311523 546.508484 91.136208 289.311523 548.254700 90.881447 289.311523 552.728394 89.947258 289.311523 546.508484 91.136208 289.314819 571.788757 90.193604 295.394623 578.308350 89.950516 298.449066 558.410278 90.692444 291.048126 552.543213 90.911201 289.959473 593.535767 89.382744 307.609344 592.592285 89.417923 306.975861 585.153076 89.695305 302.259979 564.174377 90.477516 292.600006 564.477234 90.466225 292.695038 567.764587 90.343651 293.812775 569.419434 90.281952 294.434906 569.964783 90.261620 294.648621 593.669556 88.678986 307.609344 601.053955 104.946159 354.156677 601.053955 103.796135 355.249268 601.053955 68.221237 396.790161 601.053955 108.692146 349.288513 601.053955 109.613983 347.586761 601.053955 96.592476 409.512878 601.053955 95.497681 409.873840 601.053955 95.709549 408.760742 601.053955 112.139442 388.549011 601.053955 111.103401 389.525818 601.053955 112.167984 387.396454 601.053955 111.156708 385.945007 601.053955 99.662636 315.609436 601.053955 101.728226 316.842377 601.053955 95.497681 313.894989 601.053955 96.071396 314.076691 601.053955 81.470406 314.016815 601.053955 107.615746 372.812531 601.053955 107.737289 372.987122 601.053955 105.480583 372.404846 601.053955 73.540398 404.087341 601.053955 110.095123 326.722504 601.053955 111.156357 329.553650 601.053955 102.917633 317.691498 601.053955 103.580238 318.215179 601.053955 107.758980 375.465393 601.053955 111.564224 342.131683 601.053955 70.093666 400.122986 601.053955 79.573753 407.965881 601.053955 83.173958 409.205505 601.053955 99.751305 408.112183 601.053955 99.206139 407.282928 601.053955 101.735100 406.921844 601.053955 102.440834 405.227936 601.053955 105.102180 402.829224 601.053955 104.767303 404.511597 601.053955 103.580238 405.553650 601.053955 112.054169 389.698730 601.053955 111.886475 391.015106 601.053955 110.408661 393.283234 601.053955 111.715538 391.978943 601.053955 105.288742 319.762604 601.053955 105.794128 320.284027 601.053955 108.204376 323.316254 601.053955 109.394699 325.300018 601.053955 66.276840 389.742584 601.053955 66.186195 386.185394 601.053955 66.730949 382.409973 601.053955 110.624016 382.397064 601.053955 111.922630 383.538544 601.053955 112.057190 384.629578 601.053955 102.904770 369.946381 601.053955 104.814865 369.480194 601.053955 106.478828 371.315277 601.053955 97.630295 363.526184 601.053955 96.555435 366.325348 601.053955 97.481491 363.133484 601.053955 92.871788 365.282257 601.053955 97.410278 362.844452 601.053955 111.139473 343.727753 601.053955 110.403725 345.820374 601.053955 109.674316 347.463715 601.053955 111.393616 330.393280 601.053955 111.715538 331.789886 601.053955 112.067116 334.205017 601.053955 112.167984 336.372345 601.053955 111.960381 339.962952 601.053955 111.156357 394.215149 601.053955 110.974640 394.788879 601.053955 109.111809 396.844513 601.053955 96.592476 314.255951 601.053955 97.668076 314.670471 601.053955 98.721817 315.137817 601.053955 66.946266 393.272125 601.053955 108.694168 374.483734 601.053955 109.810928 376.590149 601.053955 109.495735 378.867004 601.053955 110.404533 377.950470 601.053955 111.286247 380.545776 601.053955 99.940811 367.918610 601.053955 102.315063 367.299957 601.053955 103.801735 368.524536 601.053955 98.779198 364.826660 601.053955 101.712059 366.849396 601.053955 72.474556 403.058929 601.053955 98.721817 408.630981 601.053955 98.328842 408.812622 601.053955 97.668076 409.098358 601.053955 110.380867 396.385559 601.053955 109.441910 398.380127 601.053955 107.328552 400.027740 601.053955 107.359848 401.635132 601.053955 105.288742 404.006226 601.053955 90.981262 312.997162 601.053955 92.297615 313.164856 601.053955 93.261452 313.335785 601.053955 94.386429 313.588074 601.053955 88.678986 312.883362 601.053955 87.458405 312.915100 601.053955 86.456871 312.988678 601.053955 82.631889 313.675079 601.053955 83.829567 313.389404 601.053955 86.241119 313.010193 601.053955 67.901039 378.773041 601.053955 97.735252 363.724762 601.053955 97.827065 363.868958 601.053955 98.016144 364.115875 601.053955 97.408348 360.934143 601.053955 97.387222 361.051056 601.053955 107.646317 350.912659 601.053955 106.475304 352.457855 601.053955 105.192429 353.903625 601.053955 76.339973 406.227173 601.053955 86.953941 409.834442 601.053955 88.678986 409.903168 601.053955 93.261452 410.433014 601.053955 92.159706 409.624390 601.053955 94.386429 410.180725 601.053955 94.658058 410.111115 601.053955 98.259590 359.392181 601.053955 98.009674 359.660736 601.053955 97.894043 359.806305 601.053955 97.730301 360.052643 601.053955 90.981262 410.771637 601.053955 90.846329 410.784607 601.053955 80.378983 366.489075 601.053955 69.594307 375.472961 601.053955 98.156883 364.272369 601.053955 98.360886 364.473297 601.053955 102.308174 356.474152 601.053955 101.796112 356.858002 601.053955 98.353386 359.302551 601.053955 97.677788 360.147400 601.053955 97.621292 360.262024 601.053955 97.513817 360.533142 601.053955 71.712105 372.593140 601.053955 73.875610 370.430145 601.053955 97.326347 361.820282 601.053955 97.326057 361.884399 601.053955 97.375793 362.644012 601.053955 76.965027 368.184937 601.053955 89.101082 364.878357 601.053955 87.413246 364.911591 601.053955 83.904747 365.403259 590.935608 98.494308 361.889893 593.466431 112.728897 389.735291 273.781219 123.042389 348.643921 273.781219 124.476791 351.485565 284.111450 124.280022 350.854523 273.781219 122.586266 347.810669 273.781219 122.809204 348.214111 284.107300 122.806999 347.347351 335.678528 121.484123 383.398621 335.672302 120.335686 387.564209 356.274750 120.515694 388.513306 376.832214 121.323181 375.492188 356.274170 122.163826 375.263641 356.274323 121.933464 379.710144 284.114441 125.536804 369.326965 335.692200 123.258652 366.237091 315.081757 124.633995 366.064697 315.078918 124.193253 370.208740 294.443542 125.551773 367.752258 294.444672 125.939796 365.814178 294.445496 126.380257 362.881836 294.445343 126.275787 363.861542 315.082489 124.809082 363.980835 294.445557 126.439491 362.387054 570.933777 112.154633 381.660828 560.827271 112.933594 383.039734 560.954590 114.116165 387.857880 595.997803 99.718903 365.279572 590.939758 100.286148 365.453735 590.952271 103.383644 368.087708 595.996460 98.602478 364.218872 560.538208 101.949501 362.499664 560.538025 101.918945 361.890808 540.237671 104.135017 361.891052 560.539673 102.155785 363.694519 560.538757 102.030891 363.102936 540.238403 104.254936 363.151123 499.554443 108.791397 364.335663 479.169342 110.819283 364.306152 479.171295 111.228134 365.468536 595.996521 98.596138 359.558289 590.937256 99.178711 359.458466 590.936951 99.032318 359.672729 595.996887 98.936043 359.176117 590.937927 99.514687 359.052887 438.314697 114.503014 360.710419 438.314484 114.403610 361.890594 479.167816 110.459328 361.890778 458.774811 115.346130 352.694336 479.192993 113.738548 352.727661 479.224457 115.548119 348.107635 556.862366 115.053345 325.226501 541.492188 115.845299 323.582275 540.784363 115.918694 328.781677 593.469971 112.728653 334.034790 581.135437 113.109123 337.281555 581.187317 113.413208 335.049652 571.180176 114.099068 332.814728 581.243164 113.568222 332.798798 571.046814 113.405762 337.532990 581.087280 112.659363 339.484741 560.772583 112.144203 343.074219 580.966064 110.482010 345.827942 570.934021 112.153183 342.111938 581.002625 111.340492 343.767242 581.043030 112.068001 341.649841 580.933350 109.498741 347.821472 591.002319 108.586777 349.318207 591.020081 109.603027 347.502045 540.416260 112.846535 343.975800 560.827576 112.932137 340.733276 560.954956 114.115242 335.913055 550.685364 113.677322 339.704132 479.171326 111.224045 358.313263 458.757874 113.141724 358.343201 479.169403 110.816696 359.475952 458.756317 112.783363 359.504517 479.168182 110.577789 360.677338 438.318146 115.343582 357.232178 458.760010 113.554955 357.204865 479.174133 111.698242 357.182800 519.918640 107.781364 357.152679 519.946838 110.267616 352.864899 519.993958 112.509682 348.347717 540.338196 110.835129 348.659882 590.986755 107.448601 351.055573 580.904541 108.394005 349.740387 560.723389 111.232697 345.356079 560.679993 110.201050 347.571625 580.879456 107.176300 351.572266 590.973145 106.197220 352.700745 590.961670 104.833092 354.251190 580.858276 105.846611 353.314667 560.642334 109.057266 349.710052 540.244019 105.079910 358.263184 519.914490 107.192932 358.257019 519.912842 106.924019 358.828857 499.556915 109.241043 358.284088 499.554474 108.788437 359.446472 560.538818 102.028839 360.678741 560.539673 102.152908 360.086945 519.910522 106.536079 360.022522 560.540283 102.235771 359.797760 540.240540 104.547943 359.408051 560.540955 102.336121 359.514404 560.542603 102.592178 358.967377 570.683411 101.789108 358.612518 560.544556 102.902176 358.444550 540.242065 104.789528 358.825623 519.911499 106.698784 359.416901 580.841003 104.424728 354.949738 580.817871 101.400414 357.993195 590.952271 103.376976 355.687653 585.879822 100.841423 358.154205 540.282349 108.404648 353.055511 540.248901 105.721596 357.187958 560.584412 106.456955 353.734009 560.549622 103.594551 357.459900 570.687927 102.505852 357.700134 560.610474 107.803268 351.769287 570.680237 101.207397 359.618530 570.680908 101.329956 359.356903 570.681641 101.469986 359.102325 580.814514 100.659935 358.819519 585.877197 100.089317 358.933685 580.813171 100.332153 359.269531 580.812622 100.188828 359.505096 590.936646 98.904465 359.895203 580.812134 100.063499 359.748260 580.811646 99.958450 359.999237 595.997803 99.710915 358.495667 590.939819 100.278259 358.322144 519.909729 106.419189 360.640381 560.538208 101.948296 361.281982 417.848511 117.067039 366.515442 438.318115 115.347389 366.549286 438.315369 114.690102 364.249084 458.757843 113.145241 365.438568 458.756317 112.785583 364.277466 519.909729 106.421211 363.141907 479.168182 110.579605 363.104675 438.314697 114.504486 363.071228 520.247742 116.584633 390.264343 479.394226 118.460274 390.410980 520.370056 116.934105 395.446960 479.475983 118.486031 395.460205 438.549500 118.647362 399.903961 450.090576 118.547539 400.122345 438.494385 119.400215 395.072449 458.932037 119.175316 390.354980 479.325012 117.947357 385.393585 520.144287 115.711433 385.159271 560.540283 102.239212 363.983521 540.239258 104.376907 363.770386 519.909180 106.297234 361.890991 438.315369 114.688240 359.532745 499.556885 109.245705 365.497620 519.912842 106.928452 364.952972 519.911499 106.702133 364.365204 540.242065 104.794464 364.955902 540.240479 104.551682 364.373871 560.542542 102.597618 364.813141 560.540955 102.340248 364.266632 519.914429 107.198158 365.524506 540.243958 105.085709 365.517944 560.544556 102.908546 365.335480 479.174072 111.703339 366.598602 519.918518 107.787598 366.628235 540.248840 105.728355 366.592438 560.549622 103.601784 366.319244 580.811218 99.872238 360.257080 580.810669 99.747261 360.789185 580.810242 99.673630 361.336090 580.810181 99.649223 361.890228 580.810242 99.674667 362.444366 580.810669 99.749268 362.991119 580.811218 99.875336 363.522888 580.811646 99.962212 363.780518 570.680176 101.211731 364.161804 570.687866 102.513313 366.078064 580.814453 100.666870 364.958649 570.683350 101.795753 365.166656 580.813171 100.338112 364.509277 570.681641 101.475685 364.677429 580.812622 100.194122 364.274017 580.812073 100.068039 364.031158 595.996887 98.943398 364.600342 560.723145 111.235191 378.419250 570.841553 110.383316 377.296692 570.769836 108.134354 373.218628 590.937927 99.521904 364.724152 585.879761 100.849213 365.622284 580.840881 104.431160 368.826813 590.961670 104.838501 369.523773 580.858215 105.851837 370.461365 590.973083 106.202339 371.074646 580.879333 107.181206 372.204010 590.986633 107.452003 372.718445 580.904358 108.397293 374.034454 591.002258 108.589561 374.455414 540.638977 115.424416 389.801361 540.783936 115.919434 394.987854 550.814331 114.788780 389.058533 550.967041 115.352486 394.162354 556.861694 115.053360 398.543427 541.492920 115.845245 400.187561 540.951172 115.871315 400.220184 524.652283 116.598999 400.638428 540.516357 114.390160 384.716614 550.685059 113.678772 384.069031 581.002441 111.341919 380.005157 580.965881 110.483978 377.945404 580.933167 109.501434 375.952820 581.087036 112.660065 384.285889 591.085632 111.876633 382.103607 591.061646 111.254456 380.104767 591.039795 110.495483 378.157471 591.020020 109.605026 376.270782 571.046509 113.406586 386.237854 561.105042 114.745842 392.803040 571.179749 114.099510 390.954865 572.807495 114.118874 395.395081 581.302490 113.571846 393.229645 581.135132 113.109604 386.488373 581.187073 113.413513 388.719757 581.242859 113.568398 390.970490 482.706757 117.973381 400.536835 315.082733 124.914131 361.889923 335.692780 123.301132 361.890137 284.107300 122.804901 376.426056 284.111481 124.278244 372.919250 356.273987 121.686378 364.120544 397.349915 118.313011 364.190704 397.349609 118.194260 363.039856 397.351105 118.718185 366.473480 417.846588 116.532639 364.220428 356.274078 122.097801 370.808655 376.828491 120.920410 370.946625 397.355835 119.656693 371.027100 417.856201 118.306839 371.076019 397.363770 120.377670 375.628571 376.837433 121.409721 380.055176 356.274536 121.388718 384.137085 284.101959 121.122383 379.837341 284.095428 119.229942 383.135925 335.683685 122.335312 379.163269 335.687653 122.899582 374.885345 335.690521 123.188835 370.574768 356.273987 121.814095 366.350403 284.087708 117.125618 386.301056 304.763519 124.662872 369.964478 304.758545 123.805931 373.917664 315.074158 123.530182 374.302948 304.751587 122.708961 377.805176 315.067505 122.615013 378.342072 304.742645 121.370148 381.617584 315.058960 121.442474 382.316650 304.731689 119.784813 385.333649 315.048492 120.005936 386.203491 304.718750 117.950699 388.929657 315.036133 118.302887 389.977264 278.928040 114.518410 388.397797 284.078796 114.812233 389.311523 294.388428 115.367668 390.958649 294.441986 125.110725 369.672424 294.437531 124.055298 373.459259 294.431274 122.772263 377.170288 294.423248 121.263458 380.795868 294.413422 119.526146 384.316803 294.401794 117.558289 387.710876 298.853271 115.594795 391.602661 315.021881 116.349800 393.621552 376.844116 121.156494 384.622711 397.374847 120.764122 380.275146 417.869019 119.327477 375.711731 438.329102 116.871063 371.094604 458.760010 113.559425 366.576630 376.873047 118.267998 398.021576 395.139160 118.540375 398.712860 397.427124 119.675285 394.236633 417.971558 119.617714 394.715790 417.938202 120.158981 389.966644 438.446625 119.741615 390.208984 438.406219 119.639870 385.335510 458.877930 118.861633 385.402283 458.833710 118.098045 380.509827 479.268402 116.966904 380.461853 479.224365 115.550842 375.670898 520.059631 114.342094 380.193726 519.993774 112.513298 375.430908 540.416016 112.848808 379.799988 540.338013 110.839172 375.118622 560.642151 109.061745 374.067688 353.585114 117.725975 396.845093 376.861938 119.572708 393.630646 397.406525 120.427246 389.618073 417.910004 120.281883 385.187927 438.373199 119.108086 380.497955 458.799316 116.913872 375.728821 479.192932 113.742500 371.052856 519.946716 110.272591 370.915283 540.282288 108.410126 370.724182 560.584290 106.462914 370.044495 324.400970 116.739449 394.591431 335.656342 117.160393 395.585938 335.664856 118.886635 391.631531 356.275055 119.309837 392.807037 376.852264 120.546211 389.159576 397.389099 120.787491 384.951385 417.886963 119.996841 380.421906 438.347473 118.172813 375.743530 458.774719 115.349548 371.086182 273.781219 116.654648 339.094635 284.087677 117.127296 337.469910 273.781219 114.868782 337.047577 278.928040 114.518417 335.371063 273.781219 114.213852 336.349548 273.781219 119.291824 342.554230 273.781219 119.606323 343.006500 284.101959 121.124733 343.935699 273.781219 120.949547 345.047943 335.656311 117.160393 328.182953 324.403961 116.739578 329.177216 315.036102 118.303810 333.792969 315.021851 116.349800 330.147400 304.718719 117.951866 334.840851 298.854706 115.594879 332.166077 294.401794 117.559700 336.059875 294.388367 115.367676 332.810272 284.078766 114.812241 334.457367 356.275055 119.309952 330.962250 356.275391 117.799713 326.764526 353.589783 117.726105 326.923462 284.114441 125.538353 354.447540 273.781219 125.942947 354.852264 273.781219 126.050331 355.125000 273.781219 127.738152 360.378693 273.781219 127.848717 361.024597 294.445557 126.440598 361.391998 273.781219 127.930885 361.452972 294.445557 126.471046 361.889648 294.437531 124.056824 350.315125 294.441986 125.111961 354.102905 304.758545 123.807220 349.857300 304.763519 124.663795 353.811615 315.074127 123.531212 349.472473 315.078918 124.193863 353.568024 335.690521 123.188835 353.203094 294.431244 122.774117 346.603424 304.751587 122.710587 345.968781 315.067505 122.616417 345.432098 335.687653 122.900131 348.890869 356.274078 122.097198 352.970062 273.781219 126.331673 355.858154 273.781219 127.228493 358.480774 284.116211 126.568901 358.123230 294.445343 126.276215 359.916260 294.444672 125.941666 357.962738 315.082489 124.809204 359.798065 315.081757 124.634941 357.713531 335.692200 123.258713 357.542175 294.423218 121.265526 342.977142 304.742615 121.371948 342.155396 315.058929 121.444016 341.456268 335.683685 122.336281 344.611206 356.274170 122.163895 348.513184 376.832214 121.322777 348.285095 294.445496 126.381264 360.896729 376.873108 118.267990 325.747162 376.861938 119.572510 330.138214 395.144409 118.540428 325.055664 397.427185 119.674820 329.531891 417.971619 119.617043 329.052521 438.549652 118.647354 323.864807 438.494537 119.399391 328.695801 450.091705 118.547523 323.646454 482.704285 117.973442 323.232300 335.664856 118.887131 332.138214 335.672272 120.336540 336.206879 356.274750 120.516075 335.257263 356.274536 121.389320 339.635376 376.852295 120.546181 334.610565 376.844116 121.156708 339.149536 397.406586 120.426865 334.151703 397.389160 120.787346 338.820709 417.938263 120.158318 333.802917 417.910095 120.281418 338.584045 438.446777 119.740730 333.560486 273.781219 117.160255 339.715057 284.095398 119.232254 340.636353 294.413391 119.528145 339.455261 304.731659 119.786491 338.438171 315.048462 120.007332 337.568115 335.678528 121.485176 340.374084 356.274323 121.934021 344.064514 376.837433 121.409889 343.719604 397.374878 120.763916 343.499725 356.273987 121.813309 357.429626 397.351105 118.715813 357.307526 376.828491 120.919220 352.832733 397.355835 119.654930 352.752747 397.363800 120.376793 348.149078 417.869049 119.326126 348.066223 417.886993 119.996277 343.353058 438.373260 119.107193 343.277130 438.406342 119.639137 338.436462 458.878082 118.860672 338.369781 458.932190 119.174271 333.414551 479.394409 118.459122 333.358704 479.476227 118.485069 328.308228 520.248047 116.583481 333.506042 520.370361 116.933243 328.322144 540.951660 115.871315 323.549713 417.856232 118.304504 352.704163 438.347534 118.171005 348.034668 458.833832 118.096832 343.265381 479.325165 117.946213 338.378601 520.144531 115.710045 338.613525 540.639343 115.423340 333.969513 550.967529 115.351837 329.607330 356.273987 121.632393 361.890259 397.349487 118.128510 361.890442 397.349609 118.193306 360.741272 524.649048 116.599144 323.131226 581.302795 113.571846 330.539764 572.809448 114.118782 328.374939 561.105469 114.745293 330.966644 550.814697 114.787781 334.712402 540.516602 114.388718 339.056488 520.059814 114.340057 343.581970 479.268555 116.965401 343.313507 458.799408 116.911606 348.049561 438.329163 116.868179 352.685791 417.848541 117.063934 357.265869 417.846588 116.531128 359.561157 397.349915 118.311836 359.590576 356.273987 121.685867 359.659882 570.741638 106.841713 371.303741 570.718567 105.457596 369.490356 580.817810 101.408096 365.783905 585.877136 100.096390 364.843933 590.937195 99.184921 364.319275 590.936890 99.037857 364.105377 590.936646 98.909203 363.883240 590.936401 98.801270 363.652710 590.936218 98.712929 363.414642 590.935852 98.586929 362.920349 590.935669 98.516670 362.409302 397.842773 78.585312 289.160919 356.280731 78.696381 288.711395 439.454590 78.863457 289.595978 564.431458 85.337616 292.724823 597.378418 88.678986 310.221832 592.405579 87.336769 306.937500 592.337158 85.997589 307.146790 583.397034 85.765816 301.636993 574.124207 85.545815 296.726349 554.346313 85.141251 289.899048 543.993042 84.956749 288.366425 314.789459 79.197487 290.249817 335.516449 78.898148 289.072296 439.354279 73.966377 290.460083 480.933990 74.974541 290.651093 522.523560 76.563866 290.454529 532.927063 77.051582 290.453400 553.630310 78.135048 292.432007 543.318726 77.575325 290.921509 563.722290 78.730659 295.114899 573.494141 79.362083 298.864502 582.923279 80.029236 303.440979 592.080383 80.732040 308.565399 439.671509 88.678986 287.993286 460.571472 88.678986 288.024567 481.110413 79.529297 289.654694 592.205383 83.340546 307.740845 583.153870 82.875099 302.432281 573.800842 82.433289 297.696960 564.067505 82.015167 293.829315 553.978882 81.620796 291.082550 543.646973 81.250229 289.568268 533.543823 84.784134 287.982483 533.227356 80.903519 289.149170 523.082886 84.623436 288.110229 522.795837 80.580711 289.220245 481.491882 88.678986 287.896576 495.809113 88.678986 287.703644 509.951935 88.678986 287.432770 522.763672 88.678986 287.140228 534.407532 88.678986 286.954559 545.202148 88.678986 287.395386 273.781219 80.088936 296.435150 283.934357 79.829483 294.285156 294.170868 79.594421 292.575195 397.469513 116.976990 320.991333 315.010681 115.064148 327.513733 551.591431 112.176666 313.608795 551.430664 113.505539 316.932953 561.561707 113.197388 318.846710 572.576538 103.853493 306.263641 562.682434 103.438759 302.921295 562.263306 107.237617 307.425018 480.000885 108.493980 305.559937 479.902466 110.817627 308.364746 521.007812 110.733322 308.421265 438.592682 117.099113 319.582916 521.311462 106.529991 302.984436 521.652100 102.097855 298.505493 480.333282 101.265213 298.759369 591.875305 101.107452 311.718475 439.480682 90.234756 290.214050 397.776367 92.984947 293.043793 273.781219 96.967209 303.185638 564.212891 91.988861 293.578064 583.449036 90.616463 301.554138 587.942383 90.703369 304.268616 592.365356 90.793137 307.096466 596.731506 90.885765 310.013092 294.204865 95.950409 298.864075 314.826477 95.074760 296.044006 335.564423 98.163910 298.691895 376.963165 101.402084 301.071716 397.642975 101.121574 300.364624 439.390686 91.374763 291.452759 439.574280 89.344223 289.062622 460.441315 89.388786 289.031158 502.026001 90.725082 289.598297 481.325409 89.479050 288.862152 481.165131 90.475739 289.931305 481.011017 91.693817 291.103729 480.863098 93.158066 292.379242 559.209900 91.853981 292.050446 554.122314 91.724487 290.838043 543.777771 91.481613 289.362213 533.342346 91.260239 289.009949 522.896057 91.060364 289.161194 578.638611 92.425743 299.765320 578.870789 90.532417 298.990540 573.931885 92.274734 297.468018 574.192993 90.451233 296.618713 569.122314 92.129112 295.394531 569.404297 90.372917 294.478302 583.252991 92.582130 302.248322 587.788696 92.743889 304.877716 592.259155 92.911034 307.617310 583.157837 93.572701 302.668427 573.805054 93.204643 297.961029 563.929321 93.754944 294.722260 592.157043 95.017456 308.344971 592.107544 96.061607 308.784882 592.207642 93.966629 307.955566 553.558167 95.168465 293.428131 596.676880 93.083549 310.443512 543.242432 94.774948 292.001678 532.848572 94.416878 291.622437 522.444397 94.094254 291.719147 553.040222 99.011986 296.633179 542.750977 98.584976 295.221588 532.395325 98.196693 294.784149 522.029785 97.847122 294.798431 583.064514 94.566925 303.136353 582.973145 95.563675 303.651489 592.059021 97.097198 309.274811 582.883606 96.561806 304.213257 592.011536 98.122177 309.814026 582.710266 98.555183 305.474518 591.965088 99.133995 310.401703 582.544495 100.525444 306.916595 573.680786 94.146088 298.498810 563.657227 95.597443 296.031372 573.439819 96.061890 299.706116 563.396423 97.512993 297.502106 573.208862 98.014854 301.085938 563.147034 99.477722 299.137512 572.988037 99.982208 302.638184 582.386292 102.448456 308.536255 591.789551 102.996094 313.217407 562.909058 101.462639 300.942322 572.777283 101.937309 304.363770 438.861969 105.902046 303.718567 438.743439 110.839195 309.097839 479.810242 112.993530 311.492767 520.869873 112.614410 311.562744 520.741150 114.280151 315.031891 397.511261 113.046158 313.861359 397.489594 115.121735 317.290009 438.639313 115.243538 315.719055 479.644287 116.666626 318.894562 542.303406 102.704720 299.091614 541.899658 106.850899 303.710999 552.568542 103.055840 300.501526 552.143005 107.036026 305.105347 551.763733 110.629578 310.542877 541.714294 108.823929 306.342468 531.610046 106.682220 303.145630 531.982422 102.385399 298.584167 582.235657 104.300064 310.330322 582.092529 106.055855 312.295410 572.205444 107.455696 310.591705 581.957031 107.690269 314.427612 561.889771 110.587364 312.708344 571.874634 110.541374 315.638916 581.829102 109.177467 316.722931 581.708679 110.491615 319.177277 438.994995 100.940056 299.348572 480.105530 106.085114 303.044800 521.155029 108.687355 305.570801 531.278015 110.702568 308.630005 531.127258 112.483078 311.773926 530.986572 114.046944 315.226257 541.223755 113.788727 315.750854 541.376343 112.337158 312.338776 541.539795 110.667984 309.211853 439.304352 92.788437 292.784027 531.438965 108.752304 305.761780 551.281494 114.579041 320.538940 541.082214 114.980759 319.477936 581.595886 111.607979 321.787170 571.724365 111.812065 318.438995 561.720032 112.001633 315.663818 581.490601 112.506271 324.551392 571.584106 112.864288 321.431854 581.392883 113.167290 327.469147 571.453979 113.672279 324.625824 561.414734 114.142876 322.273499 284.006714 104.227180 311.826691 273.781219 104.698662 314.457642 284.028229 107.531425 318.239227 273.781219 107.581749 320.535858 376.936279 106.116234 306.068085 397.585632 105.979828 305.087738 376.912292 110.751518 311.845245 397.534485 110.796936 310.693237 273.781219 107.769287 320.977234 273.781219 110.276840 327.388123 294.341248 110.405296 322.275116 273.781219 112.328407 332.899475 294.366577 113.047760 328.214294 273.781219 112.363564 332.985382 294.377899 114.237419 330.739594 273.781219 113.156158 334.740784 284.075348 114.293770 333.663116 273.781219 113.729378 335.733490 278.927063 114.269646 335.043915 273.781219 113.975792 336.073883 314.998627 113.665367 324.619751 284.077087 114.553215 334.080994 294.383270 114.808647 331.839172 356.277985 101.808960 302.090790 356.277222 106.317497 307.406403 356.276520 110.689735 313.375763 356.275909 114.595963 319.895935 376.891235 114.909416 318.417145 356.275604 116.298973 323.300873 438.689545 113.137833 312.236328 479.724182 114.962608 314.987427 520.621765 115.680786 318.867798 530.855957 115.348015 319.021820 314.868378 98.970825 300.724915 314.906555 103.001663 306.094635 335.587311 102.342201 303.682922 314.940979 106.914383 312.080566 335.607910 106.583603 309.336853 314.971680 110.516830 318.389893 335.626282 110.611572 315.492065 335.642426 114.181343 321.906677 283.956665 96.441170 300.810547 283.982849 100.469978 305.947296 273.781219 97.892708 304.268921 273.781219 101.046669 308.440063 273.781219 103.076447 311.592621 294.312439 107.309647 315.870178 294.280090 103.787178 309.585297 294.244232 99.931770 303.862976 591.251343 112.627907 330.656158 256.545044 129.607361 361.458405 8.225615 90.393333 357.508179 8.281723 91.190384 358.280884 32.017067 90.027390 345.066528 8.167341 89.514404 356.817627 83.583366 110.152054 354.249603 83.585884 109.594101 353.244354 66.317421 107.697159 354.320862 49.191319 105.735855 357.732086 49.194923 105.901985 358.512390 66.304688 109.026329 357.927460 32.388420 101.459488 358.106079 32.356934 101.155304 356.979095 24.155371 98.654472 357.933167 57.723648 106.506813 354.887238 49.180767 105.050346 355.494659 49.184246 105.310364 356.224579 8.364196 92.013596 359.385498 8.391776 92.185539 359.720490 16.084236 95.285027 357.817200 169.509613 125.248840 361.045868 187.183487 113.137070 335.752136 169.801758 111.400497 336.614594 169.830597 116.144547 342.043243 152.544418 114.035088 343.171143 152.506714 109.459518 338.134125 135.286179 107.528931 340.051575 135.317749 111.869781 344.623077 187.165955 95.511826 324.724152 271.386078 113.147285 335.505554 270.067444 112.830544 335.333893 256.420715 113.493362 335.816101 268.083374 112.404114 335.132690 256.417267 112.742256 335.357819 262.196533 111.218239 334.636475 256.410370 111.173065 334.580841 256.938110 110.072739 334.149811 272.847107 113.583054 335.790863 272.263519 113.390663 335.656555 256.424164 114.207626 336.330231 273.770660 114.150314 336.284149 256.431061 115.511993 337.519714 273.773071 114.157936 336.291901 273.749847 114.103935 336.237762 273.716370 114.055313 336.190338 273.679626 114.014793 336.151733 273.602142 113.948135 336.090088 273.458710 113.854118 336.006958 273.233856 113.739563 335.911499 235.848923 103.032074 330.891663 230.450989 100.999100 329.840302 230.455353 103.030670 330.321045 229.999573 100.827583 329.749573 221.849792 102.956673 329.389343 226.627609 99.541039 329.061798 221.847839 99.525169 328.447784 221.855988 97.710579 328.070038 217.278763 95.955376 327.119965 239.101746 111.307266 334.062256 255.045334 109.613197 333.947510 239.095428 109.714905 333.300903 250.507126 108.357658 333.381927 239.089066 108.085594 332.645874 243.481689 105.839729 332.252960 239.082687 106.425781 332.085236 240.434372 104.728554 331.727722 135.188965 93.967690 330.742401 152.410843 97.222260 329.138489 152.390656 94.517563 327.881897 169.728409 98.046982 326.954865 169.712967 95.053604 325.675507 178.441498 98.423775 326.260071 178.431992 95.296448 325.002350 187.168991 98.759583 325.929565 169.743500 100.915695 328.450317 178.450790 101.425331 327.753510 187.171982 101.882332 327.387115 187.174911 104.879929 329.092743 195.883194 105.370773 329.059784 195.885071 102.269272 327.417694 204.562225 111.732269 333.322021 204.564163 110.296669 332.216675 187.180649 110.498299 333.276642 187.177795 107.751160 331.054382 169.787384 108.885841 334.248383 169.772903 106.322281 332.092041 152.469025 104.720551 333.965881 204.566101 108.822998 331.190704 204.568054 107.312737 330.241547 204.570023 105.767334 329.366852 204.572006 104.188255 328.564362 204.574005 102.576996 327.831787 195.886978 99.041618 326.037354 204.578049 99.263115 326.569580 195.888931 95.691849 324.921417 204.582184 95.832214 325.579407 204.586441 92.293640 324.830841 207.656708 92.308212 325.202362 213.235046 95.932663 326.574890 213.232239 99.424141 327.412354 213.229477 102.805832 328.524994 221.850769 104.632782 329.966309 239.076752 104.229362 331.485962 239.076248 104.739082 331.611664 215.512253 95.280991 326.758942 221.851700 106.279625 330.618835 221.852661 107.894669 331.351227 221.853607 109.475327 332.167908 221.854538 111.017860 333.075195 221.855484 112.516663 334.082092 221.856400 113.954308 335.202362 239.108047 112.851761 334.947937 239.114319 114.315155 335.984772 239.120590 115.660873 337.185944 135.333740 113.896126 347.204681 169.845200 118.293068 345.064575 187.189178 117.998169 341.422760 187.201019 125.433250 354.740387 187.194992 122.143127 347.847382 169.875107 122.002213 351.548035 169.860016 120.254837 348.244629 135.349945 115.762604 349.947266 256.444824 117.962639 340.102814 221.872467 129.964188 360.997864 221.871918 129.723038 360.121368 204.528107 128.755035 360.076141 204.530273 128.229462 358.294037 187.204163 126.691704 358.284760 169.890549 123.499809 354.942017 135.366470 117.417221 352.821625 100.876083 111.390236 352.159546 256.531342 128.785187 358.533081 256.516144 127.498535 355.250427 239.198090 128.061722 355.159607 256.486877 124.258156 348.865234 239.171432 124.712769 348.673889 256.458679 120.243156 342.875336 239.145767 120.562943 342.593079 256.543060 129.532608 361.035217 256.539124 129.307785 360.195435 239.219009 129.948807 360.172577 239.211945 129.400787 358.488129 221.870880 129.175308 358.386078 221.868820 127.832527 354.955994 204.534546 126.918205 354.769257 221.864868 124.464111 348.269409 204.542725 123.582108 347.902863 221.861069 120.273186 342.003540 204.550629 119.405739 341.478699 221.857346 115.311287 336.442474 204.558365 114.467094 335.785187 239.224411 130.269684 361.452515 239.222595 130.188736 361.023560 221.872726 130.045334 361.439636 8.419628 92.321671 360.051270 16.124386 95.547066 358.437622 24.115475 98.355133 357.054199 8.336750 91.795692 359.036804 16.044477 94.955666 357.190765 16.004913 94.540810 356.541016 24.037212 97.498657 355.315948 23.998465 96.905678 354.415955 32.265427 99.647125 353.744904 32.235416 98.891594 352.644409 40.659489 101.409714 352.436432 40.641476 100.503471 351.180695 49.160435 102.798195 351.331116 49.153767 101.749054 349.958466 57.728832 103.829010 350.359283 57.730537 102.640289 348.899780 66.335701 104.547974 349.460785 83.595741 106.961349 349.479950 66.329674 105.734932 351.020782 57.727127 104.861420 351.827820 49.167133 103.685295 352.693665 40.677593 102.159027 353.669861 32.295582 100.260788 354.817200 24.076153 97.973862 356.187592 66.341690 103.220505 347.935333 83.600594 105.460823 347.752747 83.605408 103.865753 346.120850 100.872406 108.168861 347.905670 32.326035 100.759361 355.888611 40.695869 102.778183 354.910126 49.173901 104.433838 354.074860 57.725403 105.754128 353.331421 66.323586 106.787857 352.636658 83.590851 108.349335 351.310425 100.874222 109.850800 349.965820 118.107056 109.848007 346.246063 118.088882 105.823044 342.147949 100.868797 104.555939 344.228455 66.314285 108.093987 355.191803 32.420650 101.683479 359.282715 24.237640 99.051735 359.785645 16.249126 96.023338 360.385345 16.165121 95.751404 359.065186 8.506159 92.569580 361.086578 8.447885 92.427536 360.385162 83.580826 110.659790 355.279510 100.877960 112.734756 354.472870 40.714417 103.277885 356.178101 49.187759 105.538757 356.969910 66.311127 108.449341 356.082886 66.307930 108.760880 356.994629 83.578255 111.111526 356.333252 83.575645 111.501640 357.409973 100.879890 113.819847 356.889526 135.383377 118.796005 355.799133 135.400757 119.808647 358.841797 169.906418 124.692604 358.394958 169.914551 125.125473 360.133698 187.205750 127.177399 360.074097 187.206573 127.382721 360.975403 204.526993 128.984314 360.975525 100.882889 114.767563 360.636078 100.883408 114.819679 361.261566 135.414154 120.217247 361.126282 204.939407 129.028030 361.038177 187.206970 127.448387 361.428741 169.918640 125.297325 361.006744 135.409653 120.119301 360.366333 100.881874 114.563950 359.381592 83.570328 112.072601 359.622864 66.294685 109.571022 360.859650 66.298073 109.424660 359.859100 23.716528 89.759987 348.106781 15.717036 89.446342 351.921661 32.050182 91.430229 345.908264 23.759287 90.890991 348.815521 15.760697 90.252502 352.446198 40.510422 90.249710 342.728729 49.105251 90.428482 340.982758 66.385307 90.667137 338.727844 40.530300 91.871552 343.657776 15.844703 91.902000 353.713867 15.925588 93.398376 355.139465 23.841560 93.198380 350.538696 23.920776 95.293419 352.487671 32.113899 94.281036 347.966248 32.175251 96.873512 350.308167 40.568542 95.150421 345.937988 40.605362 98.139481 348.548492 49.126766 95.808441 344.364868 49.140400 99.094231 347.130585 66.365967 96.527031 342.153839 100.855721 90.953705 335.356354 83.640495 90.809280 337.197174 118.032944 93.467842 333.725616 100.857704 93.081825 336.342102 83.635170 92.852776 338.186127 66.378700 92.641632 339.732941 49.112610 92.217041 341.961639 57.733948 99.743965 345.961761 66.353714 100.124229 344.952881 83.624931 96.769005 340.479309 83.615074 100.448601 343.132446 100.861526 97.067215 338.565430 100.865196 100.844627 341.158478 118.052185 97.743896 336.042114 118.070717 101.785378 338.801941 135.222397 98.705025 333.242859 135.254593 103.142769 336.308472 152.430573 99.809402 330.567139 169.758316 103.670494 330.160156 135.416412 120.240753 361.505585 239.172546 94.771095 313.749878 244.254883 100.863213 322.552765 249.337234 106.955330 331.355621 253.935715 88.678986 299.933777 244.021667 88.698517 302.427063 262.829803 111.164894 334.328278 261.559235 108.616081 329.371857 255.313995 107.836380 330.407227 256.476868 95.869156 308.467773 265.167999 96.378059 305.845062 247.785767 95.360252 311.090454 251.549881 101.877571 320.533752 257.747467 99.431915 313.295685 259.018036 102.780937 318.505188 260.288635 105.839279 323.965698 284.570404 103.453156 332.756836 284.570374 106.066177 332.865143 294.452789 105.992905 333.226074 399.355621 95.469559 357.560364 399.355621 92.740013 358.228455 389.473022 92.752792 357.429352 389.473022 95.479393 356.788055 380.367401 98.167511 354.688080 371.909485 98.178001 353.161560 371.909454 100.750870 352.105804 371.909515 95.500725 353.988495 356.418213 95.518066 349.990356 363.969574 100.764359 350.358765 284.570435 95.594612 333.217102 303.558472 100.824829 334.511780 312.016418 100.812515 335.961334 294.453003 100.837303 333.436646 319.956329 100.801132 337.711670 327.507660 100.791420 339.689148 341.963013 95.533577 345.393433 327.507843 95.549561 340.797974 380.367493 92.765404 356.186401 371.909515 92.777634 354.572174 356.418152 105.521675 346.226074 389.466583 107.788017 348.674286 380.364532 108.063614 348.188873 371.908875 107.383415 348.009583 363.969543 107.523529 346.679932 399.348114 107.587997 348.745087 380.365265 107.204430 349.005463 380.365875 106.278366 349.822815 363.969574 105.464233 347.966125 371.909149 105.388367 349.461578 356.418182 103.225365 347.343323 341.962677 103.257263 343.201263 349.125519 105.568092 344.324097 341.962341 105.610901 342.342987 341.961792 107.821907 341.532959 389.468231 106.984627 349.589722 399.350037 106.828819 349.761322 389.469513 106.107750 350.499664 399.351532 105.990402 350.764069 389.470398 105.157883 351.393616 399.352570 105.072769 351.743469 399.354126 103.010872 353.585083 380.366241 105.286652 350.629730 389.471741 103.050377 353.085388 399.355072 100.683731 355.209442 356.418213 98.189835 349.269836 380.366882 103.116814 352.166351 389.472534 100.699402 354.588318 399.355469 98.145378 356.547333 380.367493 95.490623 355.575378 363.969574 103.201736 349.216980 371.909332 103.167038 350.851532 380.367279 100.729332 353.540771 389.472870 98.153511 355.834747 284.570404 100.849190 332.809570 341.962921 100.779694 344.030396 356.418213 100.772118 348.378204 294.452423 109.819244 333.611206 307.858917 109.551285 334.577667 303.557373 109.639893 334.155823 294.452576 108.553818 333.400360 303.557678 108.415077 334.042938 294.452698 107.276634 333.278259 303.557922 107.173103 334.010712 312.015198 108.278969 335.069672 284.570312 107.379440 333.001801 284.570312 108.692047 333.216095 284.570251 109.998398 333.527618 327.505371 109.137222 337.809448 319.954224 109.295227 336.329529 312.014771 109.464005 335.086792 319.954773 108.148628 336.406372 327.506012 108.027191 337.978790 334.797882 108.993652 339.451965 334.798492 107.917793 339.712769 327.506836 105.713112 338.472046 319.955536 105.776665 336.737701 312.015808 105.845947 335.236084 303.558105 105.918762 334.040955 294.452911 103.420876 333.265198 334.799255 105.657501 340.365417 582.235352 104.300278 413.438995 596.731506 90.885742 413.755737 438.592529 117.099007 404.185791 314.998657 113.665215 399.149139 273.781219 110.936661 394.566376 273.781219 110.276840 396.380707 294.341309 110.405197 401.493774 273.781219 102.092995 413.756531 273.781219 101.046669 415.328766 283.982880 100.469887 417.821533 582.972961 95.563171 420.117432 582.883423 96.561287 419.555664 573.439575 96.061150 424.062836 578.415161 94.352257 423.041229 573.680603 94.145447 425.270111 573.931702 92.274353 426.300903 591.964966 99.133789 413.367218 273.781219 96.402870 421.215668 314.826508 95.073807 427.724579 569.983276 91.004662 428.702820 592.365356 90.793091 416.672394 587.942383 90.703300 419.500244 583.448975 90.616379 422.214752 578.870789 90.532318 424.778351 574.192932 90.451111 427.150177 559.209717 91.853439 431.718475 554.122192 91.723892 432.930878 543.777588 91.480927 434.406647 439.574249 89.343872 434.706085 439.480652 90.233627 433.554413 397.776337 92.982903 430.724335 397.642914 101.122429 423.404297 376.963135 101.402870 422.697235 356.277985 101.809654 421.678192 356.278839 97.510567 426.290680 335.564423 98.163437 425.076813 294.204865 95.949898 424.904663 283.956696 96.440903 422.958221 273.781219 96.967209 420.583191 397.469421 116.976891 402.777344 397.489502 115.121414 406.478607 438.639160 115.243202 408.049591 438.689392 113.137329 411.532288 479.809967 112.993065 412.276154 479.902191 110.817245 415.404205 521.007446 110.733009 415.348236 541.081726 114.980690 404.291931 530.855530 115.347939 404.747925 520.621338 115.680702 404.901794 551.281006 114.578979 403.230988 561.414246 114.142822 401.496338 571.453552 113.672241 399.143829 581.392639 113.167259 396.300262 581.346558 113.402817 394.784027 581.595520 111.607864 401.982208 581.490295 112.506187 399.218018 571.723877 111.811890 405.330597 571.583679 112.864174 402.337799 561.719482 112.001411 408.105957 561.561157 113.197235 404.923096 551.590942 112.176407 410.161041 551.430176 113.505356 406.836914 541.375854 112.336853 411.431030 541.223328 113.788521 408.018951 531.126831 112.482742 411.995697 530.986145 114.046707 408.543457 520.869446 112.614037 412.206757 520.740784 114.279900 408.737640 479.723877 114.962288 408.781555 479.644012 116.666519 404.874451 521.154602 108.687370 418.198730 531.438538 108.752319 418.007935 531.277649 110.702286 415.139648 541.713806 108.823936 417.427338 541.539368 110.667725 414.557922 551.763245 110.629356 413.226929 531.609619 106.682617 420.624115 541.899231 106.851250 420.058838 552.142517 107.036324 418.664551 572.576172 103.853806 417.505890 582.092224 106.056076 411.473969 572.385559 105.703598 415.430664 581.956726 107.690399 409.341766 572.205017 107.455887 413.177917 581.828735 109.177467 407.046448 572.034546 109.078995 410.745331 581.708374 110.491516 404.592102 571.874207 110.541237 408.130646 562.682007 103.439156 420.848419 562.466736 105.376129 418.690063 562.262817 107.237869 416.344788 562.070374 108.987259 413.804565 561.889282 110.587189 411.061401 480.333069 101.266075 425.009857 438.994843 100.940971 424.420441 439.304260 92.786255 430.984100 460.316010 90.311195 433.639099 480.862976 93.156013 431.389038 460.079895 92.900307 431.158478 439.390656 91.372879 432.315460 460.441315 89.388435 434.737549 481.325378 89.478722 434.906586 481.165039 90.474678 433.837250 502.025909 90.724113 434.170349 553.039856 99.011566 427.136169 552.568054 103.056320 423.268280 542.750671 98.584496 428.547729 542.302979 102.705276 424.678162 532.395020 98.196159 428.985077 531.982056 102.386024 425.185547 522.029480 97.846535 428.970673 521.651733 102.098541 425.264099 553.557922 95.167313 430.340820 543.242188 94.773621 431.767212 532.848389 94.415390 432.146332 522.444214 94.092613 432.049530 582.385986 102.448509 415.232971 591.789429 102.996124 410.551636 573.208557 98.014267 422.683167 563.146729 99.477379 424.631836 563.656921 95.596489 427.737610 591.875183 101.107353 412.050507 582.710083 98.554779 418.294495 582.544250 100.525261 416.852539 572.987671 99.981941 421.131073 533.342285 91.259468 434.758850 522.895935 91.059517 434.607574 563.929138 93.754112 429.046661 564.212708 91.988365 430.190857 569.122192 92.128670 428.374390 592.011475 98.121925 413.954865 592.058960 97.096931 414.494080 592.107422 96.061356 414.983978 592.156982 95.017227 415.423920 583.157715 93.572342 421.100464 583.064392 94.566483 420.632568 592.207520 93.966438 415.813293 578.638489 92.425415 424.003571 583.252930 92.581863 421.520538 587.788635 92.743690 418.891174 592.259155 92.910896 416.151550 596.676819 93.083481 413.325317 294.244232 99.931587 419.905853 314.868408 98.970482 423.043884 335.587311 102.342758 420.086121 314.906586 103.002060 417.674377 294.280121 103.787392 414.183655 284.006744 104.227295 411.942230 273.781219 113.975792 387.694946 278.927094 114.269638 388.724915 278.926086 114.021637 389.097412 284.075378 114.293762 390.105774 284.071808 113.771637 391.057312 294.377930 114.237396 393.029327 294.366608 113.047684 395.554596 273.781219 113.835495 387.882019 273.781219 113.162781 389.015076 273.781219 112.328407 390.869354 273.781219 107.769287 402.791595 273.781219 106.657265 405.326569 294.312469 107.309784 407.898773 273.781219 104.698662 409.311188 335.642456 114.181137 401.862152 356.275909 114.595711 403.872803 376.891205 114.909126 405.351501 314.971710 110.516655 405.378998 335.626312 110.611320 408.276764 356.276520 110.689430 410.392975 376.912262 110.751167 411.923401 397.511200 113.045685 409.907227 397.534424 110.796547 413.075378 438.743286 110.838783 414.670807 438.861816 105.902618 420.050354 480.000610 108.494003 418.209106 480.105255 106.085655 420.724365 521.311096 106.530418 420.785187 397.585541 105.980370 418.681122 376.936249 106.116737 417.700806 356.277222 106.317932 416.362518 335.607910 106.583954 414.432129 314.941010 106.914635 411.688416 253.935715 88.678986 423.835052 244.021667 88.698517 421.341766 265.167999 96.378059 417.923737 255.313995 107.836380 393.361603 262.829803 111.164894 389.440552 261.559235 108.616081 394.396942 256.476868 95.869156 415.301056 247.785767 95.360252 412.678345 257.747467 99.431915 410.473145 251.549881 101.877571 403.235046 259.018036 102.780937 405.263611 260.288635 105.839279 399.803101 267.569061 106.869530 397.817749 261.105469 106.040657 396.518036 256.569244 94.514526 414.869019 254.301132 88.095207 422.469788 265.215912 95.030037 417.437805 251.282242 99.810272 403.995361 247.922592 93.999016 412.300262 244.562958 88.052200 420.024323 257.703308 97.656357 410.681152 258.837341 100.672531 406.148590 259.971405 103.471237 401.371490 327.500824 66.448021 384.077393 327.507233 66.487480 389.220581 341.962616 66.517914 386.635284 303.558289 66.391037 391.701965 303.557648 70.427101 413.387543 294.452545 70.469498 413.846680 291.216339 73.114426 424.678833 284.570282 70.508522 413.842468 399.354034 74.542633 405.001770 410.144836 74.848442 405.175385 410.144836 73.540398 404.087341 380.365723 71.371170 402.190735 380.365173 70.136452 400.166779 371.908844 70.223427 400.983337 371.908813 68.315926 396.527161 371.909210 67.050369 391.801636 356.418182 67.287102 394.015808 380.367645 66.540993 388.744171 371.909576 66.675034 389.381226 363.969574 66.556221 382.953705 356.418182 66.534935 384.047089 371.909790 66.448067 384.513519 399.334351 68.287407 377.417572 410.144836 67.901039 378.773041 410.144836 69.594307 375.472961 399.325928 69.306396 375.410919 389.447571 68.948380 374.910522 389.454773 68.044861 376.982391 380.355743 68.449295 374.821686 356.417572 67.457420 376.843781 341.956451 67.021530 379.218109 363.969391 67.718323 375.874115 363.969482 67.184219 378.174683 371.907074 67.401100 377.412079 371.906097 68.040726 375.169952 356.417755 67.016487 379.190308 363.969543 66.794586 380.539551 371.908295 66.916336 379.728699 380.359039 67.686882 376.987885 371.909302 66.595993 382.101837 380.366730 66.661697 381.572235 380.363251 67.085747 379.245941 389.463867 67.305000 379.171021 380.368500 66.387573 386.340881 389.475189 66.290627 386.132050 389.475037 66.414635 383.772156 399.358002 66.387085 384.069763 399.353790 66.800964 381.781586 410.144836 66.730949 382.409973 410.144836 67.287483 380.423462 380.366516 66.888664 391.134521 389.473358 66.383255 388.503571 399.358185 66.206589 386.393311 410.144836 66.297577 384.901123 356.418274 66.621979 389.028290 371.909790 66.474342 386.945923 380.368439 66.427971 383.943848 389.471436 66.754425 381.444336 399.344940 67.442551 379.553040 356.418182 72.539734 407.862946 356.418182 75.187279 411.765930 358.644958 75.261635 411.233917 380.366394 72.753540 404.087799 371.908997 71.399010 403.068115 371.909180 72.707993 405.039093 363.969543 70.271523 402.137115 363.969574 72.633965 406.325775 380.364899 69.061920 398.029327 380.365082 68.156822 395.797668 380.365601 67.429596 393.492493 399.349182 68.785294 397.745422 410.144836 68.221237 396.790161 399.349548 67.822182 395.593567 410.144836 67.939713 396.148529 399.350891 67.073296 393.355286 410.144836 66.946266 393.272125 399.353149 66.549713 391.058533 410.144836 66.588898 391.764008 410.144836 66.276840 389.742584 341.962494 67.469147 396.868347 356.418091 68.523323 398.891571 389.470642 72.769913 403.550018 389.469177 71.307388 401.729309 389.467957 70.009033 399.766052 389.467468 68.887978 397.674103 389.467804 67.954948 395.476532 389.468964 67.220039 393.198761 389.470886 66.693382 390.866241 399.356049 66.260468 388.730225 410.144836 66.186195 386.185394 389.471649 74.382851 405.216675 399.352844 72.844604 403.424561 410.144836 72.474556 403.058929 399.351166 71.309364 401.680939 410.144836 71.523514 402.007782 399.349731 69.951576 399.782959 410.144836 70.093666 400.122986 410.144836 68.934929 398.219086 380.366852 74.270195 405.846039 380.366821 75.907791 407.453491 371.909332 74.137650 406.884430 372.438751 75.690582 408.507965 363.969574 73.985275 408.254242 284.570374 68.288551 402.697784 294.452850 68.159180 402.887268 356.418091 70.291939 403.542755 341.961670 68.661049 401.909821 327.505859 68.819321 404.919250 327.507019 67.666878 399.717773 312.015106 69.025970 407.283997 312.015961 67.903038 401.932098 312.015900 71.955002 417.645660 327.507324 73.128403 417.143616 327.506927 72.123840 414.821289 341.962677 73.467598 413.514160 341.962433 72.323822 411.349274 341.962646 74.686310 415.585297 349.125671 74.937088 413.636078 349.125580 72.433594 409.565765 341.961700 70.294518 406.768402 327.505890 70.317322 409.980133 312.015137 70.385101 412.540039 303.558197 68.029854 402.606049 294.452911 66.354713 391.841980 284.570374 66.320404 391.507385 312.011444 66.064667 385.855988 341.958344 66.749496 381.639099 312.016113 66.426910 391.165955 327.508698 66.888420 394.460022 341.963593 66.753059 391.744629 387.195496 76.077446 406.857056 389.471558 76.132469 406.717804 399.353943 76.388794 406.400421 405.077087 76.563606 406.394348 410.144836 76.339973 406.227173 410.144836 76.739014 406.480042 306.379974 73.537407 423.390198 312.016144 73.704102 422.567566 320.606140 73.969261 420.961212 327.507263 74.192352 419.393494 339.209869 74.590088 416.339966 420.965607 87.827721 364.891144 410.144836 86.953941 409.834442 410.144836 107.758980 375.465393 410.144836 106.913017 374.198242 410.144836 105.480583 372.404846 410.144836 103.076035 370.086334 410.144836 102.904770 369.946381 410.144836 100.716957 368.384552 410.144836 99.940811 367.918610 410.144836 98.153755 366.994415 410.144836 96.555435 366.325348 410.144836 95.462883 365.946106 410.144836 92.871788 365.282257 410.144836 79.573753 407.965881 410.144836 81.956497 408.859802 410.144836 84.744598 409.547089 410.144836 83.173958 409.205505 389.467957 81.592812 409.078888 380.364594 84.444153 410.364197 371.908661 84.371216 411.380646 389.469666 78.785088 408.050201 380.365936 78.632797 408.703644 389.466797 84.509590 409.783081 356.418060 84.204880 414.392853 341.961426 84.026237 418.103180 341.961700 80.846489 417.441040 327.505890 80.578667 421.127594 303.557617 80.192513 425.232330 312.015137 80.321754 424.150574 294.452545 80.060013 425.931519 284.570282 79.922218 426.176086 341.962158 77.725189 416.598419 356.418152 78.106705 412.851837 371.909088 78.468498 409.774994 380.365112 81.491211 409.679352 371.908844 81.378311 410.708893 356.418091 81.121666 413.730988 303.558472 100.824837 389.257050 312.016418 100.812531 387.807495 312.015808 105.845955 388.532745 319.954224 109.295227 387.439270 284.570251 109.998398 390.241211 284.570404 100.849197 390.959259 399.354126 103.010880 370.183746 380.366882 103.116821 371.602448 371.909332 103.167046 372.917297 371.909454 100.750877 371.663025 327.507843 95.549576 382.970856 356.418213 95.518082 373.778473 341.963013 95.533592 378.375397 389.473022 92.752808 366.339478 371.909515 92.777657 369.196655 371.909515 95.500740 369.780334 319.956329 100.801140 386.057159 284.570435 95.594627 390.551727 363.969543 107.523529 377.088898 356.418152 105.521675 377.542755 363.969574 105.464241 375.802704 363.969574 103.201744 374.551849 349.125519 105.568092 379.444702 341.961792 107.821907 382.235870 341.962341 105.610901 381.425842 389.466583 107.788017 375.094513 371.908875 107.383415 375.759247 380.364532 108.063614 375.579926 399.350037 106.828819 374.007507 399.348114 107.587997 375.023743 380.366241 105.286659 373.139099 371.909149 105.388367 374.307220 380.365875 106.278366 373.946014 380.365265 107.204430 374.763367 356.418213 100.772125 375.390594 363.969574 100.764374 373.410034 356.418182 103.225372 376.425476 341.962677 103.257271 380.567566 389.470398 105.157890 372.375214 389.469513 106.107750 373.269165 389.468231 106.984634 374.179108 356.418213 98.189842 374.498993 371.909485 98.178009 370.607269 380.367279 100.729340 370.228058 389.471741 103.050385 370.683441 399.352570 105.072769 372.025330 399.351532 105.990402 373.004761 380.367401 98.167526 369.080750 389.472534 100.699409 369.180481 380.367493 95.490639 368.193451 380.367493 92.765419 367.582428 389.472870 98.153519 367.934082 389.473022 95.479408 366.980774 399.355072 100.683739 368.559387 399.355469 98.145386 367.221497 399.355621 95.469574 366.208466 399.355621 92.740028 365.540375 294.453003 100.837311 390.332184 327.507660 100.791428 384.079681 341.962921 100.779701 379.738403 284.570312 108.692047 390.552734 307.858917 109.551285 389.191162 284.570374 106.066185 390.903687 294.452789 105.992912 390.542755 284.570312 107.379440 390.766998 294.452698 107.276642 390.490570 294.452576 108.553818 390.368469 294.452423 109.819244 390.157593 303.557373 109.639893 389.613007 303.557678 108.415077 389.725861 303.557922 107.173111 389.758087 303.558105 105.918770 389.727875 294.452911 103.420883 390.503601 284.570404 103.453163 391.011993 334.797882 108.993652 384.316864 319.955536 105.776665 387.031128 319.954773 108.148628 387.362457 312.015198 108.278969 388.699127 312.014771 109.464005 388.682037 327.506012 108.027191 385.790039 327.506836 105.713120 385.296783 327.505371 109.137230 385.959351 334.798492 107.917793 384.056030 334.799255 105.657501 383.403412 337.189545 84.405357 304.322266 342.084900 88.452538 305.094574 334.798065 88.425110 303.141418 320.222626 88.371597 299.712433 311.157013 84.686234 298.665894 311.612427 88.341499 298.177765 305.946289 84.797821 297.951508 307.859039 88.328804 297.642853 303.557220 84.859192 297.675720 302.906158 88.312462 297.064392 300.702576 84.941238 297.388458 299.094025 88.300194 296.717041 295.397430 85.120865 296.973938 293.851349 88.283760 296.374786 284.247345 88.254921 296.133026 289.616608 88.270851 296.208740 290.006531 85.342140 296.705475 294.452271 85.156769 296.915985 273.781219 88.225174 296.385193 279.297211 88.240646 296.189301 279.221069 85.928490 296.590179 284.570160 85.608505 296.581238 410.144836 88.678986 313.865631 404.248505 87.257149 313.903595 402.937439 88.658676 313.849762 390.148102 88.620621 313.598938 393.313141 86.727020 313.807983 398.649536 86.991364 313.882904 380.364746 86.049706 313.161926 383.264099 86.202591 313.386963 380.364746 86.664383 313.092407 388.201874 86.462914 313.652649 389.467072 86.711914 313.682800 371.908722 86.614548 312.065826 373.670593 85.700760 312.432159 364.360992 88.534904 310.580994 368.721558 85.450516 311.704742 371.908783 85.610619 312.191315 355.768463 88.503754 308.676239 363.683044 85.207909 310.806549 349.125122 88.479042 306.988495 350.876190 84.678322 307.920532 357.183258 84.917236 309.436127 339.628815 84.392899 304.974548 342.526367 84.413605 305.750366 329.108551 88.403915 301.701019 327.600189 84.455887 301.899261 319.954224 84.548416 300.220337 321.028595 84.532845 300.439270 326.479492 84.466003 301.636719 380.802399 88.590996 312.997833 372.648163 88.563805 312.018188 418.942261 89.876770 313.898834 422.323608 89.608055 313.885651 416.759216 87.859619 313.881195 425.312103 88.238014 313.870148 430.437012 89.070953 313.869202 425.877045 88.256210 313.869781 431.490662 88.443840 313.866913 433.309814 88.847198 313.866302 433.726044 88.573761 313.865906 434.154510 88.632660 313.865692 434.252380 88.674507 313.865631 434.252228 88.685364 313.865631 334.797363 90.206955 303.937653 327.504791 90.132797 302.185669 319.953674 90.055954 300.604736 312.013153 93.208122 301.474060 273.781219 90.171410 298.250397 279.297150 91.121712 298.814819 284.570129 91.191559 298.681763 289.616364 91.261017 298.680267 294.452026 91.330009 298.801453 299.093384 91.398438 299.036591 307.858002 91.533279 299.813263 303.556641 91.466225 299.376770 319.952179 93.386810 302.698212 327.503143 93.558861 304.167999 334.795837 93.722946 305.813019 341.959869 93.878716 307.559814 339.432159 95.110321 307.720398 349.124298 94.031227 309.317261 356.417908 94.187408 310.988068 356.417938 92.318657 310.135742 363.969513 92.440804 311.670868 371.908142 92.573891 312.928528 369.451782 93.521660 312.950500 380.134003 92.802307 313.820526 380.362671 92.722206 313.812866 389.465088 90.763466 313.808380 389.463470 92.147118 314.069763 380.363800 90.665817 313.295807 399.346375 90.851280 313.968231 371.908447 90.576805 312.338379 363.969543 90.495811 311.015076 356.418030 90.420593 309.419617 349.124847 90.348885 307.645752 349.124542 92.203140 308.418976 341.960999 90.278419 305.787170 341.960358 92.089958 306.616394 334.796509 91.974792 304.823761 312.014343 89.976715 299.265747 312.013641 91.599510 300.337189 327.503845 91.854492 303.131226 319.952820 91.729164 301.612183 272.879059 86.400986 296.932861 266.098053 87.057617 298.516571 264.213745 88.139259 298.809662 266.700928 86.983505 298.378296 269.741882 86.664078 297.672272 262.157654 87.795921 299.380737 263.809906 87.403214 299.031342 260.783630 88.232292 299.801361 264.514313 89.949623 300.719971 258.803589 88.545082 300.683777 258.820709 88.542053 300.675690 256.441620 89.081421 301.960876 256.568726 89.043755 301.880280 256.062225 89.204803 302.215912 256.916199 88.947914 301.669525 257.459351 88.814651 301.362366 258.327148 88.632759 300.913605 259.119019 88.490433 300.536316 259.462585 88.433411 300.379242 259.666840 88.400566 300.287354 259.947784 88.356552 300.162659 260.582642 88.261345 299.887024 260.754425 90.885139 302.884094 256.954376 90.325806 303.342407 271.481323 91.907829 300.655365 264.392090 91.284470 302.230988 395.973663 92.070992 292.102386 392.369171 92.339264 292.346436 261.057007 88.727524 299.534393 261.867828 88.960854 298.287689 261.154755 88.972130 299.534393 261.100739 88.875015 299.534393 261.071014 88.795387 299.534393 261.246735 89.092674 299.534393 261.759308 89.505714 299.534393 261.438477 89.278114 299.534393 262.193665 89.722511 299.534393 263.071014 90.037674 299.534393 263.517212 90.107315 299.152802 264.910583 90.478981 299.176666 264.612274 90.458557 299.534393 265.938782 90.747200 299.534393 271.308929 91.647751 299.534393 269.347229 91.279099 298.741608 268.616547 91.237427 299.534393 266.968018 90.891960 299.035217 282.497894 92.771126 297.107483 276.877899 92.211067 297.631805 276.709015 92.327248 299.534393 270.662231 91.465202 298.536835 280.572876 92.734016 299.534393 288.290131 93.251343 296.662140 292.977814 93.732208 299.534393 294.254944 93.669388 296.298187 293.015472 93.734688 299.534393 300.392944 94.028137 296.003052 303.819244 94.199005 295.865631 306.706299 94.327766 295.762360 308.375244 94.519661 299.534393 314.727692 94.726753 299.534393 322.087952 94.793350 295.331757 324.684784 94.925842 299.534393 332.664734 94.898521 295.065887 341.100677 94.827873 294.799194 340.381439 94.881523 299.534393 341.942078 94.852188 299.534393 349.856567 94.626472 294.474792 352.824524 94.544769 299.534393 358.913116 94.304100 294.102142 357.717377 94.354218 299.534393 359.941711 94.261009 294.057770 384.724579 92.879318 292.821869 373.448273 93.585976 293.431580 366.658295 93.949989 293.757385 406.613586 91.208794 291.263123 426.330658 89.499016 289.253021 416.066101 90.409409 290.394928 432.709778 89.024551 288.558868 420.837585 89.863525 299.534393 423.862396 89.598083 299.534393 377.695648 93.296097 299.534393 390.865082 92.388527 299.534393 395.260284 92.057747 299.534393 412.663666 90.608261 299.534393 322.529572 84.742500 288.617676 330.838562 84.723923 288.176270 270.927979 86.647446 295.996613 267.607910 86.991737 296.771515 266.904022 87.078568 296.933563 263.353912 87.717484 297.719025 262.517609 88.050293 297.875092 261.262482 88.277557 299.534393 261.203339 88.340622 299.534393 261.152527 88.405518 299.534393 261.111053 88.472046 299.534393 261.080048 88.539955 299.534393 261.060638 88.609016 299.534393 261.055634 88.643898 299.534393 285.008789 85.722305 292.979218 283.685760 85.789253 293.224640 278.971344 86.056564 294.163177 304.611481 85.017097 290.144043 297.841095 85.208069 290.966827 293.685242 85.351685 291.549622 291.300568 85.443443 291.912720 311.632965 84.871132 289.441772 434.825348 88.647461 287.970459 432.975922 88.531082 299.534393 434.085876 88.588707 287.974579 429.926727 88.426819 299.534393 430.559998 88.467110 287.967224 431.941101 88.504303 287.972198 433.119049 88.543732 287.974762 427.200134 88.386192 287.951294 428.979523 88.429222 287.960114 412.644867 87.796738 299.534393 419.201263 88.080170 299.534393 417.983185 88.021828 287.915527 420.613739 88.142899 287.924805 423.024628 88.249039 287.932983 425.217590 88.329094 287.941864 366.620605 85.646194 287.538239 381.002655 86.316452 287.629028 410.208771 87.709724 287.873810 369.144501 85.763329 299.534393 352.743256 85.094719 299.534393 348.297607 84.993462 287.653534 345.329681 84.860641 299.534393 339.313690 84.799599 287.862305 336.576721 84.660690 299.534393 434.247681 88.691101 306.850922 375.285309 93.284332 306.850922 345.823242 94.862808 306.850922 434.252411 88.685028 306.854370 341.498962 84.544968 303.180145 385.923004 86.449570 306.825897 273.781219 88.678986 294.920502 267.739075 88.660286 296.457489 344.345703 93.030228 292.737152 334.195984 93.312325 293.219177 434.753296 88.795235 288.178345 395.184662 88.678986 287.499481 395.207489 89.509453 288.938110 395.165619 90.636307 290.466187 374.809326 92.368256 292.151886 395.125610 92.080574 292.103882 354.498840 92.778847 292.422485 313.925201 93.968636 294.827179 324.053162 93.625130 293.903564 303.794098 92.283272 293.723663 293.727051 92.579704 295.187531 283.673584 88.678986 292.687866 374.827271 90.843414 290.374268 354.497925 91.141327 290.488586 344.336548 91.324333 290.723480 334.179565 91.530045 291.126801 324.030884 91.758438 291.735321 313.899078 92.009521 292.587585 374.846100 89.617119 288.710785 374.810333 88.678986 287.135040 354.496887 89.773705 288.676941 354.451630 88.678986 286.955017 344.326935 89.870346 288.837494 344.278198 88.678986 287.043427 334.162415 89.979210 289.168579 334.111359 88.678986 287.305084 324.007538 90.100296 289.708496 323.955597 88.678986 287.779968 313.871735 90.233604 290.497589 313.821167 88.678986 288.510010 303.719757 88.678986 289.538849 293.664581 88.678986 290.914337 "
							            />
						</IndexedFaceSet>
					</Shape>
				</Group>
			</Transform>
		</Transform>
	</Scene>
</X3D>