<?xml version="1.0" encoding="UTF-8"?>
<!DOCTYPE X3D PUBLIC "ISO//Web3D//DTD X3D 3.0//EN" "http://www.web3d.org/specifications/x3d-3.0.dtd">
<X3D version="3.0" profile="Immersive" xmlns:xsd="http://www.w3.org/2001/XMLSchema-instance" xsd:noNamespaceSchemaLocation="http://www.web3d.org/specifications/x3d-3.0.xsd">
	<head>
		<meta name="filename" content="OMLV4_Packing - For Xander - ANAPG 82-1.x3d" />
		<meta name="created" content="2026-04-19 20:21:16" />
		<meta name="generator" content="Blender 4.3.2" />
		<meta name="translator" content="Web3D X3D/VRML2 format v2.5.1" />
	</head>
	<Scene>
		<NavigationInfo headlight="true"
		                visibilityLimit="0.0"
		                type='"EXAMINE", "ANY"'
		                avatarSize="0.25, 1.75, 0.75"
		                />
		<Background DEF="WO_World"
		            groundColor="0.051 0.051 0.051"
		            skyColor="0.051 0.051 0.051"
		            />
		<Transform DEF="OMLV4_Packing_-_For_Xander_-_ANAPG_82-1_TRANSFORM"
		           translation="0.000000 0.000000 0.000000"
		           scale="1.000000 1.000000 1.000000"
		           rotation="-1.000000 0.000000 0.000000 1.570796"
		           >
			<Transform DEF="OMLV4_Packing_-_For_Xander_-_ANAPG_82-1_ifs_TRANSFORM"
			           translation="0.000000 0.000000 0.000000"
			           scale="1.000000 1.000000 1.000000"
			           rotation="0.000000 1.000000 0.000000 0.000000"
			           >
				<Group DEF="group_ME_OMLV4_Packing_-_For_Xander_-_ANAPG_82-1">
					<Shape>
						<Appearance>
						</Appearance>
						<IndexedFaceSet solid="false"
						                coordIndex="0 1 2 -1 3 4 5 -1 6 7 8 -1 9 10 11 -1 12 13 14 -1 15 16 17 -1 18 19 20 -1 20 19 21 -1 22 23 24 -1 25 26 27 -1 28 29 30 -1 31 32 33 -1 33 34 31 -1 31 34 35 -1 31 35 36 -1 37 38 39 -1 36 40 31 -1 31 40 41 -1 31 41 42 -1 43 44 45 -1 45 44 46 -1 43 47 44 -1 44 47 48 -1 44 48 49 -1 50 51 52 -1 52 51 53 -1 52 53 31 -1 31 53 54 -1 31 54 32 -1 49 55 44 -1 44 55 56 -1 44 56 39 -1 39 56 57 -1 39 57 37 -1 58 59 60 -1 60 59 61 -1 60 61 62 -1 62 61 52 -1 29 63 64 -1 65 66 67 -1 67 66 28 -1 67 28 68 -1 68 28 30 -1 67 69 65 -1 65 69 70 -1 65 70 71 -1 71 70 72 -1 71 72 73 -1 74 75 76 -1 77 76 78 -1 78 76 75 -1 78 75 79 -1 79 75 80 -1 79 80 81 -1 82 83 84 -1 84 83 85 -1 86 87 88 -1 88 87 89 -1 90 83 91 -1 91 83 92 -1 90 93 83 -1 83 93 94 -1 83 94 95 -1 95 96 83 -1 83 96 97 -1 83 97 85 -1 85 97 98 -1 85 98 99 -1 99 100 85 -1 85 100 101 -1 85 101 102 -1 102 103 85 -1 85 103 104 -1 85 104 105 -1 86 106 87 -1 87 106 107 -1 87 107 83 -1 83 107 108 -1 83 108 92 -1 104 109 105 -1 105 109 110 -1 105 110 111 -1 111 110 112 -1 111 112 113 -1 114 115 116 -1 117 118 59 -1 59 118 114 -1 59 114 61 -1 61 114 116 -1 61 116 52 -1 25 27 119 -1 119 27 120 -1 119 120 78 -1 120 117 78 -1 78 117 59 -1 78 59 77 -1 77 59 58 -1 77 58 63 -1 63 58 121 -1 63 121 64 -1 64 121 31 -1 64 31 44 -1 44 31 42 -1 44 42 46 -1 122 123 124 -1 124 123 125 -1 126 127 128 -1 129 130 131 -1 132 133 126 -1 126 133 129 -1 126 129 127 -1 127 129 131 -1 128 134 126 -1 126 134 135 -1 126 135 136 -1 23 137 24 -1 24 137 133 -1 24 133 138 -1 138 133 132 -1 138 132 139 -1 139 132 136 -1 139 136 140 -1 140 136 135 -1 141 142 143 -1 144 145 146 -1 146 145 147 -1 130 148 131 -1 131 148 147 -1 131 147 149 -1 149 147 145 -1 149 145 150 -1 150 145 151 -1 150 151 152 -1 152 151 153 -1 152 153 141 -1 141 153 144 -1 141 144 142 -1 142 144 146 -1 154 155 156 -1 156 155 157 -1 156 157 22 -1 22 157 158 -1 22 158 23 -1 23 158 159 -1 23 159 137 -1 160 161 154 -1 154 161 162 -1 154 162 155 -1 163 164 165 -1 165 164 166 -1 165 166 167 -1 167 166 168 -1 167 168 138 -1 138 168 169 -1 138 169 24 -1 24 169 170 -1 24 170 22 -1 141 171 152 -1 152 171 172 -1 152 172 173 -1 173 172 174 -1 173 174 175 -1 175 174 176 -1 177 141 155 -1 155 141 143 -1 155 143 157 -1 178 179 180 -1 181 182 183 -1 183 182 184 -1 183 184 185 -1 185 184 186 -1 185 186 179 -1 179 186 187 -1 179 187 180 -1 188 189 187 -1 187 189 190 -1 190 191 187 -1 187 191 192 -1 187 192 180 -1 177 21 141 -1 141 21 19 -1 141 19 171 -1 171 19 18 -1 171 18 176 -1 176 18 193 -1 176 193 175 -1 175 193 194 -1 175 194 195 -1 196 197 198 -1 199 200 201 -1 196 202 203 -1 201 200 204 -1 202 196 205 -1 205 196 206 -1 205 206 207 -1 203 208 196 -1 196 208 209 -1 196 209 197 -1 210 211 212 -1 213 214 201 -1 201 214 215 -1 201 215 199 -1 200 216 204 -1 204 216 217 -1 204 217 218 -1 206 219 207 -1 207 219 220 -1 207 220 221 -1 222 223 224 -1 198 225 196 -1 196 225 226 -1 196 226 212 -1 212 226 227 -1 212 227 210 -1 218 228 204 -1 204 228 229 -1 204 229 230 -1 207 224 231 -1 231 224 230 -1 231 230 232 -1 232 230 229 -1 221 233 207 -1 207 233 234 -1 207 234 224 -1 224 234 235 -1 224 235 222 -1 223 236 224 -1 224 236 237 -1 224 237 238 -1 211 239 212 -1 212 239 240 -1 212 240 241 -1 241 242 212 -1 212 242 243 -1 212 243 244 -1 244 245 246 -1 246 245 247 -1 247 248 246 -1 246 248 249 -1 246 249 201 -1 201 249 250 -1 201 250 213 -1 251 252 238 -1 253 254 165 -1 255 256 165 -1 165 256 257 -1 165 257 253 -1 258 259 260 -1 261 262 255 -1 254 263 165 -1 165 263 264 -1 165 264 265 -1 266 267 268 -1 262 269 255 -1 255 269 270 -1 255 270 256 -1 265 271 165 -1 165 271 272 -1 165 272 163 -1 163 272 273 -1 274 275 268 -1 268 275 276 -1 268 276 266 -1 252 251 277 -1 277 251 268 -1 277 268 260 -1 260 268 267 -1 260 267 258 -1 259 278 260 -1 260 278 279 -1 260 279 280 -1 273 281 163 -1 163 281 282 -1 163 282 283 -1 283 284 163 -1 163 284 285 -1 163 285 286 -1 280 287 260 -1 260 287 288 -1 260 288 255 -1 255 288 289 -1 255 289 261 -1 286 290 163 -1 163 290 291 -1 163 291 268 -1 268 291 292 -1 268 292 274 -1 293 167 294 -1 294 167 138 -1 294 138 295 -1 295 138 139 -1 139 296 295 -1 295 296 297 -1 295 297 293 -1 293 297 298 -1 293 298 167 -1 167 298 299 -1 167 299 165 -1 165 299 300 -1 165 300 255 -1 301 302 303 -1 303 302 304 -1 303 304 305 -1 305 304 306 -1 305 306 127 -1 307 308 309 -1 309 308 310 -1 311 307 67 -1 67 307 309 -1 67 309 69 -1 69 309 312 -1 69 312 310 -1 308 313 310 -1 310 313 301 -1 310 301 69 -1 69 301 303 -1 69 303 314 -1 315 316 317 -1 317 316 318 -1 317 318 319 -1 320 321 68 -1 322 323 324 -1 324 325 322 -1 322 325 326 -1 322 326 327 -1 319 328 317 -1 317 328 329 -1 317 329 322 -1 322 329 330 -1 322 330 323 -1 331 332 333 -1 334 335 30 -1 336 337 30 -1 30 337 338 -1 339 340 68 -1 311 67 341 -1 341 67 68 -1 341 68 317 -1 317 68 321 -1 317 321 315 -1 335 342 30 -1 30 342 343 -1 30 343 336 -1 338 344 30 -1 30 344 345 -1 30 345 68 -1 68 345 346 -1 68 346 339 -1 340 347 68 -1 68 347 348 -1 68 348 320 -1 332 349 333 -1 333 349 350 -1 333 350 351 -1 351 352 333 -1 333 352 353 -1 333 353 30 -1 30 353 354 -1 30 354 334 -1 355 356 357 -1 357 356 322 -1 357 322 333 -1 333 322 327 -1 333 327 331 -1 16 15 39 -1 358 359 360 -1 16 361 362 -1 363 364 365 -1 366 367 368 -1 366 369 16 -1 16 369 370 -1 16 370 361 -1 362 371 16 -1 16 371 372 -1 16 372 373 -1 365 374 363 -1 363 374 375 -1 363 375 376 -1 376 377 363 -1 363 377 378 -1 363 378 360 -1 360 378 379 -1 360 379 358 -1 368 380 366 -1 366 380 381 -1 366 381 369 -1 373 382 16 -1 16 382 383 -1 16 383 384 -1 359 385 360 -1 360 385 386 -1 360 386 387 -1 17 16 388 -1 388 16 384 -1 388 384 364 -1 364 384 389 -1 364 389 365 -1 386 390 387 -1 387 390 391 -1 387 391 392 -1 392 391 393 -1 392 393 394 -1 395 396 366 -1 366 396 397 -1 366 397 398 -1 398 399 366 -1 366 399 400 -1 366 400 367 -1 401 402 392 -1 402 403 404 -1 404 403 405 -1 404 405 406 -1 407 408 409 -1 410 411 412 -1 413 414 401 -1 401 415 402 -1 402 415 416 -1 402 416 417 -1 406 418 404 -1 404 418 419 -1 404 419 409 -1 409 419 420 -1 409 420 407 -1 421 422 410 -1 412 423 410 -1 410 423 424 -1 410 424 401 -1 401 424 425 -1 401 425 413 -1 417 426 402 -1 402 426 427 -1 402 427 403 -1 422 428 410 -1 410 428 429 -1 410 429 411 -1 414 430 401 -1 401 430 431 -1 401 431 432 -1 432 433 401 -1 401 433 434 -1 401 434 415 -1 408 435 409 -1 409 435 436 -1 409 436 437 -1 437 436 438 -1 438 439 437 -1 437 439 440 -1 437 440 441 -1 441 440 442 -1 441 442 410 -1 410 442 443 -1 410 443 421 -1 401 444 445 -1 446 447 410 -1 113 448 111 -1 111 448 449 -1 111 449 401 -1 401 449 450 -1 401 450 444 -1 445 451 401 -1 401 451 452 -1 401 452 410 -1 410 452 453 -1 410 453 446 -1 454 455 456 -1 83 457 458 -1 459 460 82 -1 458 461 83 -1 83 461 462 -1 83 462 463 -1 464 465 466 -1 466 465 467 -1 466 467 468 -1 460 469 82 -1 82 469 470 -1 82 470 83 -1 83 470 471 -1 83 471 457 -1 447 472 410 -1 410 472 89 -1 410 89 473 -1 473 89 87 -1 473 87 474 -1 474 87 83 -1 474 83 466 -1 466 83 463 -1 466 463 464 -1 455 475 456 -1 456 475 476 -1 456 476 477 -1 478 479 82 -1 477 480 456 -1 456 480 481 -1 456 481 82 -1 82 481 482 -1 82 482 478 -1 479 483 82 -1 82 483 484 -1 82 484 459 -1 485 486 487 -1 487 486 488 -1 487 488 489 -1 468 490 466 -1 466 490 491 -1 466 491 487 -1 487 491 492 -1 487 492 485 -1 489 493 487 -1 487 493 494 -1 487 494 456 -1 456 494 495 -1 456 495 454 -1 496 497 498 -1 498 497 1 -1 498 1 499 -1 499 500 496 -1 496 500 501 -1 496 501 497 -1 497 501 502 -1 497 502 456 -1 456 502 503 -1 456 503 487 -1 504 505 195 -1 506 507 508 -1 509 180 510 -1 194 178 195 -1 195 178 180 -1 195 180 504 -1 504 180 509 -1 504 509 0 -1 0 509 506 -1 0 506 1 -1 1 506 508 -1 1 508 499 -1 499 508 511 -1 499 511 500 -1 510 512 509 -1 509 512 513 -1 509 513 507 -1 507 513 514 -1 507 514 508 -1 515 516 184 -1 184 516 517 -1 518 517 515 -1 518 519 517 -1 517 519 189 -1 517 189 184 -1 184 189 188 -1 184 188 186 -1 520 521 11 -1 522 523 524 -1 524 523 525 -1 524 525 526 -1 526 527 524 -1 524 527 528 -1 524 528 529 -1 530 6 531 -1 531 6 532 -1 533 534 7 -1 7 534 535 -1 7 535 524 -1 524 535 536 -1 524 536 522 -1 529 537 524 -1 524 537 538 -1 524 538 10 -1 10 538 539 -1 10 539 540 -1 11 521 6 -1 6 521 541 -1 6 541 532 -1 542 543 7 -1 7 543 544 -1 7 544 533 -1 540 545 10 -1 10 545 546 -1 10 546 547 -1 548 549 11 -1 11 549 550 -1 11 550 520 -1 530 551 6 -1 6 551 552 -1 6 552 7 -1 7 552 553 -1 7 553 542 -1 547 554 10 -1 10 554 555 -1 10 555 11 -1 11 555 556 -1 11 556 548 -1 557 558 559 -1 559 558 560 -1 561 562 563 -1 564 565 566 -1 564 567 568 -1 557 569 558 -1 558 569 570 -1 558 570 561 -1 566 571 564 -1 564 571 572 -1 564 572 567 -1 573 568 574 -1 575 576 577 -1 560 558 578 -1 578 558 577 -1 578 577 579 -1 570 580 561 -1 561 580 581 -1 561 581 582 -1 583 584 8 -1 8 584 585 -1 8 585 6 -1 582 586 561 -1 561 586 587 -1 561 587 562 -1 588 589 564 -1 564 589 590 -1 564 590 565 -1 591 592 593 -1 574 594 573 -1 573 594 595 -1 573 595 596 -1 597 598 577 -1 577 598 599 -1 577 599 579 -1 583 600 584 -1 584 600 601 -1 584 601 591 -1 591 601 602 -1 591 602 592 -1 596 603 573 -1 573 603 604 -1 573 604 576 -1 576 604 605 -1 605 606 576 -1 576 606 607 -1 576 607 577 -1 577 607 608 -1 577 608 597 -1 593 609 591 -1 591 609 610 -1 591 610 577 -1 577 610 611 -1 577 611 575 -1 244 246 212 -1 212 246 561 -1 212 561 564 -1 564 561 563 -1 564 563 588 -1 612 613 614 -1 568 573 564 -1 564 573 615 -1 564 615 616 -1 613 617 614 -1 614 617 618 -1 614 618 619 -1 619 620 614 -1 614 620 621 -1 614 621 622 -1 623 624 8 -1 8 624 625 -1 8 625 583 -1 612 614 626 -1 626 614 627 -1 626 627 628 -1 629 7 630 -1 630 7 631 -1 629 632 7 -1 7 632 633 -1 7 633 634 -1 634 635 7 -1 7 635 636 -1 7 636 8 -1 8 636 637 -1 8 637 623 -1 16 638 639 -1 38 640 39 -1 39 640 641 -1 39 641 16 -1 16 641 642 -1 16 642 638 -1 639 643 16 -1 16 643 644 -1 16 644 366 -1 366 644 645 -1 366 645 646 -1 646 647 366 -1 366 647 648 -1 366 648 116 -1 116 648 649 -1 116 649 52 -1 52 649 650 -1 52 650 50 -1 651 652 212 -1 653 654 655 -1 656 657 658 -1 659 660 652 -1 652 660 661 -1 652 661 662 -1 662 663 652 -1 652 663 664 -1 652 664 665 -1 666 655 667 -1 667 655 668 -1 659 652 669 -1 669 652 670 -1 669 670 671 -1 654 672 655 -1 655 672 673 -1 655 673 668 -1 665 674 652 -1 652 674 675 -1 652 675 212 -1 212 675 676 -1 212 676 196 -1 658 677 656 -1 656 677 678 -1 656 678 655 -1 655 678 679 -1 655 679 653 -1 680 681 14 -1 14 681 682 -1 5 4 683 -1 683 4 684 -1 683 684 685 -1 685 684 524 -1 685 524 682 -1 682 524 10 -1 682 10 14 -1 14 10 9 -1 14 9 12 -1 686 5 181 -1 181 5 683 -1 181 683 182 -1 182 683 680 -1 182 680 184 -1 184 680 14 -1 184 14 515 -1 515 14 13 -1 515 13 518 -1 684 687 524 -1 524 687 614 -1 524 614 7 -1 7 614 622 -1 7 622 631 -1 688 689 690 -1 690 689 691 -1 690 691 162 -1 162 691 3 -1 162 3 155 -1 155 3 5 -1 155 5 177 -1 177 5 686 -1 666 671 655 -1 655 671 670 -1 655 670 692 -1 692 670 160 -1 692 160 693 -1 693 160 154 -1 161 694 162 -1 162 694 651 -1 162 651 690 -1 690 651 212 -1 690 212 688 -1 688 212 564 -1 688 564 627 -1 627 564 616 -1 627 616 628 -1 84 27 82 -1 82 27 26 -1 82 26 456 -1 456 26 695 -1 456 695 497 -1 497 695 696 -1 497 696 1 -1 1 696 697 -1 1 697 2 -1 2 697 25 -1 698 699 79 -1 79 699 700 -1 79 700 78 -1 78 700 701 -1 78 701 119 -1 119 701 702 -1 119 702 25 -1 25 702 703 -1 25 703 2 -1 2 703 704 -1 2 704 0 -1 505 705 195 -1 195 705 123 -1 195 123 175 -1 175 123 122 -1 175 122 173 -1 173 122 706 -1 173 706 152 -1 152 706 707 -1 152 707 79 -1 79 707 124 -1 79 124 698 -1 698 124 125 -1 698 125 699 -1 76 73 74 -1 74 73 72 -1 74 72 708 -1 708 72 70 -1 708 70 709 -1 709 70 69 -1 709 69 710 -1 710 69 314 -1 710 314 711 -1 314 305 711 -1 711 305 127 -1 711 127 712 -1 712 127 131 -1 712 131 713 -1 713 131 149 -1 713 149 714 -1 715 716 717 -1 717 714 715 -1 715 714 149 -1 715 149 718 -1 718 149 150 -1 718 150 719 -1 719 150 152 -1 719 152 716 -1 716 152 79 -1 716 79 717 -1 717 79 81 -1 394 395 392 -1 392 395 366 -1 392 366 401 -1 401 366 116 -1 401 116 111 -1 111 116 115 -1 111 115 105 -1 29 64 30 -1 30 64 44 -1 30 44 333 -1 333 44 39 -1 333 39 357 -1 357 39 15 -1 357 15 355 -1 237 657 238 -1 238 657 656 -1 238 656 251 -1 251 656 655 -1 251 655 268 -1 268 655 692 -1 268 692 163 -1 163 692 693 -1 163 693 164 -1 720 721 722 -1 723 724 725 -1 726 727 721 -1 721 727 728 -1 728 727 729 -1 728 729 730 -1 721 731 726 -1 726 731 732 -1 726 732 729 -1 729 732 733 -1 729 733 730 -1 723 725 734 -1 735 736 737 -1 725 738 734 -1 734 738 739 -1 734 739 720 -1 720 739 735 -1 720 735 721 -1 721 735 737 -1 721 737 731 -1 738 740 739 -1 739 740 741 -1 739 741 736 -1 736 741 742 -1 736 742 737 -1 743 722 744 -1 744 722 721 -1 744 721 745 -1 745 721 728 -1 745 728 746 -1 746 728 747 -1 748 749 750 -1 750 749 751 -1 750 751 752 -1 744 746 743 -1 743 746 747 -1 743 747 753 -1 753 747 749 -1 753 749 754 -1 754 749 748 -1 754 748 724 -1 724 748 752 -1 724 752 725 -1 725 752 751 -1 755 756 757 -1 758 759 760 -1 760 759 761 -1 762 763 764 -1 765 766 767 -1 768 769 770 -1 771 772 773 -1 773 772 774 -1 773 774 775 -1 776 777 778 -1 779 780 774 -1 774 780 781 -1 774 781 775 -1 778 777 782 -1 782 777 783 -1 782 783 784 -1 784 783 785 -1 784 785 786 -1 770 787 768 -1 768 787 786 -1 768 786 788 -1 788 786 785 -1 789 790 791 -1 757 792 793 -1 794 795 796 -1 796 795 797 -1 796 797 798 -1 799 800 801 -1 800 802 801 -1 801 802 803 -1 801 803 804 -1 805 806 807 -1 807 806 808 -1 807 808 809 -1 810 811 794 -1 794 811 812 -1 794 812 813 -1 814 815 795 -1 815 816 795 -1 795 816 817 -1 795 817 818 -1 819 820 821 -1 821 820 795 -1 821 795 822 -1 822 795 818 -1 819 823 820 -1 820 823 824 -1 820 824 825 -1 813 826 794 -1 794 826 827 -1 794 827 828 -1 828 829 794 -1 794 829 830 -1 794 830 795 -1 795 830 831 -1 795 831 814 -1 825 832 820 -1 820 832 833 -1 820 833 801 -1 801 833 834 -1 801 834 799 -1 809 835 807 -1 807 835 836 -1 807 836 794 -1 794 836 837 -1 794 837 810 -1 766 838 767 -1 767 838 801 -1 767 801 807 -1 807 801 804 -1 807 804 805 -1 839 840 755 -1 755 840 841 -1 842 843 844 -1 845 846 847 -1 847 846 848 -1 847 848 849 -1 841 850 755 -1 755 850 851 -1 755 851 852 -1 852 853 755 -1 755 853 854 -1 755 854 855 -1 844 856 842 -1 842 856 857 -1 842 857 847 -1 847 857 858 -1 847 858 845 -1 859 860 861 -1 861 860 862 -1 861 862 863 -1 864 865 791 -1 791 865 866 -1 866 867 791 -1 791 867 868 -1 791 868 839 -1 863 869 861 -1 861 869 870 -1 861 870 871 -1 871 872 861 -1 861 872 873 -1 861 873 791 -1 791 873 874 -1 791 874 875 -1 875 876 791 -1 791 876 877 -1 791 877 864 -1 878 879 880 -1 880 879 881 -1 880 881 861 -1 861 881 847 -1 861 847 859 -1 859 847 849 -1 791 790 861 -1 861 790 882 -1 861 882 880 -1 880 882 883 -1 880 883 884 -1 885 886 887 -1 888 889 890 -1 887 891 892 -1 893 878 894 -1 894 878 895 -1 896 897 898 -1 899 900 901 -1 886 902 887 -1 887 902 903 -1 887 903 891 -1 893 904 878 -1 878 904 905 -1 878 905 890 -1 890 905 906 -1 890 906 888 -1 884 887 907 -1 907 908 884 -1 884 908 909 -1 884 909 880 -1 880 909 910 -1 910 911 880 -1 880 911 912 -1 880 912 878 -1 878 912 913 -1 878 913 895 -1 892 914 887 -1 887 914 915 -1 887 915 907 -1 889 916 890 -1 890 916 917 -1 890 917 898 -1 898 917 918 -1 898 918 896 -1 919 920 899 -1 899 920 921 -1 899 921 922 -1 922 923 899 -1 899 923 924 -1 899 924 900 -1 762 925 763 -1 763 925 898 -1 763 898 899 -1 899 898 897 -1 899 897 919 -1 926 927 928 -1 928 927 929 -1 928 929 930 -1 931 932 933 -1 934 935 930 -1 930 935 936 -1 930 936 937 -1 938 939 940 -1 937 941 930 -1 930 941 942 -1 930 942 933 -1 933 942 943 -1 933 943 931 -1 944 945 946 -1 946 945 947 -1 948 949 940 -1 939 950 940 -1 940 950 951 -1 940 951 929 -1 929 951 952 -1 949 953 940 -1 940 953 954 -1 940 954 938 -1 952 955 929 -1 929 955 956 -1 929 956 957 -1 957 958 929 -1 929 958 959 -1 929 959 930 -1 930 959 960 -1 930 960 934 -1 944 961 945 -1 945 961 962 -1 945 962 963 -1 963 964 945 -1 945 964 965 -1 945 965 940 -1 940 965 966 -1 940 966 948 -1 932 967 933 -1 933 967 968 -1 933 968 945 -1 945 968 969 -1 945 969 947 -1 970 770 940 -1 940 770 769 -1 940 769 945 -1 945 769 971 -1 945 971 972 -1 972 971 973 -1 778 780 776 -1 776 780 779 -1 776 779 887 -1 887 779 899 -1 887 899 885 -1 885 899 901 -1 974 975 976 -1 977 978 979 -1 980 981 760 -1 760 981 982 -1 760 982 983 -1 975 984 976 -1 976 984 985 -1 976 985 986 -1 983 987 760 -1 760 987 988 -1 760 988 989 -1 990 991 976 -1 976 991 992 -1 976 992 974 -1 993 994 756 -1 756 994 995 -1 756 995 996 -1 986 997 976 -1 976 997 998 -1 976 998 979 -1 979 998 999 -1 979 999 977 -1 1000 1001 1002 -1 1002 1003 1000 -1 1000 1003 1004 -1 1000 1004 755 -1 755 1004 1005 -1 755 1005 1006 -1 1006 1007 755 -1 755 1007 1008 -1 755 1008 756 -1 756 1008 1009 -1 756 1009 993 -1 978 1010 979 -1 979 1010 1011 -1 979 1011 1000 -1 1000 1011 1012 -1 1000 1012 1001 -1 764 1013 1014 -1 1015 1016 774 -1 1017 1018 779 -1 1019 772 1020 -1 1020 772 1021 -1 1016 1022 774 -1 774 1022 1023 -1 774 1023 1024 -1 1019 1025 772 -1 772 1025 1026 -1 772 1026 1027 -1 1027 1028 772 -1 772 1028 1029 -1 772 1029 774 -1 774 1029 1030 -1 774 1030 1015 -1 1014 1031 764 -1 764 1031 1032 -1 764 1032 772 -1 772 1032 1033 -1 772 1033 1021 -1 1024 1034 774 -1 774 1034 1035 -1 774 1035 779 -1 779 1035 1036 -1 779 1036 1017 -1 899 1037 1038 -1 1038 1039 899 -1 899 1039 1040 -1 899 1040 763 -1 763 1040 1041 -1 763 1041 1042 -1 1042 1043 763 -1 763 1043 1044 -1 763 1044 764 -1 764 1044 1045 -1 764 1045 1013 -1 1018 1046 779 -1 779 1046 1047 -1 779 1047 899 -1 899 1047 1048 -1 899 1048 1037 -1 792 757 761 -1 761 757 756 -1 761 756 760 -1 760 756 996 -1 760 996 980 -1 1049 1050 1051 -1 1051 1050 758 -1 1051 758 976 -1 976 758 760 -1 976 760 990 -1 990 760 989 -1 1052 1053 1054 -1 1054 1053 1055 -1 1054 1055 1056 -1 1056 1055 796 -1 796 1055 1049 -1 796 1049 794 -1 794 1049 1051 -1 794 1051 807 -1 807 1051 976 -1 807 976 767 -1 767 976 979 -1 767 979 765 -1 765 979 1000 -1 765 1000 1057 -1 1057 1000 755 -1 1057 755 842 -1 842 755 855 -1 842 855 843 -1 773 970 771 -1 771 970 940 -1 771 940 772 -1 772 940 929 -1 772 929 764 -1 764 929 927 -1 764 927 762 -1 762 927 926 -1 839 755 791 -1 791 755 757 -1 791 757 789 -1 789 757 793 -1 789 793 1058 -1 1058 793 1059 -1 1058 1059 1060 -1 1060 1059 1061 -1 1060 1061 1062 -1 1062 1061 1063 -1 1062 1063 1052 -1 1052 1063 1064 -1 1052 1064 1053 -1 1065 1066 1067 -1 1068 1069 1070 -1 1070 1069 1071 -1 1070 1071 1072 -1 1073 1074 1075 -1 1070 1066 1068 -1 1068 1066 1065 -1 1068 1065 1071 -1 1071 1065 1073 -1 1071 1073 1072 -1 1072 1073 1075 -1 1076 1077 1078 -1 1079 1080 1081 -1 1081 1080 1076 -1 1081 1076 1082 -1 1082 1076 1078 -1 1082 1078 1083 -1 1076 1067 1077 -1 1077 1067 1066 -1 1077 1066 1084 -1 1084 1066 1085 -1 1085 1086 1084 -1 1084 1086 1087 -1 1084 1087 1078 -1 1078 1087 1088 -1 1078 1088 1083 -1 1089 1090 1091 -1 1074 1091 1075 -1 1075 1091 1090 -1 1075 1090 1092 -1 1092 1090 1093 -1 1092 1093 1081 -1 1081 1093 1089 -1 1081 1089 1079 -1 1079 1089 1091 -1 1070 1094 1066 -1 1066 1094 1095 -1 1066 1095 1085 -1 1085 1095 1096 -1 1085 1096 1097 -1 1070 1098 1094 -1 1094 1098 1099 -1 1094 1099 1096 -1 1096 1099 1100 -1 1096 1100 1097 -1 1101 1102 1103 -1 1104 1105 1106 -1 1107 1108 1109 -1 1109 1108 1110 -1 1111 1109 1112 -1 1112 1109 1110 -1 1112 1110 1106 -1 1106 1110 1113 -1 1106 1113 1104 -1 1114 1115 1116 -1 1116 1115 1117 -1 1116 1117 1118 -1 1119 1104 1120 -1 1120 1104 1102 -1 1112 1105 1111 -1 1111 1105 1104 -1 1111 1104 1121 -1 1121 1104 1119 -1 1121 1119 1117 -1 1117 1119 1122 -1 1117 1122 1118 -1 1102 1123 1120 -1 1120 1123 1124 -1 1120 1124 1122 -1 1122 1124 1125 -1 1122 1125 1118 -1 1126 1127 1128 -1 1107 1128 1108 -1 1108 1128 1127 -1 1108 1127 1129 -1 1129 1127 1130 -1 1129 1130 1116 -1 1116 1130 1126 -1 1116 1126 1114 -1 1114 1126 1128 -1 1103 1102 1131 -1 1131 1102 1104 -1 1131 1104 1132 -1 1132 1104 1113 -1 1132 1113 1133 -1 1133 1134 1132 -1 1132 1134 1135 -1 1132 1135 1103 -1 1103 1135 1136 -1 1103 1136 1101 -1 1137 1138 1139 -1 1140 1141 1142 -1 1143 1144 1145 -1 1146 1147 1148 -1 1149 1150 1151 -1 1152 1153 1154 -1 1155 1156 1157 -1 1157 1156 1158 -1 1159 1160 1161 -1 1161 1160 1162 -1 1163 1164 1165 -1 1165 1164 1166 -1 1166 1164 1167 -1 1166 1167 1168 -1 1168 1167 1169 -1 1168 1169 1170 -1 1169 1171 1170 -1 1170 1171 1172 -1 1170 1172 1173 -1 1173 1172 1152 -1 1173 1152 1174 -1 1174 1152 1154 -1 1175 1176 1177 -1 1177 1176 1178 -1 1179 1180 1177 -1 1177 1180 1181 -1 1177 1181 1182 -1 1183 1184 1185 -1 1185 1184 1186 -1 1185 1186 1177 -1 1177 1186 1187 -1 1177 1187 1179 -1 1182 1188 1177 -1 1177 1188 1189 -1 1177 1189 1175 -1 1190 1191 1192 -1 1192 1191 1193 -1 1194 1195 1196 -1 1196 1195 1197 -1 1196 1197 1198 -1 1198 1199 1196 -1 1196 1199 1200 -1 1196 1200 1185 -1 1185 1200 1201 -1 1185 1201 1202 -1 1202 1203 1185 -1 1185 1203 1204 -1 1185 1204 1205 -1 1205 1206 1185 -1 1185 1206 1207 -1 1185 1207 1183 -1 1208 1209 1192 -1 1192 1209 1210 -1 1192 1210 1190 -1 1189 1211 1175 -1 1175 1211 1212 -1 1175 1212 1213 -1 1213 1212 1214 -1 1213 1214 1215 -1 1215 1216 1213 -1 1213 1216 1217 -1 1213 1217 1192 -1 1192 1217 1218 -1 1192 1218 1208 -1 1150 1219 1151 -1 1151 1219 1192 -1 1151 1192 1196 -1 1196 1192 1193 -1 1196 1193 1194 -1 1220 1221 1142 -1 1220 1142 1222 -1 1223 1224 1141 -1 1141 1224 1225 -1 1225 1226 1141 -1 1141 1226 1227 -1 1141 1227 1142 -1 1142 1227 1228 -1 1142 1228 1222 -1 1141 1229 1230 -1 1231 1232 1233 -1 1233 1232 1234 -1 1234 1235 1233 -1 1233 1235 1236 -1 1233 1236 1237 -1 1238 1239 1240 -1 1240 1239 1241 -1 1240 1241 1242 -1 1230 1243 1141 -1 1141 1243 1244 -1 1141 1244 1223 -1 1142 1245 1246 -1 1237 1247 1233 -1 1233 1247 1248 -1 1233 1248 1240 -1 1240 1248 1249 -1 1240 1249 1238 -1 1221 1250 1142 -1 1142 1250 1251 -1 1142 1251 1245 -1 1252 1253 1231 -1 1231 1253 1254 -1 1231 1254 1232 -1 1255 1256 1257 -1 1257 1256 1258 -1 1257 1258 1231 -1 1231 1258 1259 -1 1231 1259 1252 -1 1229 1141 1242 -1 1242 1141 1260 -1 1242 1260 1240 -1 1240 1260 1261 -1 1240 1261 1262 -1 1262 1261 1263 -1 1262 1263 1139 -1 1264 1265 1138 -1 1266 1267 1268 -1 1269 1270 1138 -1 1138 1270 1271 -1 1272 1273 1274 -1 1265 1275 1138 -1 1138 1275 1276 -1 1138 1276 1269 -1 1277 1278 1139 -1 1279 1280 1262 -1 1273 1281 1274 -1 1274 1281 1282 -1 1274 1282 1268 -1 1268 1282 1283 -1 1268 1283 1266 -1 1271 1284 1138 -1 1138 1284 1285 -1 1138 1285 1139 -1 1139 1285 1286 -1 1139 1286 1277 -1 1267 1287 1268 -1 1268 1287 1288 -1 1268 1288 1148 -1 1148 1288 1289 -1 1148 1289 1146 -1 1262 1280 1274 -1 1274 1280 1290 -1 1274 1290 1272 -1 1278 1291 1139 -1 1139 1291 1292 -1 1139 1292 1293 -1 1293 1294 1139 -1 1139 1294 1295 -1 1139 1295 1262 -1 1262 1295 1296 -1 1262 1296 1297 -1 1297 1298 1262 -1 1262 1298 1299 -1 1262 1299 1279 -1 1143 1300 1144 -1 1144 1300 1148 -1 1144 1148 1138 -1 1138 1148 1147 -1 1138 1147 1264 -1 1301 1302 1303 -1 1303 1302 1304 -1 1303 1304 1305 -1 1306 1307 1308 -1 1308 1307 1309 -1 1309 1310 1308 -1 1308 1310 1311 -1 1308 1311 1312 -1 1313 1314 1315 -1 1315 1314 1316 -1 1315 1316 1308 -1 1308 1316 1317 -1 1308 1317 1306 -1 1318 1319 1320 -1 1320 1319 1321 -1 1322 1323 1315 -1 1324 1325 1305 -1 1305 1325 1326 -1 1321 1327 1320 -1 1320 1327 1328 -1 1320 1328 1315 -1 1315 1328 1329 -1 1315 1329 1322 -1 1323 1330 1315 -1 1315 1330 1331 -1 1315 1331 1313 -1 1332 1333 1304 -1 1304 1333 1334 -1 1304 1334 1335 -1 1326 1336 1305 -1 1305 1336 1337 -1 1305 1337 1320 -1 1320 1337 1338 -1 1320 1338 1318 -1 1312 1339 1308 -1 1308 1339 1340 -1 1308 1340 1304 -1 1304 1340 1341 -1 1304 1341 1332 -1 1335 1342 1304 -1 1304 1342 1343 -1 1304 1343 1305 -1 1305 1343 1344 -1 1305 1344 1324 -1 1345 1154 1308 -1 1308 1154 1153 -1 1308 1153 1315 -1 1315 1153 1346 -1 1165 1159 1163 -1 1163 1159 1161 -1 1163 1161 1347 -1 1348 1349 1350 -1 1350 1349 1351 -1 1350 1351 1352 -1 1353 1354 1158 -1 1355 1356 1137 -1 1357 1358 1145 -1 1359 1360 1156 -1 1156 1360 1361 -1 1156 1361 1158 -1 1158 1361 1362 -1 1158 1362 1353 -1 1354 1363 1158 -1 1158 1363 1364 -1 1158 1364 1365 -1 1365 1366 1158 -1 1158 1366 1367 -1 1158 1367 1137 -1 1137 1367 1368 -1 1137 1368 1355 -1 1369 1156 1370 -1 1370 1156 1371 -1 1369 1372 1156 -1 1156 1372 1373 -1 1156 1373 1359 -1 1358 1374 1145 -1 1145 1374 1375 -1 1145 1375 1156 -1 1156 1375 1376 -1 1156 1376 1371 -1 1138 1377 1378 -1 1378 1379 1138 -1 1138 1379 1380 -1 1138 1380 1144 -1 1144 1380 1381 -1 1144 1381 1382 -1 1382 1383 1144 -1 1144 1383 1384 -1 1144 1384 1145 -1 1145 1384 1385 -1 1145 1385 1357 -1 1356 1386 1137 -1 1137 1386 1387 -1 1137 1387 1138 -1 1138 1387 1388 -1 1138 1388 1377 -1 1389 1390 1351 -1 1391 1392 1393 -1 1394 1395 1396 -1 1396 1395 1397 -1 1398 1399 1349 -1 1349 1399 1400 -1 1349 1400 1401 -1 1351 1390 1395 -1 1395 1390 1402 -1 1395 1402 1397 -1 1394 1403 1395 -1 1395 1403 1404 -1 1395 1404 1405 -1 1405 1406 1395 -1 1395 1406 1407 -1 1395 1407 1393 -1 1393 1407 1408 -1 1393 1408 1391 -1 1409 1351 1410 -1 1410 1351 1411 -1 1409 1412 1351 -1 1351 1412 1413 -1 1351 1413 1389 -1 1401 1414 1349 -1 1349 1414 1415 -1 1349 1415 1351 -1 1351 1415 1416 -1 1351 1416 1411 -1 1417 1418 1142 -1 1419 1420 1421 -1 1421 1422 1419 -1 1419 1422 1423 -1 1419 1423 1142 -1 1142 1423 1424 -1 1142 1424 1417 -1 1418 1398 1142 -1 1142 1398 1349 -1 1142 1349 1140 -1 1140 1349 1348 -1 1140 1348 1425 -1 1425 1348 1426 -1 1425 1426 1427 -1 1427 1426 1428 -1 1427 1428 1429 -1 1429 1428 1430 -1 1429 1430 1431 -1 1392 1432 1393 -1 1393 1432 1433 -1 1393 1433 1419 -1 1419 1433 1434 -1 1419 1434 1420 -1 1352 1351 1435 -1 1435 1351 1395 -1 1435 1395 1436 -1 1437 1438 1439 -1 1439 1440 1437 -1 1437 1440 1431 -1 1437 1431 1441 -1 1441 1431 1430 -1 1263 1347 1139 -1 1139 1347 1161 -1 1139 1161 1137 -1 1137 1161 1162 -1 1137 1162 1158 -1 1158 1162 1442 -1 1158 1442 1157 -1 1301 1143 1302 -1 1302 1143 1145 -1 1302 1145 1304 -1 1304 1145 1156 -1 1304 1156 1308 -1 1308 1156 1155 -1 1308 1155 1345 -1 1345 1155 1157 -1 1185 1436 1196 -1 1196 1436 1395 -1 1196 1395 1151 -1 1151 1395 1393 -1 1151 1393 1149 -1 1149 1393 1419 -1 1149 1419 1443 -1 1443 1419 1142 -1 1443 1142 1257 -1 1257 1142 1246 -1 1257 1246 1255 -1 1178 1444 1177 -1 1177 1444 1439 -1 1177 1439 1185 -1 1185 1439 1438 -1 1185 1438 1436 -1 1436 1438 1445 -1 1436 1445 1435 -1 1446 1447 1448 -1 1449 1450 1451 -1 1452 1453 1448 -1 1454 1455 1456 -1 1456 1455 1457 -1 1456 1457 1452 -1 1458 1448 1459 -1 1459 1448 1453 -1 1459 1453 1460 -1 1460 1453 1457 -1 1460 1457 1461 -1 1461 1457 1455 -1 1449 1451 1462 -1 1463 1464 1465 -1 1456 1466 1454 -1 1454 1466 1467 -1 1454 1467 1468 -1 1468 1467 1463 -1 1468 1463 1469 -1 1469 1463 1465 -1 1451 1464 1462 -1 1462 1464 1463 -1 1462 1463 1470 -1 1452 1448 1456 -1 1456 1448 1447 -1 1456 1447 1471 -1 1472 1473 1474 -1 1463 1466 1470 -1 1470 1466 1456 -1 1470 1456 1475 -1 1475 1456 1471 -1 1475 1471 1472 -1 1472 1471 1446 -1 1472 1446 1473 -1 1473 1446 1448 -1 1476 1474 1477 -1 1477 1474 1478 -1 1477 1478 1479 -1 1478 1451 1479 -1 1479 1451 1450 -1 1479 1450 1476 -1 1476 1450 1480 -1 1476 1480 1474 -1 1474 1480 1481 -1 1474 1481 1472 -1 1482 1483 1484 -1 1485 1486 1487 -1 1487 1486 1488 -1 1487 1488 1489 -1 1484 1483 1490 -1 1491 1492 1493 -1 1494 1495 1496 -1 1496 1497 1494 -1 1494 1497 1498 -1 1494 1498 1499 -1 1499 1498 1500 -1 1499 1500 1501 -1 1502 1503 1504 -1 1483 1505 1490 -1 1490 1505 1506 -1 1490 1506 1495 -1 1495 1506 1507 -1 1495 1507 1496 -1 1508 1509 1510 -1 1510 1509 1511 -1 1512 1513 1514 -1 1484 1515 1516 -1 1517 1518 1485 -1 1485 1518 1519 -1 1485 1519 1520 -1 1504 1521 1502 -1 1502 1521 1522 -1 1502 1522 1523 -1 1500 1524 1501 -1 1501 1524 1525 -1 1501 1525 1526 -1 1526 1525 1527 -1 1526 1527 1489 -1 1489 1527 1528 -1 1489 1528 1487 -1 1487 1528 1529 -1 1487 1529 1530 -1 1531 1532 1510 -1 1492 1533 1493 -1 1493 1533 1534 -1 1493 1534 1535 -1 1515 1484 1536 -1 1536 1484 1537 -1 1536 1537 1538 -1 1538 1537 1539 -1 1538 1539 1540 -1 1520 1541 1485 -1 1485 1541 1542 -1 1485 1542 1486 -1 1486 1542 1543 -1 1486 1543 1544 -1 1544 1543 1545 -1 1544 1545 1546 -1 1546 1545 1547 -1 1546 1547 1548 -1 1532 1549 1510 -1 1510 1549 1550 -1 1510 1550 1508 -1 1551 1552 1539 -1 1539 1552 1553 -1 1539 1553 1540 -1 1547 1554 1548 -1 1548 1554 1555 -1 1548 1555 1556 -1 1556 1555 1557 -1 1556 1557 1558 -1 1523 1559 1502 -1 1502 1559 1560 -1 1502 1560 1485 -1 1485 1560 1561 -1 1485 1561 1517 -1 1530 1562 1487 -1 1487 1562 1563 -1 1487 1563 1564 -1 1565 1566 1510 -1 1510 1566 1567 -1 1510 1567 1568 -1 1514 1569 1512 -1 1512 1569 1570 -1 1512 1570 1571 -1 1571 1570 1572 -1 1571 1572 1493 -1 1493 1572 1573 -1 1493 1573 1491 -1 1574 1575 1576 -1 1576 1575 1577 -1 1576 1577 1578 -1 1564 1579 1487 -1 1487 1579 1580 -1 1487 1580 1510 -1 1510 1580 1581 -1 1510 1581 1531 -1 1582 1583 1584 -1 1585 1586 1587 -1 1587 1588 1585 -1 1585 1588 1589 -1 1585 1589 1551 -1 1551 1589 1590 -1 1551 1590 1552 -1 1513 1512 1591 -1 1591 1512 1592 -1 1591 1592 1516 -1 1516 1592 1593 -1 1516 1593 1484 -1 1484 1593 1594 -1 1484 1594 1482 -1 1595 1596 1597 -1 1597 1596 1598 -1 1597 1598 1599 -1 1576 1600 1574 -1 1574 1600 1597 -1 1574 1597 1601 -1 1601 1597 1599 -1 1602 1603 1604 -1 1535 1605 1493 -1 1493 1605 1565 -1 1493 1565 1606 -1 1606 1565 1510 -1 1606 1510 1607 -1 1607 1510 1511 -1 1568 1608 1510 -1 1510 1608 1609 -1 1510 1609 1582 -1 1582 1609 1610 -1 1582 1610 1583 -1 1611 1612 1597 -1 1597 1612 1613 -1 1597 1613 1595 -1 1611 1614 1612 -1 1612 1614 1615 -1 1612 1615 1616 -1 1616 1617 1612 -1 1612 1617 1618 -1 1612 1618 1619 -1 1604 1620 1602 -1 1602 1620 1621 -1 1602 1621 1622 -1 1623 1624 1502 -1 1584 1625 1582 -1 1582 1625 1626 -1 1582 1626 1586 -1 1586 1626 1627 -1 1586 1627 1587 -1 1557 1628 1558 -1 1558 1628 1629 -1 1558 1629 1619 -1 1630 1631 1632 -1 1633 1634 1635 -1 1635 1634 1636 -1 1635 1636 1637 -1 1637 1636 1638 -1 1637 1638 1639 -1 1639 1638 1640 -1 1639 1640 1641 -1 1641 1640 1558 -1 1641 1558 1642 -1 1642 1558 1619 -1 1642 1619 1643 -1 1643 1619 1618 -1 1633 1644 1634 -1 1634 1644 1645 -1 1634 1645 1603 -1 1603 1645 1646 -1 1603 1646 1604 -1 1621 1647 1622 -1 1622 1647 1648 -1 1622 1648 1649 -1 1649 1648 1650 -1 1649 1650 1630 -1 1630 1650 1651 -1 1630 1651 1631 -1 1632 1652 1630 -1 1630 1652 1653 -1 1630 1653 1502 -1 1502 1653 1654 -1 1502 1654 1623 -1 1624 1655 1502 -1 1502 1655 1656 -1 1502 1656 1578 -1 1577 1657 1578 -1 1578 1657 1658 -1 1578 1658 1502 -1 1502 1658 1659 -1 1502 1659 1503 -1 1660 1661 1485 -1 1485 1661 1502 -1 1487 1510 1662 -1 1662 1510 1663 -1 1664 1662 1665 -1 1665 1662 1666 -1 1667 1668 1669 -1 1669 1668 1670 -1 1669 1670 1671 -1 1672 1673 1674 -1 1674 1673 1675 -1 1664 1676 1662 -1 1662 1676 1677 -1 1662 1677 1678 -1 1678 1677 1679 -1 1678 1679 1680 -1 1679 1681 1680 -1 1680 1681 1682 -1 1680 1682 1670 -1 1670 1682 1683 -1 1670 1683 1671 -1 1684 1685 1663 -1 1663 1685 1686 -1 1663 1686 1687 -1 1687 1688 1663 -1 1663 1688 1689 -1 1663 1689 1690 -1 1667 1691 1668 -1 1668 1691 1692 -1 1668 1692 1693 -1 1694 1695 1696 -1 1696 1695 1697 -1 1696 1697 1698 -1 1690 1699 1663 -1 1663 1699 1700 -1 1663 1700 1662 -1 1662 1700 1701 -1 1662 1701 1666 -1 1692 1702 1693 -1 1693 1702 1703 -1 1693 1703 1704 -1 1698 1697 1705 -1 1705 1697 1706 -1 1705 1706 1707 -1 1694 1708 1695 -1 1695 1708 1709 -1 1695 1709 1710 -1 1709 1711 1710 -1 1710 1711 1712 -1 1710 1712 1713 -1 1714 1715 1716 -1 1716 1715 1713 -1 1716 1713 1717 -1 1717 1713 1712 -1 1703 1718 1704 -1 1704 1718 1719 -1 1704 1719 1706 -1 1706 1719 1720 -1 1706 1720 1721 -1 1673 1722 1675 -1 1675 1722 1723 -1 1675 1723 1724 -1 1721 1725 1706 -1 1706 1725 1726 -1 1706 1726 1707 -1 1727 1728 1729 -1 1729 1728 1730 -1 1672 1684 1673 -1 1673 1684 1663 -1 1673 1663 1731 -1 1731 1663 1732 -1 1714 1733 1715 -1 1715 1733 1734 -1 1715 1734 1728 -1 1728 1734 1735 -1 1728 1735 1730 -1 1663 1736 1737 -1 1727 1738 1728 -1 1728 1738 1739 -1 1728 1739 1663 -1 1663 1739 1740 -1 1663 1740 1736 -1 1737 1741 1663 -1 1663 1741 1742 -1 1663 1742 1732 -1 1724 1743 1675 -1 1675 1743 1744 -1 1675 1744 1745 -1 1745 1744 1746 -1 1745 1746 1747 -1 1747 1746 1725 -1 1747 1725 1748 -1 1748 1725 1721 -1 1749 1750 1751 -1 1752 1753 1754 -1 1755 1756 1757 -1 1757 1756 1758 -1 1752 1754 1759 -1 1760 1761 1661 -1 1661 1761 1762 -1 1763 1764 1765 -1 1751 1766 1749 -1 1749 1766 1767 -1 1749 1767 1758 -1 1758 1767 1768 -1 1758 1768 1757 -1 1755 1769 1756 -1 1756 1769 1770 -1 1756 1770 1752 -1 1752 1770 1771 -1 1752 1771 1753 -1 1772 1773 1661 -1 1774 1660 1775 -1 1775 1660 1776 -1 1777 1778 1779 -1 1754 1780 1759 -1 1759 1780 1781 -1 1759 1781 1782 -1 1782 1781 1783 -1 1782 1783 1660 -1 1660 1783 1784 -1 1660 1784 1776 -1 1785 1786 1661 -1 1661 1786 1787 -1 1661 1787 1760 -1 1772 1661 1788 -1 1789 1790 1791 -1 1791 1790 1661 -1 1791 1661 1792 -1 1792 1661 1773 -1 1789 1793 1790 -1 1790 1793 1794 -1 1790 1794 1795 -1 1779 1778 1764 -1 1764 1778 1796 -1 1764 1796 1765 -1 1797 1798 1750 -1 1750 1798 1799 -1 1800 1801 1802 -1 1802 1801 1803 -1 1802 1803 1804 -1 1804 1803 1751 -1 1804 1751 1805 -1 1805 1751 1750 -1 1805 1750 1806 -1 1806 1750 1799 -1 1807 1808 1802 -1 1802 1808 1809 -1 1802 1809 1800 -1 1774 1810 1660 -1 1660 1810 1811 -1 1660 1811 1661 -1 1661 1811 1812 -1 1661 1812 1785 -1 1813 1788 1814 -1 1814 1788 1661 -1 1814 1661 1815 -1 1815 1661 1762 -1 1765 1816 1763 -1 1763 1816 1817 -1 1763 1817 1818 -1 1818 1817 1819 -1 1802 1820 1807 -1 1807 1820 1821 -1 1807 1821 1813 -1 1813 1821 1822 -1 1822 1823 1813 -1 1813 1823 1824 -1 1813 1824 1825 -1 1825 1826 1813 -1 1813 1826 1827 -1 1813 1827 1788 -1 1795 1828 1790 -1 1790 1828 1829 -1 1790 1829 1779 -1 1779 1829 1830 -1 1779 1830 1777 -1 1819 1831 1818 -1 1818 1831 1832 -1 1818 1832 1797 -1 1797 1832 1833 -1 1797 1833 1798 -1 1834 1835 1836 -1 1836 1837 1834 -1 1834 1837 1838 -1 1834 1838 1839 -1 1839 1840 1834 -1 1834 1840 1841 -1 1834 1841 1842 -1 1842 1843 1834 -1 1834 1843 1844 -1 1834 1844 1845 -1 1845 1846 1834 -1 1834 1846 1847 -1 1834 1847 1848 -1 1849 1850 1851 -1 1851 1850 1834 -1 1851 1834 1852 -1 1852 1834 1848 -1 1853 1854 1429 -1 1429 1431 1853 -1 1853 1431 1440 -1 1853 1440 1439 -1 1439 1444 1853 -1 1853 1444 1178 -1 1853 1178 1855 -1 1856 1857 1858 -1 1858 1857 1859 -1 1860 1861 1862 -1 1862 1861 1863 -1 1864 1865 1346 -1 1171 1169 1866 -1 1346 1153 1864 -1 1864 1153 1152 -1 1864 1152 1866 -1 1866 1152 1172 -1 1866 1172 1171 -1 1867 1868 1869 -1 1869 1868 1870 -1 1869 1870 1871 -1 1110 1872 1113 -1 1113 1872 1873 -1 1113 1873 1133 -1 1133 1873 1874 -1 1875 1876 1877 -1 1875 1877 1878 -1 1879 1458 1877 -1 1877 1458 1880 -1 1877 1880 1878 -1 1881 1882 1879 -1 1879 1882 1883 -1 1879 1883 1458 -1 1458 1883 1884 -1 1458 1884 1448 -1 1448 1884 1885 -1 1448 1885 1473 -1 1868 1867 1886 -1 1886 1867 1887 -1 1888 1889 1886 -1 1886 1889 1890 -1 1886 1890 1891 -1 1892 1893 1886 -1 1886 1893 1894 -1 1886 1894 1888 -1 1895 1896 1886 -1 1886 1896 1897 -1 1886 1897 1892 -1 1898 1899 1886 -1 1886 1899 1900 -1 1886 1900 1895 -1 1887 1901 1886 -1 1886 1901 1902 -1 1886 1902 1898 -1 1903 1858 1859 -1 1860 1904 1861 -1 1861 1904 1905 -1 1861 1905 1906 -1 1907 1908 1859 -1 1859 1908 1909 -1 1859 1909 1903 -1 1906 1910 1861 -1 1861 1910 1911 -1 1861 1911 1912 -1 1913 1914 1859 -1 1859 1914 1915 -1 1859 1915 1907 -1 1912 1916 1861 -1 1861 1916 1917 -1 1861 1917 1918 -1 1919 1859 1920 -1 1920 1859 1921 -1 1920 1921 1922 -1 1922 1921 1923 -1 1922 1923 1924 -1 1925 1926 1861 -1 1861 1926 1927 -1 1861 1927 1923 -1 1923 1927 1928 -1 1923 1928 1924 -1 1919 1929 1859 -1 1859 1929 1930 -1 1859 1930 1931 -1 1931 1932 1859 -1 1859 1932 1933 -1 1859 1933 1913 -1 1918 1934 1861 -1 1861 1934 1935 -1 1861 1935 1925 -1 1936 1937 1938 -1 1938 1937 1939 -1 1938 1939 1940 -1 973 971 1941 -1 1941 971 1942 -1 1941 1942 1943 -1 971 769 1942 -1 1942 769 768 -1 1942 768 1944 -1 1944 768 788 -1 1944 788 785 -1 1945 1946 1062 -1 1062 1052 1945 -1 1945 1052 1054 -1 1945 1054 1056 -1 1056 796 1945 -1 1945 796 798 -1 1945 798 1947 -1 1948 1949 1950 -1 1950 1949 1951 -1 1950 1951 1952 -1 1952 1951 1953 -1 1954 1955 1956 -1 1957 747 1956 -1 1956 747 728 -1 1956 728 1954 -1 1954 728 730 -1 1958 1959 1960 -1 1960 1959 1850 -1 1960 1850 1849 -1 1961 1962 1963 -1 1072 1964 1070 -1 1070 1964 1965 -1 1966 1967 1965 -1 1965 1967 1098 -1 1965 1098 1070 -1 1968 1969 1970 -1 1970 1969 1966 -1 1963 1971 1961 -1 1961 1971 1972 -1 1961 1972 1969 -1 1969 1972 1973 -1 1969 1973 1966 -1 1966 1973 1974 -1 1966 1974 1967 -1 1975 1976 1951 -1 1951 1976 1977 -1 1951 1977 1953 -1 1937 1936 1978 -1 1979 1980 1951 -1 1951 1980 1981 -1 1951 1981 1975 -1 1978 1982 1937 -1 1937 1982 1983 -1 1937 1983 1984 -1 1984 1985 1937 -1 1937 1985 1986 -1 1937 1986 1987 -1 1988 1989 1990 -1 1990 1989 1991 -1 1990 1991 1992 -1 1992 1991 1993 -1 1992 1993 1951 -1 1951 1993 1994 -1 1995 1996 1937 -1 1937 1996 1997 -1 1937 1997 1990 -1 1990 1997 1998 -1 1990 1998 1988 -1 1994 1999 1951 -1 1951 1999 2000 -1 1951 2000 2001 -1 2001 2002 1951 -1 1951 2002 2003 -1 1951 2003 1979 -1 1987 2004 1937 -1 1937 2004 2005 -1 1937 2005 1995 -1 1835 1834 2006 -1 2006 1834 2007 -1 751 2008 725 -1 725 2008 2009 -1 725 2009 738 -1 738 2009 2010 -1 2011 2012 2013 -1 2013 2012 2014 -1 2013 2014 1082 -1 1082 2014 2015 -1 2016 2017 2015 -1 2015 2017 2018 -1 2015 2018 1082 -1 1082 2018 2019 -1 1082 2019 1081 -1 1081 2019 2020 -1 1081 2020 1092 -1 2021 2022 1129 -1 1129 1116 2021 -1 2021 1116 1118 -1 2021 1118 2023 -1 2024 2025 1891 -1 1891 2025 1886 -1 1478 2026 1451 -1 1451 2026 2027 -1 2028 2029 2027 -1 2027 2029 1464 -1 2027 1464 1451 -1 2030 2031 2032 -1 2032 2031 2029 -1 2032 2029 2033 -1 2033 2029 2028 -1 2033 2028 2034 -1 2034 2028 2035 -1 2036 2010 2009 -1 2036 2009 2037 -1 2037 2009 2038 -1 2037 2038 2039 -1 2039 2038 2040 -1 2040 2038 2041 -1 2040 2041 2042 -1 2042 2041 2043 -1 2043 2041 2044 -1 2043 2044 2045 -1 2046 2047 2048 -1 2048 2047 2049 -1 2048 2049 2044 -1 2044 2049 2050 -1 2044 2050 2045 -1 2046 2048 2051 -1 2051 2048 2052 -1 2051 2052 2053 -1 2053 2052 2054 -1 2054 2052 2055 -1 2054 2055 2056 -1 2056 2055 1956 -1 2056 1956 1955 -1 1874 1873 2057 -1 2057 1873 2058 -1 2057 2058 2059 -1 2059 2058 2060 -1 2060 2058 2061 -1 2060 2061 2062 -1 2062 2061 2063 -1 2063 2061 2064 -1 2063 2064 2065 -1 2065 2064 2066 -1 2066 2064 2067 -1 2066 2067 2068 -1 2068 2067 2069 -1 2069 2067 2070 -1 2069 2070 2071 -1 2072 2073 2074 -1 2074 2073 2075 -1 2074 2075 2070 -1 2070 2075 2076 -1 2070 2076 2071 -1 2072 2074 2077 -1 2077 2074 2078 -1 2077 2078 2079 -1 2079 2078 2021 -1 2079 2021 2023 -1 2080 2081 2082 -1 2083 1853 1855 -1 1865 1864 2084 -1 2084 1864 2085 -1 2084 2085 2086 -1 2081 2087 2082 -1 2082 2087 2088 -1 2082 2088 2085 -1 2085 2088 2089 -1 2085 2089 2086 -1 2080 2082 2090 -1 2090 2082 2091 -1 2090 2091 2092 -1 2093 2094 2095 -1 2095 2094 2096 -1 2095 2096 2091 -1 2091 2096 2097 -1 2091 2097 2092 -1 2093 2095 2098 -1 2098 2095 2099 -1 2098 2099 2100 -1 2100 2099 2101 -1 2100 2101 2102 -1 2102 2101 2103 -1 2103 2101 2104 -1 2103 2104 2105 -1 2105 2104 2106 -1 2106 2104 2107 -1 2106 2107 2108 -1 2108 2107 2109 -1 2109 2107 2110 -1 2109 2110 2111 -1 2112 2113 2114 -1 2112 2114 2110 -1 2110 2114 2115 -1 2110 2115 2111 -1 2116 2117 2112 -1 2112 2117 2118 -1 2112 2118 2113 -1 2119 2120 2121 -1 2121 2120 2122 -1 2121 2122 2116 -1 2116 2122 2123 -1 2116 2123 2117 -1 2119 2121 2124 -1 2124 2121 2125 -1 2124 2125 2126 -1 1855 2127 2083 -1 2083 2127 2128 -1 2083 2128 2125 -1 2125 2128 2129 -1 2125 2129 2126 -1 2130 2131 2132 -1 2133 2134 2135 -1 2135 2134 1942 -1 1942 2134 2136 -1 1942 2136 1943 -1 2133 2135 2137 -1 2137 2135 2138 -1 2137 2138 2139 -1 2140 2141 2138 -1 2138 2141 2142 -1 2138 2142 2139 -1 2143 2144 2145 -1 2145 2144 2146 -1 2145 2146 2140 -1 2140 2146 2147 -1 2140 2147 2141 -1 2143 2145 2148 -1 2148 2145 2149 -1 2148 2149 2150 -1 2150 2149 2151 -1 2150 2151 2152 -1 2153 2154 2155 -1 2153 2155 2151 -1 2151 2155 2156 -1 2151 2156 2152 -1 2132 2131 2157 -1 2131 2158 2157 -1 2157 2158 2159 -1 2157 2159 2153 -1 2153 2159 2160 -1 2153 2160 2154 -1 2130 2132 2161 -1 2161 2132 2162 -1 2161 2162 2163 -1 2163 2162 2164 -1 2163 2164 2165 -1 2166 2167 2164 -1 2164 2167 2168 -1 2164 2168 2165 -1 2169 2170 2166 -1 2166 2170 2171 -1 2166 2171 2167 -1 2172 2173 2174 -1 2174 2173 2175 -1 2174 2175 2169 -1 2169 2175 2176 -1 2169 2176 2170 -1 2172 2174 2177 -1 2177 2174 2178 -1 2177 2178 2179 -1 2179 2178 2180 -1 2180 2178 1945 -1 2180 1945 1947 -1 2181 2006 2007 -1 2181 2007 2182 -1 1959 1958 2007 -1 2007 1958 2183 -1 2184 2185 2007 -1 2007 2185 2186 -1 2007 2186 2182 -1 2183 2187 2007 -1 2007 2187 2188 -1 2007 2188 2184 -1 2013 2189 2011 -1 2011 2189 2190 -1 2190 2191 2011 -1 2011 2191 2192 -1 2011 2192 2193 -1 1971 1963 2194 -1 2194 1963 2011 -1 2194 2011 2195 -1 2195 2011 2193 -1 1957 1956 2008 -1 2008 1956 2055 -1 2044 2041 2008 -1 2008 2041 2038 -1 2008 2038 2009 -1 2055 2052 2008 -1 2008 2052 2048 -1 2008 2048 2044 -1 2019 1965 2020 -1 2020 1965 1964 -1 1970 1966 2017 -1 2017 1966 2018 -1 2015 1969 2016 -1 2016 1969 1968 -1 1962 1961 2012 -1 2012 1961 2014 -1 2196 1940 1939 -1 2197 2198 1939 -1 1939 2198 2199 -1 1939 2199 2196 -1 1948 2200 1949 -1 1949 2200 2201 -1 1949 2201 2202 -1 2203 2204 2205 -1 2205 2204 2206 -1 2205 2206 1939 -1 1939 2206 2207 -1 1939 2207 2197 -1 2202 2208 1949 -1 1949 2208 2209 -1 1949 2209 2203 -1 2203 2209 2210 -1 2203 2210 2204 -1 2025 2024 2211 -1 2211 2212 2025 -1 2025 2212 2213 -1 2025 2213 2214 -1 1871 1870 2215 -1 2215 1870 2025 -1 2215 2025 2216 -1 2216 2025 2214 -1 2217 2029 2031 -1 2217 2031 2218 -1 2219 2220 2031 -1 2031 2220 2221 -1 2031 2221 2218 -1 2219 2031 2222 -1 2222 2031 1875 -1 2222 1875 1878 -1 2223 1862 1863 -1 2223 1863 2224 -1 1857 1856 2225 -1 2226 2227 1863 -1 1863 2227 2228 -1 1863 2228 2224 -1 2225 2229 1857 -1 1857 2229 2230 -1 1857 2230 2231 -1 2232 2233 1863 -1 1863 2233 2234 -1 1863 2234 2226 -1 2231 2235 1857 -1 1857 2235 2236 -1 1857 2236 2237 -1 2237 2236 2238 -1 2237 2238 2232 -1 2232 2238 2239 -1 2232 2239 2233 -1 2021 2078 2022 -1 2022 2078 2074 -1 2074 2070 2022 -1 2022 2070 2067 -1 2022 2067 2064 -1 1873 1872 2058 -1 2058 1872 2022 -1 2058 2022 2061 -1 2061 2022 2064 -1 1884 2027 1885 -1 1885 2027 2026 -1 2035 2028 1882 -1 1882 2028 1883 -1 2085 1864 1866 -1 2085 1866 2082 -1 1854 1853 2083 -1 2099 2095 1866 -1 1866 2095 2091 -1 1866 2091 2082 -1 2083 2125 1854 -1 1854 2125 2121 -1 1854 2121 2116 -1 2116 2112 1854 -1 1854 2112 2110 -1 1854 2110 2240 -1 2240 2110 2107 -1 2240 2107 2241 -1 2241 2107 2104 -1 2241 2104 1866 -1 1866 2104 2101 -1 1866 2101 2099 -1 1879 2033 1881 -1 1881 2033 2034 -1 2030 2032 1876 -1 1876 2032 1877 -1 2135 1942 1944 -1 2135 1944 2138 -1 1946 1945 2178 -1 2149 2145 1944 -1 1944 2145 2140 -1 1944 2140 2138 -1 2178 2174 1946 -1 1946 2174 2169 -1 1946 2169 2166 -1 2242 2157 2243 -1 2243 2157 2153 -1 2243 2153 1944 -1 1944 2153 2151 -1 1944 2151 2149 -1 2166 2164 1946 -1 1946 2164 2162 -1 1946 2162 2242 -1 2242 2162 2132 -1 2242 2132 2157 -1 1966 1965 2018 -1 2018 1965 2019 -1 1961 1969 2014 -1 2014 1969 2015 -1 1178 1176 300 -1 255 1213 1192 -1 224 238 1149 -1 1149 238 1150 -1 1150 238 252 -1 1150 252 1219 -1 1219 252 277 -1 1219 277 1192 -1 1192 277 260 -1 1192 260 255 -1 300 1176 255 -1 255 1176 1175 -1 255 1175 1213 -1 1178 300 1133 -1 1133 300 299 -1 1133 299 1134 -1 1134 299 298 -1 1134 298 1135 -1 1135 298 297 -1 1135 297 1136 -1 1136 297 296 -1 1136 296 1101 -1 1101 296 1102 -1 1102 296 139 -1 1102 139 1123 -1 139 140 1123 -1 1123 140 135 -1 1123 135 1124 -1 1124 135 134 -1 1124 134 1125 -1 1125 134 1118 -1 1118 134 128 -1 1118 128 2244 -1 2244 128 738 -1 738 128 127 -1 738 127 740 -1 127 306 740 -1 740 306 304 -1 740 304 741 -1 741 304 302 -1 741 302 742 -1 742 302 737 -1 737 302 301 -1 737 301 731 -1 301 313 731 -1 731 313 308 -1 731 308 732 -1 732 308 307 -1 732 307 733 -1 733 307 730 -1 730 307 973 -1 973 307 311 -1 973 311 972 -1 972 311 341 -1 972 341 945 -1 945 341 317 -1 945 317 933 -1 933 317 322 -1 933 322 930 -1 17 925 762 -1 930 322 928 -1 928 322 356 -1 928 356 926 -1 926 356 355 -1 926 355 762 -1 762 355 15 -1 762 15 17 -1 17 388 925 -1 925 388 364 -1 925 364 898 -1 898 364 363 -1 898 363 890 -1 890 363 360 -1 890 360 878 -1 878 360 387 -1 878 387 879 -1 387 392 879 -1 879 392 402 -1 879 402 881 -1 402 404 881 -1 881 404 409 -1 881 409 847 -1 847 409 437 -1 847 437 842 -1 842 437 441 -1 842 441 1057 -1 1057 441 765 -1 765 441 410 -1 765 410 766 -1 766 410 473 -1 766 473 838 -1 838 473 474 -1 838 474 801 -1 474 466 801 -1 801 466 487 -1 801 487 820 -1 820 487 503 -1 820 503 795 -1 795 503 502 -1 795 502 797 -1 797 502 798 -1 798 502 501 -1 798 501 1098 -1 1098 501 1099 -1 1099 501 500 -1 1099 500 1100 -1 1100 500 511 -1 1100 511 1097 -1 1097 511 1085 -1 1085 511 508 -1 1085 508 1086 -1 508 514 1086 -1 1086 514 513 -1 1086 513 1087 -1 1087 513 512 -1 1087 512 1088 -1 1088 512 510 -1 1465 1464 180 -1 180 1464 1082 -1 180 1082 510 -1 510 1082 1083 -1 510 1083 1088 -1 180 192 1465 -1 1465 192 191 -1 1465 191 1469 -1 1469 191 190 -1 1469 190 1468 -1 1468 190 1454 -1 1454 190 189 -1 1454 189 1455 -1 189 519 1455 -1 1455 519 518 -1 1455 518 1461 -1 1461 518 13 -1 1461 13 1460 -1 1460 13 12 -1 9 1458 12 -1 12 1458 1459 -1 12 1459 1460 -1 6 1320 11 -1 11 1320 1315 -1 11 1315 9 -1 9 1315 1346 -1 9 1346 1458 -1 585 1303 6 -1 6 1303 1305 -1 6 1305 1320 -1 1149 1443 224 -1 224 1443 1257 -1 224 1257 230 -1 230 1257 1231 -1 230 1231 204 -1 204 1231 1233 -1 204 1233 201 -1 201 1233 1240 -1 201 1240 246 -1 246 1240 1262 -1 246 1262 561 -1 561 1262 1274 -1 561 1274 558 -1 558 1274 1268 -1 558 1268 577 -1 577 1268 1148 -1 577 1148 591 -1 591 1148 1300 -1 591 1300 584 -1 584 1300 1143 -1 584 1143 585 -1 585 1143 1301 -1 585 1301 1303 -1 2211 2245 2212 -1 2212 2245 2246 -1 2212 2246 2213 -1 2213 2246 2247 -1 2213 2247 2214 -1 2214 2247 2248 -1 2214 2248 2216 -1 2216 2248 2249 -1 2216 2249 2215 -1 1649 1630 2006 -1 2006 1630 2250 -1 2006 2250 2024 -1 2024 2250 2251 -1 2024 2251 2211 -1 2211 2251 2252 -1 2211 2252 2245 -1 2006 2181 1649 -1 1649 2181 2182 -1 1649 2182 1622 -1 1622 2182 2186 -1 1622 2186 1602 -1 1602 2186 2185 -1 1602 2185 1603 -1 1603 2185 2184 -1 1603 2184 1634 -1 1634 2184 2188 -1 1634 2188 1636 -1 1636 2188 2187 -1 1636 2187 1638 -1 1638 2187 2183 -1 1638 2183 1640 -1 2183 1958 1640 -1 1640 1958 1940 -1 1640 1940 1558 -1 1940 2196 1558 -1 1558 2196 2199 -1 1558 2199 1556 -1 1556 2199 2198 -1 1556 2198 1548 -1 1548 2198 2197 -1 1548 2197 1546 -1 1546 2197 2207 -1 1546 2207 1544 -1 1544 2207 2206 -1 1544 2206 1486 -1 1486 2206 2204 -1 1486 2204 1488 -1 1488 2204 2210 -1 1488 2210 1489 -1 1489 2210 2209 -1 1489 2209 1526 -1 1526 2209 2208 -1 1526 2208 1501 -1 1501 2208 2202 -1 1501 2202 1499 -1 1499 2202 2201 -1 1499 2201 1494 -1 1494 2201 2200 -1 1494 2200 1495 -1 2200 1948 1495 -1 1495 1948 1971 -1 1495 1971 1490 -1 1971 2194 1490 -1 1490 2194 2195 -1 1490 2195 1484 -1 1484 2195 2193 -1 1484 2193 1537 -1 1537 2193 2192 -1 1537 2192 1539 -1 1539 2192 2191 -1 1539 2191 1551 -1 1551 2191 2190 -1 1551 2190 1585 -1 1585 2190 2189 -1 2253 2254 2029 -1 2029 2254 2255 -1 2029 2255 2013 -1 2013 2255 1582 -1 2013 1582 2189 -1 2189 1582 1586 -1 2189 1586 1585 -1 2029 2217 2253 -1 2253 2217 2218 -1 2253 2218 2256 -1 2256 2218 2221 -1 2256 2221 2257 -1 2257 2221 2220 -1 2257 2220 2258 -1 2258 2220 2219 -1 2258 2219 2259 -1 2259 2219 2222 -1 2259 2222 2260 -1 2260 2222 1878 -1 2260 1878 2261 -1 1878 2262 2261 -1 2261 2262 1862 -1 2261 1862 2263 -1 1862 2223 2263 -1 2263 2223 2224 -1 2263 2224 2264 -1 2264 2224 2228 -1 2264 2228 2265 -1 2265 2228 2227 -1 2265 2227 2266 -1 2266 2227 2226 -1 2266 2226 2267 -1 2267 2226 2234 -1 2267 2234 2268 -1 2268 2234 2233 -1 2268 2233 2269 -1 2269 2233 2239 -1 2269 2239 2270 -1 2270 2239 2238 -1 2270 2238 2271 -1 2271 2238 2236 -1 2271 2236 2272 -1 2272 2236 2235 -1 2272 2235 2273 -1 2273 2235 2231 -1 2273 2231 2274 -1 2274 2231 2230 -1 2274 2230 2275 -1 2275 2230 2229 -1 2275 2229 2276 -1 2276 2229 2225 -1 2276 2225 2277 -1 2277 2225 1856 -1 2277 1856 2249 -1 2249 1856 1871 -1 2249 1871 2215 -1 2271 2278 2270 -1 2270 2278 2279 -1 2270 2279 2269 -1 2279 2280 2281 -1 2282 2283 2284 -1 2259 2260 2285 -1 2286 2287 2288 -1 2288 2287 2289 -1 2264 2265 2290 -1 2291 2260 2292 -1 2292 2260 2261 -1 2282 2293 2283 -1 2283 2293 2294 -1 2283 2294 2295 -1 2296 2297 2278 -1 2278 2297 2298 -1 2278 2298 2299 -1 2286 2288 2300 -1 2300 2288 2301 -1 2300 2301 2302 -1 2303 2304 2305 -1 2284 2306 2282 -1 2282 2306 2307 -1 2282 2307 2308 -1 2309 2310 2311 -1 2295 2312 2283 -1 2283 2312 2313 -1 2283 2313 2314 -1 2315 2285 2316 -1 2316 2285 2260 -1 2316 2260 2317 -1 2317 2260 2291 -1 2300 2318 2319 -1 2319 2318 2320 -1 2319 2320 2315 -1 2315 2320 2321 -1 2315 2321 2285 -1 2285 2322 2259 -1 2259 2322 2323 -1 2259 2323 2258 -1 2324 2257 2325 -1 2325 2257 2258 -1 2325 2258 2326 -1 2326 2258 2323 -1 2302 2327 2300 -1 2300 2327 2328 -1 2300 2328 2329 -1 2329 2330 2300 -1 2300 2330 2331 -1 2300 2331 2332 -1 2332 2333 2300 -1 2300 2333 2334 -1 2300 2334 2318 -1 2324 2335 2257 -1 2257 2335 2336 -1 2257 2336 2256 -1 2337 2338 2279 -1 2267 2339 2266 -1 2266 2339 2340 -1 2266 2340 2265 -1 2265 2340 2341 -1 2265 2341 2290 -1 2290 2342 2264 -1 2264 2342 2343 -1 2264 2343 2263 -1 2263 2343 2344 -1 2263 2344 2261 -1 2261 2344 2345 -1 2261 2345 2292 -1 2308 2346 2282 -1 2282 2346 2347 -1 2282 2347 2348 -1 2314 2349 2283 -1 2283 2349 2350 -1 2283 2350 2351 -1 2299 2352 2278 -1 2278 2352 2353 -1 2278 2353 2354 -1 2354 2353 2355 -1 2274 2356 2273 -1 2273 2356 2357 -1 2273 2357 2272 -1 2272 2357 2358 -1 2272 2358 2271 -1 2271 2358 2359 -1 2271 2359 2278 -1 2278 2359 2360 -1 2278 2360 2296 -1 2337 2279 2361 -1 2338 2362 2279 -1 2279 2362 2363 -1 2279 2363 2280 -1 2269 2279 2268 -1 2268 2279 2281 -1 2268 2281 2267 -1 2267 2281 2364 -1 2267 2364 2339 -1 2348 2365 2282 -1 2282 2365 2366 -1 2282 2366 2311 -1 2311 2366 2367 -1 2311 2367 2309 -1 2336 2368 2256 -1 2256 2368 2369 -1 2256 2369 2253 -1 2253 2369 2370 -1 2253 2370 2254 -1 2303 2371 2289 -1 2305 2372 2303 -1 2303 2372 2373 -1 2303 2373 2374 -1 2374 2375 2303 -1 2303 2375 2376 -1 2303 2376 2279 -1 2279 2376 2377 -1 2279 2377 2361 -1 2378 2246 2379 -1 2379 2246 2245 -1 2379 2245 2380 -1 2275 2381 2274 -1 2274 2381 2382 -1 2274 2382 2356 -1 2370 2383 2254 -1 2254 2383 2384 -1 2254 2384 2385 -1 2386 2387 2303 -1 2303 2387 2388 -1 2303 2388 2371 -1 2287 2389 2289 -1 2289 2389 2390 -1 2289 2390 2303 -1 2303 2390 2391 -1 2303 2391 2304 -1 2355 2392 2354 -1 2354 2392 2393 -1 2354 2393 2311 -1 2378 2394 2246 -1 2246 2394 2395 -1 2246 2395 2247 -1 2247 2395 2396 -1 2247 2396 2351 -1 2310 2397 2311 -1 2311 2397 2398 -1 2311 2398 2354 -1 2354 2398 2399 -1 2354 2399 2400 -1 2400 2401 2354 -1 2354 2401 2402 -1 2354 2402 2403 -1 2380 2245 2404 -1 2404 2245 2252 -1 2404 2252 2405 -1 2405 2252 2251 -1 2405 2251 2406 -1 2350 2407 2351 -1 2351 2407 2408 -1 2351 2408 2247 -1 2247 2408 2409 -1 2247 2409 2248 -1 2248 2409 2410 -1 2248 2410 2249 -1 2385 2411 2254 -1 2254 2411 2412 -1 2254 2412 2303 -1 2303 2412 2413 -1 2303 2413 2386 -1 2410 2414 2249 -1 2249 2414 2415 -1 2249 2415 2277 -1 2277 2415 2416 -1 2277 2416 2276 -1 2416 2417 2276 -1 2276 2417 2418 -1 2276 2418 2275 -1 2275 2418 2419 -1 2275 2419 2381 -1 2420 2421 2251 -1 2251 2421 2422 -1 2251 2422 2406 -1 2403 2423 2354 -1 2354 2423 2424 -1 2354 2424 2251 -1 2251 2424 2425 -1 2251 2425 2420 -1 1884 1883 2027 -1 2027 1883 2028 -1 1879 1877 2033 -1 2033 1877 2032 -1 2031 2030 1875 -1 1875 2030 1876 -1 2034 2035 1881 -1 1881 2035 1882 -1 2026 1478 1885 -1 1885 1478 1474 -1 1885 1474 1473 -1 1129 2022 1108 -1 1108 2022 1872 -1 1108 1872 1110 -1 1886 2025 1868 -1 1868 2025 1870 -1 1092 2020 1075 -1 1075 2020 1964 -1 1075 1964 1072 -1 2017 2016 1970 -1 1970 2016 1968 -1 2012 2011 1962 -1 1962 2011 1963 -1 2007 1834 1959 -1 1959 1834 1850 -1 2008 751 1957 -1 1957 751 749 -1 1957 749 747 -1 882 2242 883 -1 883 2242 2243 -1 883 2243 884 -1 882 790 2242 -1 2242 790 789 -1 1062 1946 1060 -1 1060 1946 2242 -1 1060 2242 1058 -1 1058 2242 789 -1 777 2243 783 -1 783 2243 1944 -1 783 1944 785 -1 777 776 2243 -1 2243 776 887 -1 2243 887 884 -1 1990 1992 2205 -1 2205 1992 2203 -1 2203 1992 1949 -1 1949 1992 1951 -1 1939 1937 2205 -1 2205 1937 1990 -1 1923 1921 2232 -1 2232 1921 2237 -1 1863 1861 2232 -1 2232 1861 1923 -1 2237 1921 1857 -1 1857 1921 1859 -1 1260 2240 1261 -1 1261 2240 2241 -1 1261 2241 1263 -1 1164 2241 1167 -1 1167 2241 1866 -1 1167 1866 1169 -1 1164 1163 2241 -1 2241 1163 1347 -1 2241 1347 1263 -1 1140 2240 1141 -1 1141 2240 1260 -1 1429 1854 1427 -1 1427 1854 2240 -1 1427 2240 1425 -1 1425 2240 1140 -1 2278 2354 2426 -1 2426 2354 2427 -1 2428 2429 2279 -1 2279 2429 2303 -1 2428 2430 2429 -1 2429 2430 2431 -1 2429 2431 2432 -1 2432 2433 2429 -1 2429 2433 2434 -1 2429 2434 2435 -1 2435 2436 2429 -1 2429 2436 2437 -1 2429 2437 2438 -1 2439 2440 2441 -1 2441 2440 2442 -1 2443 2429 2444 -1 2444 2429 2445 -1 2446 2447 2448 -1 2448 2447 2449 -1 2448 2449 2450 -1 2446 2451 2447 -1 2447 2451 2452 -1 2447 2452 2453 -1 2428 2454 2455 -1 2439 2441 2438 -1 2438 2441 2456 -1 2438 2456 2457 -1 2457 2458 2438 -1 2438 2458 2459 -1 2438 2459 2460 -1 2460 2461 2438 -1 2438 2461 2462 -1 2438 2462 2463 -1 2464 2465 2466 -1 2467 2468 2469 -1 2452 2470 2453 -1 2453 2470 2471 -1 2453 2471 2472 -1 2472 2471 2473 -1 2472 2473 2428 -1 2428 2473 2474 -1 2428 2474 2454 -1 2455 2475 2428 -1 2428 2475 2476 -1 2428 2476 2430 -1 2463 2477 2438 -1 2438 2477 2478 -1 2438 2478 2429 -1 2429 2478 2479 -1 2429 2479 2445 -1 2466 2465 2468 -1 2468 2465 2480 -1 2468 2480 2469 -1 2469 2481 2467 -1 2467 2481 2482 -1 2467 2482 2483 -1 2483 2482 2484 -1 2483 2484 2485 -1 2486 2483 2487 -1 2487 2483 2485 -1 2487 2485 2488 -1 2488 2485 2442 -1 2488 2442 2489 -1 2489 2442 2440 -1 2487 2490 2486 -1 2486 2490 2491 -1 2486 2491 2492 -1 2443 2493 2429 -1 2429 2493 2494 -1 2429 2494 2495 -1 2491 2496 2492 -1 2492 2496 2497 -1 2492 2497 2498 -1 2497 2499 2498 -1 2498 2499 2500 -1 2498 2500 2501 -1 2500 2502 2501 -1 2501 2502 2503 -1 2501 2503 2449 -1 2449 2503 2504 -1 2449 2504 2450 -1 2505 2506 2507 -1 2507 2506 2508 -1 2495 2509 2429 -1 2429 2509 2510 -1 2429 2510 2507 -1 2507 2510 2511 -1 2507 2511 2505 -1 2508 2512 2507 -1 2507 2512 2513 -1 2507 2513 2466 -1 2466 2513 2514 -1 2466 2514 2464 -1 2515 2516 2517 -1 2518 2519 2520 -1 2520 2519 2521 -1 2520 2521 2522 -1 2522 2521 2523 -1 2522 2523 2524 -1 2525 2526 2527 -1 2528 2529 2530 -1 2530 2529 2531 -1 2530 2531 2532 -1 2532 2531 2533 -1 2532 2533 2534 -1 2535 2536 2537 -1 2537 2536 2538 -1 2537 2538 2539 -1 2539 2538 2540 -1 2539 2540 2541 -1 2542 2543 2544 -1 2545 2546 2547 -1 2547 2546 2548 -1 2547 2548 2549 -1 2549 2548 2550 -1 2549 2550 2551 -1 2550 2552 2551 -1 2551 2552 2553 -1 2551 2553 2554 -1 2554 2553 2555 -1 2556 2557 2558 -1 2537 2559 2535 -1 2535 2559 2560 -1 2535 2560 2561 -1 2530 2562 2528 -1 2528 2562 2563 -1 2528 2563 2527 -1 2527 2563 2564 -1 2527 2564 2525 -1 2533 2565 2534 -1 2534 2565 2566 -1 2534 2566 2567 -1 2567 2566 2561 -1 2567 2561 2568 -1 2568 2561 2560 -1 2543 2542 2569 -1 2569 2542 2570 -1 2569 2570 2571 -1 2571 2570 2572 -1 2571 2572 2573 -1 2573 2572 2574 -1 2573 2574 2516 -1 2516 2574 2575 -1 2516 2575 2517 -1 2520 2576 2518 -1 2518 2576 2577 -1 2518 2577 2544 -1 2544 2577 2578 -1 2544 2578 2542 -1 2523 2579 2524 -1 2524 2579 2580 -1 2524 2580 2581 -1 2581 2580 2582 -1 2540 2583 2541 -1 2541 2583 2584 -1 2541 2584 2585 -1 2585 2584 2586 -1 2557 2556 2587 -1 2587 2556 2588 -1 2587 2588 2589 -1 2589 2588 2590 -1 2589 2590 2591 -1 2591 2590 2592 -1 2591 2592 2555 -1 2555 2592 2593 -1 2555 2593 2554 -1 2547 2594 2545 -1 2545 2594 2595 -1 2545 2595 2582 -1 2582 2595 2596 -1 2582 2596 2581 -1 2526 2525 2597 -1 2597 2525 2598 -1 2597 2598 2599 -1 2599 2598 2600 -1 2599 2600 2601 -1 2601 2600 2602 -1 2601 2602 2558 -1 2558 2602 2603 -1 2558 2603 2556 -1 2515 2517 2604 -1 2604 2517 2605 -1 2604 2605 2606 -1 2606 2605 2607 -1 2606 2607 2608 -1 2608 2607 2609 -1 2608 2609 2586 -1 2586 2609 2610 -1 2586 2610 2585 -1 2611 2612 2613 -1 2614 2615 2616 -1 2611 2613 2616 -1 2616 2613 2617 -1 2616 2617 2614 -1 2615 2618 2616 -1 2616 2618 2619 -1 2616 2619 2620 -1 2621 2622 2623 -1 2624 2625 2626 -1 2626 2625 2627 -1 2628 2629 2630 -1 2630 2629 2626 -1 2630 2626 2631 -1 2631 2626 2627 -1 2632 2633 2634 -1 2635 2636 2637 -1 2637 2636 2638 -1 2639 2640 2427 -1 2427 2640 2641 -1 2427 2641 2642 -1 2643 2644 2645 -1 2622 2621 2646 -1 2647 2648 2649 -1 2649 2648 2650 -1 2651 2652 2638 -1 2638 2652 2653 -1 2638 2653 2637 -1 2654 2655 2656 -1 2656 2655 2636 -1 2656 2636 2657 -1 2657 2636 2635 -1 2658 2426 2659 -1 2659 2426 2427 -1 2659 2427 2660 -1 2660 2427 2642 -1 2628 2661 2629 -1 2629 2661 2662 -1 2629 2662 2644 -1 2644 2662 2663 -1 2644 2663 2645 -1 2620 2664 2616 -1 2616 2664 2665 -1 2616 2665 2666 -1 2666 2665 2621 -1 2666 2621 2667 -1 2667 2621 2623 -1 2621 2632 2646 -1 2646 2632 2634 -1 2646 2634 2668 -1 2668 2634 2643 -1 2668 2643 2669 -1 2669 2643 2645 -1 2633 2670 2634 -1 2634 2670 2671 -1 2634 2671 2647 -1 2647 2671 2672 -1 2647 2672 2648 -1 2650 2673 2649 -1 2649 2673 2674 -1 2649 2674 2651 -1 2651 2674 2675 -1 2651 2675 2652 -1 2658 2676 2426 -1 2426 2676 2677 -1 2426 2677 2678 -1 2678 2679 2426 -1 2426 2679 2680 -1 2426 2680 2681 -1 2681 2680 2682 -1 2681 2682 2624 -1 2624 2682 2683 -1 2624 2683 2625 -1 2612 2684 2613 -1 2613 2684 2685 -1 2613 2685 2427 -1 2427 2685 2686 -1 2427 2686 2639 -1 2654 2687 2655 -1 2655 2687 2688 -1 2655 2688 2689 -1 2690 2691 2427 -1 2427 2691 2692 -1 2427 2692 2613 -1 2689 2693 2655 -1 2655 2693 2694 -1 2655 2694 2427 -1 2427 2694 2695 -1 2427 2695 2690 -1 2466 2575 2507 -1 2507 2575 2574 -1 2507 2574 1728 -1 1728 2574 1715 -1 1706 1697 2577 -1 2577 1697 2578 -1 2486 2492 2609 -1 2609 2492 2610 -1 2681 2568 2426 -1 2426 2568 2560 -1 2426 2560 2428 -1 2428 2560 2472 -1 2564 2563 2647 -1 2647 2563 2634 -1 1779 2603 1790 -1 1790 2603 2602 -1 1790 2602 2655 -1 2655 2602 2636 -1 2593 2592 1750 -1 1750 2592 1797 -1 1678 2596 1662 -1 1662 2596 2595 -1 1662 2595 1660 -1 1660 2595 1782 -1 2608 2586 2696 -1 2696 2586 2697 -1 2698 2699 2561 -1 2561 2699 2535 -1 2528 2527 2700 -1 2700 2527 2701 -1 2601 2558 2702 -1 2702 2558 2703 -1 2591 2555 2704 -1 2704 2555 2705 -1 2545 2582 2706 -1 2706 2582 2707 -1 2518 2544 2708 -1 2708 2544 2709 -1 2573 2516 2710 -1 2710 2516 2711 -1 2709 2704 2705 -1 2712 2710 2701 -1 2701 2710 2711 -1 2701 2711 2713 -1 2696 2699 2701 -1 2701 2699 2698 -1 2706 2707 2709 -1 2714 2702 2709 -1 2709 2702 2703 -1 2709 2703 2715 -1 2713 2716 2701 -1 2701 2716 2717 -1 2701 2717 2696 -1 2718 2719 2720 -1 2720 2719 2721 -1 2696 2697 2699 -1 2699 2697 2721 -1 2699 2721 2722 -1 2722 2721 2719 -1 2715 2723 2709 -1 2709 2723 2724 -1 2709 2724 2704 -1 2714 2725 2702 -1 2702 2725 2726 -1 2702 2726 2727 -1 2727 2726 2710 -1 2727 2710 2728 -1 2728 2710 2712 -1 2729 2730 2698 -1 2698 2730 2700 -1 2698 2700 2701 -1 2729 2731 2730 -1 2730 2731 2732 -1 2730 2732 2733 -1 2734 2735 2707 -1 2707 2735 2708 -1 2707 2708 2709 -1 2736 2737 2709 -1 2709 2737 2738 -1 2709 2738 2706 -1 2705 2739 2709 -1 2709 2739 2740 -1 2709 2740 2736 -1 2734 2741 2735 -1 2735 2741 2742 -1 2735 2742 2743 -1 1464 2029 1082 -1 1082 2029 2013 -1 1880 2262 1878 -1 1940 1958 1938 -1 1938 1958 1960 -1 2744 2176 2175 -1 1178 1133 1855 -1 1855 1133 1874 -1 2745 1844 1843 -1 2746 2747 2748 -1 2749 2036 2037 -1 738 2010 2244 -1 2244 2010 2023 -1 2244 2023 1118 -1 2750 2751 2752 -1 2752 2751 2753 -1 1836 1835 2750 -1 2006 2024 1835 -1 1835 2024 1891 -1 2750 1835 2751 -1 2751 1835 1891 -1 2751 1891 2754 -1 2749 2037 2755 -1 2755 2037 2039 -1 2755 2039 2756 -1 2756 2039 2040 -1 2756 2040 2757 -1 2757 2040 2042 -1 2757 2042 2758 -1 2758 2042 2043 -1 2758 2043 2759 -1 2759 2043 2045 -1 2759 2045 2760 -1 2045 2050 2760 -1 2760 2050 2049 -1 2760 2049 2761 -1 2761 2049 2047 -1 2761 2047 2762 -1 2762 2047 2046 -1 2762 2046 2763 -1 2046 2051 2763 -1 2763 2051 2053 -1 2763 2053 2764 -1 730 973 1954 -1 1954 973 1941 -1 1954 1941 1955 -1 2764 2053 2765 -1 2765 2053 2054 -1 2765 2054 2766 -1 2766 2054 2056 -1 2766 2056 2767 -1 2767 2056 1955 -1 2767 1955 2768 -1 2768 1955 1941 -1 2768 1941 1943 -1 1840 2769 1841 -1 1841 2769 2770 -1 1841 2770 1842 -1 1842 2770 2771 -1 1842 2771 1843 -1 1843 2771 2772 -1 1843 2772 2745 -1 2750 2773 1836 -1 1836 2773 2774 -1 1836 2774 1837 -1 1837 2774 2775 -1 1837 2775 1838 -1 1838 2775 2776 -1 1838 2776 1839 -1 1839 2776 2777 -1 1839 2777 1840 -1 1840 2777 2778 -1 1840 2778 2769 -1 2779 2780 1874 -1 2781 1887 1867 -1 2780 2781 1874 -1 1874 2781 1867 -1 1874 1867 1858 -1 1858 1867 1869 -1 1858 1869 1856 -1 1856 1869 1871 -1 1874 2057 2779 -1 2779 2057 2059 -1 2779 2059 2782 -1 2782 2059 2783 -1 2783 2059 2060 -1 2783 2060 2784 -1 2784 2060 2062 -1 2784 2062 2785 -1 2785 2062 2063 -1 2785 2063 2786 -1 2786 2063 2065 -1 2786 2065 2787 -1 2787 2065 2066 -1 2787 2066 2788 -1 2788 2066 2068 -1 2788 2068 2789 -1 2789 2068 2069 -1 2789 2069 2790 -1 2790 2069 2071 -1 2790 2071 2791 -1 2071 2076 2791 -1 2791 2076 2075 -1 2791 2075 2792 -1 2792 2075 2073 -1 2792 2073 2793 -1 2793 2073 2072 -1 2793 2072 2794 -1 2794 2072 2077 -1 2794 2077 2079 -1 2036 2749 2010 -1 2010 2749 2752 -1 2010 2752 2023 -1 2023 2752 2753 -1 2023 2753 2079 -1 2079 2753 2795 -1 2079 2795 2794 -1 1891 1890 2754 -1 2754 1890 1889 -1 2754 1889 2796 -1 2796 1889 1888 -1 2796 1888 2797 -1 2797 1888 1894 -1 2797 1894 2798 -1 2798 1894 1893 -1 2798 1893 2799 -1 2799 1893 1892 -1 2799 1892 2800 -1 2800 1892 1897 -1 2800 1897 2801 -1 2801 1897 1896 -1 2801 1896 2802 -1 2802 1896 1895 -1 2802 1895 1900 -1 2781 2803 1887 -1 1887 2803 2804 -1 1887 2804 1901 -1 1901 2804 2805 -1 1901 2805 1902 -1 1902 2805 2806 -1 1902 2806 1898 -1 1898 2806 2807 -1 1898 2807 1899 -1 1899 2807 2808 -1 1899 2808 1900 -1 1900 2808 2809 -1 1900 2809 2802 -1 1458 1346 1865 -1 2084 2086 2810 -1 2086 2089 2810 -1 2810 2089 2088 -1 2810 2088 2811 -1 2811 2088 2087 -1 2811 2087 2812 -1 2812 2087 2081 -1 2812 2081 2813 -1 2094 2814 2815 -1 2081 2080 2813 -1 2813 2080 2090 -1 2813 2090 2816 -1 2816 2090 2092 -1 2816 2092 2817 -1 2817 2092 2097 -1 2817 2097 2815 -1 2815 2097 2096 -1 2815 2096 2094 -1 2094 2093 2814 -1 2814 2093 2098 -1 2814 2098 2818 -1 2818 2098 2100 -1 2818 2100 2819 -1 2819 2100 2102 -1 2819 2102 2820 -1 2820 2102 2103 -1 2820 2103 2821 -1 2821 2103 2105 -1 2821 2105 2822 -1 2822 2105 2106 -1 2822 2106 2823 -1 2823 2106 2108 -1 2823 2108 2824 -1 2824 2108 2109 -1 2824 2109 2825 -1 2825 2109 2111 -1 2825 2111 2826 -1 2111 2115 2826 -1 2826 2115 2114 -1 2826 2114 2827 -1 2827 2114 2113 -1 2827 2113 2828 -1 2828 2113 2118 -1 2828 2118 2829 -1 2829 2118 2117 -1 2117 2123 2829 -1 2829 2123 2122 -1 2829 2122 2830 -1 2830 2122 2120 -1 2830 2120 2831 -1 1855 2832 2127 -1 2127 2832 2833 -1 2127 2833 2128 -1 2128 2833 2834 -1 2128 2834 2129 -1 2129 2834 2835 -1 2129 2835 2126 -1 2126 2835 2836 -1 2126 2836 2124 -1 2124 2836 2831 -1 2124 2831 2119 -1 2119 2831 2120 -1 1907 2837 1908 -1 1908 2837 2838 -1 1908 2838 1909 -1 1909 2838 2839 -1 1909 2839 1903 -1 1903 2839 2840 -1 1903 2840 1858 -1 1858 2840 2841 -1 1858 2841 1874 -1 1874 2841 2842 -1 1874 2842 1855 -1 1855 2842 2843 -1 1855 2843 2832 -1 2844 2845 1907 -1 1907 2845 2846 -1 1907 2846 2837 -1 1913 2847 1914 -1 1914 2847 2844 -1 1914 2844 1915 -1 1915 2844 1907 -1 1931 2848 1932 -1 1932 2848 2849 -1 1932 2849 1933 -1 1933 2849 2850 -1 1933 2850 1913 -1 1913 2850 2851 -1 1913 2851 2847 -1 1929 2852 1930 -1 1930 2852 2853 -1 1930 2853 1931 -1 1931 2853 2854 -1 1931 2854 2848 -1 2855 2856 1929 -1 1929 2856 2857 -1 1929 2857 2852 -1 1935 2858 1925 -1 1925 2858 2859 -1 1925 2859 1926 -1 1926 2859 2860 -1 1926 2860 1927 -1 1927 2860 2861 -1 1927 2861 1928 -1 1928 2861 2862 -1 1928 2862 1924 -1 1924 2862 2863 -1 1924 2863 1922 -1 1922 2863 2864 -1 1922 2864 1920 -1 1920 2864 2855 -1 1920 2855 1919 -1 1919 2855 1929 -1 1918 2865 1934 -1 1934 2865 2866 -1 1934 2866 1935 -1 1935 2866 2867 -1 1935 2867 2858 -1 2868 2869 1918 -1 1918 2869 2870 -1 1918 2870 2865 -1 1918 1917 2868 -1 2868 1917 1916 -1 2868 1916 2871 -1 2871 1916 1912 -1 2871 1912 2872 -1 2872 1912 2873 -1 2873 1912 1911 -1 2873 1911 2874 -1 2874 1911 1910 -1 2874 1910 2875 -1 2875 1910 1906 -1 2875 1906 2876 -1 2876 1906 1905 -1 2876 1905 2877 -1 2877 1905 1904 -1 2877 1904 2878 -1 2879 2880 1880 -1 2810 2881 2084 -1 2084 2881 2882 -1 2084 2882 1865 -1 1865 2882 2879 -1 1865 2879 1458 -1 1458 2879 1880 -1 2878 1904 2880 -1 2880 1904 1860 -1 2880 1860 1880 -1 1880 1860 1862 -1 1880 1862 2262 -1 2748 2768 2746 -1 2746 2768 1943 -1 2746 1943 2883 -1 2883 1943 2136 -1 2883 2136 2884 -1 2884 2136 2134 -1 2884 2134 2885 -1 2134 2133 2885 -1 2885 2133 2137 -1 2885 2137 2886 -1 2886 2137 2139 -1 2886 2139 2887 -1 2887 2139 2142 -1 2887 2142 2888 -1 2888 2142 2141 -1 2888 2141 2889 -1 2889 2141 2147 -1 2889 2147 2890 -1 2890 2147 2146 -1 2890 2146 2891 -1 2891 2146 2144 -1 2891 2144 2892 -1 2150 2893 2148 -1 2148 2893 2892 -1 2148 2892 2143 -1 2143 2892 2144 -1 2152 2894 2150 -1 2150 2894 2895 -1 2150 2895 2893 -1 2152 2156 2894 -1 2894 2156 2155 -1 2894 2155 2896 -1 2896 2155 2154 -1 2896 2154 2897 -1 2163 2898 2161 -1 2161 2898 2899 -1 2161 2899 2130 -1 2130 2899 2900 -1 2130 2900 2131 -1 2131 2900 2901 -1 2131 2901 2158 -1 2158 2901 2902 -1 2158 2902 2159 -1 2159 2902 2897 -1 2159 2897 2160 -1 2160 2897 2154 -1 2165 2903 2163 -1 2163 2903 2904 -1 2163 2904 2898 -1 2165 2168 2903 -1 2903 2168 2167 -1 2903 2167 2905 -1 2905 2167 2171 -1 2905 2171 2906 -1 2744 2907 2176 -1 2176 2907 2906 -1 2176 2906 2170 -1 2170 2906 2171 -1 2173 2908 2175 -1 2175 2908 2909 -1 2175 2909 2744 -1 1973 1972 2910 -1 1973 2910 1974 -1 2173 2172 2908 -1 2908 2172 2177 -1 2908 2177 2911 -1 2911 2177 2179 -1 2911 2179 2912 -1 2912 2179 2180 -1 2912 2180 2913 -1 2913 2180 1947 -1 2913 1947 2914 -1 1979 2915 1980 -1 1980 2915 2916 -1 1980 2916 1981 -1 1981 2916 2917 -1 1981 2917 1975 -1 1975 2917 2918 -1 1975 2918 1976 -1 1976 2918 2919 -1 1976 2919 1977 -1 1977 2919 1953 -1 2920 2921 1979 -1 1979 2921 2922 -1 1979 2922 2915 -1 1979 2003 2920 -1 2920 2003 2002 -1 2920 2002 2923 -1 1999 2924 2000 -1 2000 2924 2925 -1 2000 2925 2001 -1 2001 2925 2926 -1 2001 2926 2002 -1 2002 2926 2927 -1 2002 2927 2923 -1 2928 2929 1999 -1 1999 2929 2930 -1 1999 2930 2924 -1 1995 2931 1996 -1 1996 2931 2932 -1 1996 2932 1997 -1 1997 2932 2933 -1 1997 2933 1998 -1 1998 2933 2934 -1 1998 2934 1988 -1 1988 2934 2935 -1 1988 2935 1989 -1 1989 2935 2936 -1 1989 2936 1991 -1 1991 2936 2937 -1 1991 2937 1993 -1 1993 2937 2928 -1 1993 2928 1994 -1 1994 2928 1999 -1 2004 2938 2005 -1 2005 2938 2939 -1 2005 2939 1995 -1 1995 2939 2940 -1 1995 2940 2931 -1 2941 2942 2004 -1 2004 2942 2943 -1 2004 2943 2938 -1 1983 2944 1984 -1 1984 2944 2945 -1 1984 2945 1985 -1 1985 2945 2946 -1 1985 2946 1986 -1 1986 2946 2941 -1 1986 2941 1987 -1 1987 2941 2004 -1 1978 2947 1982 -1 1982 2947 2948 -1 1982 2948 1983 -1 1983 2948 2949 -1 1983 2949 2944 -1 1936 2747 1978 -1 1978 2747 2950 -1 1978 2950 2947 -1 1844 2745 1845 -1 1845 2745 2951 -1 1845 2951 1846 -1 1846 2951 2952 -1 1846 2952 1847 -1 1847 2952 2953 -1 1847 2953 1848 -1 1848 2953 2954 -1 1848 2954 1852 -1 1852 2954 2955 -1 1852 2955 1851 -1 1851 2955 2748 -1 1851 2748 1849 -1 1849 2748 2747 -1 1849 2747 1960 -1 1960 2747 1936 -1 1960 1936 1938 -1 2919 2910 1953 -1 1953 2910 1972 -1 1953 1972 1952 -1 1952 1972 1971 -1 1952 1971 1950 -1 1950 1971 1948 -1 2910 2914 1974 -1 1974 2914 1947 -1 1974 1947 1967 -1 1967 1947 798 -1 1967 798 1098 -1 2956 2957 2958 -1 2958 2957 2959 -1 2959 2960 2958 -1 2958 2960 2961 -1 2961 2960 2962 -1 2962 2960 2963 -1 2964 2965 2956 -1 2962 2966 2967 -1 2968 2969 2956 -1 2956 2969 2970 -1 2956 2970 2964 -1 2967 2971 2962 -1 2962 2971 2972 -1 2962 2972 2973 -1 2958 2974 2956 -1 2956 2974 2975 -1 2956 2975 2968 -1 2973 2976 2962 -1 2962 2976 2977 -1 2962 2977 2961 -1 2961 2977 2978 -1 2961 2978 2958 -1 2958 2978 2979 -1 2958 2979 2974 -1 2949 2948 2964 -1 2964 2948 2947 -1 2964 2947 2965 -1 2965 2947 2950 -1 2965 2950 2747 -1 2949 2964 2944 -1 2944 2964 2970 -1 2944 2970 2945 -1 2943 2942 2969 -1 2969 2942 2941 -1 2969 2941 2970 -1 2970 2941 2946 -1 2970 2946 2945 -1 2943 2969 2938 -1 2938 2969 2968 -1 2938 2968 2939 -1 2939 2968 2940 -1 2940 2968 2975 -1 2940 2975 2931 -1 2931 2975 2932 -1 2932 2975 2974 -1 2932 2974 2933 -1 2933 2974 2934 -1 2934 2974 2979 -1 2934 2979 2935 -1 2935 2979 2936 -1 2936 2979 2978 -1 2936 2978 2937 -1 2937 2978 2928 -1 2928 2978 2977 -1 2928 2977 2929 -1 2976 2924 2977 -1 2977 2924 2930 -1 2977 2930 2929 -1 2923 2927 2973 -1 2973 2927 2926 -1 2973 2926 2976 -1 2976 2926 2925 -1 2976 2925 2924 -1 2923 2973 2920 -1 2920 2973 2972 -1 2920 2972 2921 -1 2917 2916 2971 -1 2971 2916 2915 -1 2971 2915 2972 -1 2972 2915 2922 -1 2972 2922 2921 -1 2917 2971 2918 -1 2918 2971 2967 -1 2918 2967 2919 -1 2919 2967 2966 -1 2919 2966 2910 -1 2913 2914 2963 -1 2908 2911 2963 -1 2963 2911 2912 -1 2963 2912 2913 -1 2960 2959 2902 -1 2746 2883 2957 -1 2957 2883 2884 -1 2907 2744 2963 -1 2963 2744 2909 -1 2963 2909 2908 -1 2884 2885 2957 -1 2957 2885 2886 -1 2957 2886 2887 -1 2887 2888 2957 -1 2957 2888 2889 -1 2957 2889 2890 -1 2902 2901 2960 -1 2960 2901 2900 -1 2960 2900 2963 -1 2963 2900 2899 -1 2957 2896 2959 -1 2959 2896 2897 -1 2959 2897 2902 -1 2899 2898 2963 -1 2963 2898 2904 -1 2963 2904 2903 -1 2893 2895 2957 -1 2957 2895 2894 -1 2957 2894 2896 -1 2903 2905 2963 -1 2963 2905 2906 -1 2963 2906 2907 -1 2890 2891 2957 -1 2957 2891 2892 -1 2957 2892 2893 -1 2962 2963 2966 -1 2966 2963 2914 -1 2966 2914 2910 -1 2957 2956 2746 -1 2746 2956 2965 -1 2746 2965 2747 -1 2980 2981 2982 -1 2982 2981 2983 -1 2984 2985 2982 -1 2982 2985 2980 -1 2986 2985 2987 -1 2987 2985 2984 -1 2988 2989 2981 -1 2986 2990 2991 -1 2988 2981 2992 -1 2991 2993 2986 -1 2986 2993 2994 -1 2986 2994 2995 -1 2996 2997 2981 -1 2981 2997 2998 -1 2981 2998 2992 -1 2995 2999 2986 -1 2986 2999 3000 -1 2986 3000 2985 -1 2985 3000 3001 -1 2985 3001 2980 -1 2980 3001 3002 -1 2980 3002 2981 -1 2981 3002 3003 -1 2981 3003 2996 -1 2843 2842 2987 -1 2834 2833 2987 -1 2987 2833 2832 -1 2987 2832 2843 -1 2879 2882 2983 -1 2983 2882 2881 -1 2831 2836 2987 -1 2987 2836 2835 -1 2987 2835 2834 -1 2881 2810 2983 -1 2983 2810 2811 -1 2983 2811 2812 -1 2812 2813 2983 -1 2983 2813 2816 -1 2983 2816 2817 -1 2825 2987 2824 -1 2824 2987 2984 -1 2824 2984 2823 -1 2823 2984 2982 -1 2823 2982 2822 -1 2818 2819 2983 -1 2983 2819 2820 -1 2983 2820 2982 -1 2982 2820 2821 -1 2982 2821 2822 -1 2825 2826 2987 -1 2987 2826 2827 -1 2987 2827 2828 -1 2828 2829 2987 -1 2987 2829 2830 -1 2987 2830 2831 -1 2817 2815 2983 -1 2983 2815 2814 -1 2983 2814 2818 -1 2839 2991 2840 -1 2840 2991 2990 -1 2840 2990 2841 -1 2875 2876 2988 -1 2988 2876 2877 -1 2988 2877 2989 -1 2989 2877 2878 -1 2989 2878 2880 -1 2875 2988 2874 -1 2874 2988 2992 -1 2874 2992 2873 -1 2869 2868 2998 -1 2998 2868 2871 -1 2998 2871 2992 -1 2992 2871 2872 -1 2992 2872 2873 -1 2997 2865 2998 -1 2998 2865 2870 -1 2998 2870 2869 -1 2996 2867 2997 -1 2997 2867 2866 -1 2997 2866 2865 -1 3003 2859 2996 -1 2996 2859 2858 -1 2996 2858 2867 -1 3002 2861 3003 -1 3003 2861 2860 -1 3003 2860 2859 -1 3001 2863 3002 -1 3002 2863 2862 -1 3002 2862 2861 -1 2857 2856 3000 -1 3000 2856 2855 -1 3000 2855 3001 -1 3001 2855 2864 -1 3001 2864 2863 -1 2857 3000 2852 -1 2852 3000 2999 -1 2852 2999 2853 -1 2853 2999 2854 -1 2854 2999 2995 -1 2854 2995 2848 -1 2848 2995 2849 -1 2849 2995 2994 -1 2849 2994 2850 -1 2845 2844 2993 -1 2993 2844 2847 -1 2993 2847 2994 -1 2994 2847 2851 -1 2994 2851 2850 -1 2839 2838 2991 -1 2991 2838 2837 -1 2991 2837 2993 -1 2993 2837 2846 -1 2993 2846 2845 -1 2983 2981 2879 -1 2879 2981 2989 -1 2879 2989 2880 -1 2986 2987 2990 -1 2990 2987 2842 -1 2990 2842 2841 -1 3004 3005 3006 -1 3006 3005 3007 -1 3005 3008 3009 -1 3009 3010 3005 -1 3005 3010 3011 -1 3005 3011 3012 -1 3013 3007 3014 -1 3014 3007 3005 -1 3014 3005 3015 -1 3015 3005 3012 -1 3014 2804 3013 -1 3013 2804 2803 -1 3013 2803 2781 -1 2808 2807 3015 -1 3015 2807 2806 -1 3015 2806 3014 -1 3014 2806 2805 -1 3014 2805 2804 -1 2808 3015 2809 -1 2809 3015 3012 -1 2809 3012 2802 -1 2802 3012 2801 -1 2801 3012 3011 -1 2801 3011 2800 -1 2800 3011 2799 -1 2799 3011 3010 -1 2799 3010 2798 -1 2798 3010 2797 -1 2797 3010 3009 -1 2797 3009 2796 -1 2796 3009 2754 -1 2754 3009 3008 -1 2754 3008 2751 -1 3005 3004 3008 -1 3008 3004 2753 -1 3008 2753 2751 -1 2793 2794 3004 -1 3004 2794 2795 -1 3004 2795 2753 -1 2790 2791 3004 -1 3004 2791 2792 -1 3004 2792 2793 -1 2787 2788 3004 -1 3004 2788 2789 -1 3004 2789 2790 -1 2784 2785 3004 -1 3004 2785 2786 -1 3004 2786 2787 -1 3006 2780 3004 -1 3004 2780 2779 -1 2779 2782 3004 -1 3004 2782 2783 -1 3004 2783 2784 -1 3006 3007 2780 -1 2780 3007 3013 -1 2780 3013 2781 -1 3016 3017 3018 -1 3018 3017 3019 -1 3020 3021 3016 -1 3016 3021 3022 -1 3016 3022 3023 -1 3018 3024 3016 -1 3016 3024 3025 -1 3025 3026 3016 -1 3016 3026 3027 -1 3016 3027 3020 -1 2773 2750 3023 -1 2773 3023 2774 -1 2774 3023 3022 -1 2774 3022 2775 -1 2775 3022 2776 -1 2776 3022 3021 -1 2776 3021 2777 -1 2771 2770 3020 -1 3020 2770 2769 -1 3020 2769 3021 -1 3021 2769 2778 -1 3021 2778 2777 -1 2771 3020 2772 -1 2772 3020 3027 -1 2772 3027 2745 -1 2745 3027 2951 -1 2951 3027 3026 -1 2951 3026 2952 -1 2952 3026 2953 -1 2953 3026 3025 -1 2953 3025 2954 -1 2954 3025 2955 -1 2955 3025 3024 -1 2955 3024 2748 -1 3017 3016 2752 -1 2752 3016 3023 -1 2752 3023 2750 -1 3018 3019 3024 -1 3024 3019 2768 -1 3024 2768 2748 -1 2752 2749 3017 -1 3017 2749 2755 -1 3017 2755 2756 -1 2756 2757 3017 -1 3017 2757 2758 -1 3017 2758 2759 -1 2759 2760 3017 -1 3017 2760 2761 -1 3017 2761 2762 -1 2762 2763 3017 -1 3017 2763 2764 -1 3017 2764 2765 -1 2768 3019 2767 -1 2767 3019 3017 -1 2767 3017 2766 -1 2766 3017 2765 -1 2593 1750 1749 -1 2593 1749 2554 -1 2554 1749 1758 -1 2554 1758 2551 -1 2551 1758 1756 -1 2551 1756 2549 -1 2549 1756 1752 -1 2549 1752 2547 -1 2547 1752 1759 -1 2547 1759 2594 -1 2594 1759 1782 -1 2594 1782 2595 -1 2603 1779 1764 -1 2603 1764 2556 -1 2556 1764 1763 -1 2556 1763 2588 -1 2588 1763 1818 -1 2588 1818 2590 -1 2590 1818 1797 -1 2590 1797 2592 -1 2564 2647 2649 -1 2564 2649 2525 -1 2525 2649 2651 -1 2525 2651 2598 -1 2598 2651 2638 -1 2598 2638 2600 -1 2600 2638 2636 -1 2600 2636 2602 -1 2568 2681 2624 -1 2568 2624 2567 -1 2567 2624 2626 -1 2567 2626 2534 -1 2534 2626 2629 -1 2534 2629 2532 -1 2532 2629 2644 -1 2532 2644 2530 -1 2530 2644 2643 -1 2530 2643 2562 -1 2562 2643 2634 -1 2562 2634 2563 -1 2596 1678 1680 -1 2596 1680 2581 -1 2581 1680 1670 -1 2581 1670 2524 -1 2524 1670 1668 -1 2524 1668 2522 -1 2522 1668 1693 -1 2522 1693 2520 -1 2520 1693 1704 -1 2520 1704 2576 -1 2576 1704 1706 -1 2576 1706 2577 -1 2578 1697 1695 -1 2578 1695 2542 -1 2542 1695 1710 -1 2542 1710 2570 -1 2570 1710 1713 -1 2570 1713 2572 -1 2572 1713 1715 -1 2572 1715 2574 -1 2575 2466 2468 -1 2575 2468 2517 -1 2517 2468 2467 -1 2517 2467 2605 -1 2605 2467 2483 -1 2605 2483 2607 -1 2607 2483 2486 -1 2607 2486 2609 -1 2610 2492 2498 -1 2610 2498 2585 -1 2585 2498 2501 -1 2585 2501 2541 -1 2541 2501 2449 -1 2541 2449 2539 -1 2539 2449 2447 -1 2539 2447 2537 -1 2537 2447 2453 -1 2537 2453 2559 -1 2559 2453 2472 -1 2559 2472 2560 -1 2698 2561 2566 -1 2698 2566 2729 -1 2729 2566 2565 -1 2729 2565 2731 -1 2731 2565 2533 -1 2731 2533 2732 -1 2732 2533 2531 -1 2732 2531 2733 -1 2733 2531 2529 -1 2733 2529 2730 -1 2730 2529 2528 -1 2730 2528 2700 -1 2701 2527 2526 -1 2701 2526 2712 -1 2712 2526 2597 -1 2712 2597 2728 -1 2728 2597 2599 -1 2728 2599 2727 -1 2727 2599 2601 -1 2727 2601 2702 -1 2703 2558 2557 -1 2703 2557 2715 -1 2715 2557 2587 -1 2715 2587 2723 -1 2723 2587 2589 -1 2723 2589 2724 -1 2724 2589 2591 -1 2724 2591 2704 -1 2705 2555 2553 -1 2705 2553 2739 -1 2739 2553 2552 -1 2739 2552 2740 -1 2740 2552 2550 -1 2740 2550 2736 -1 2736 2550 2548 -1 2736 2548 2737 -1 2737 2548 2546 -1 2737 2546 2738 -1 2738 2546 2545 -1 2738 2545 2706 -1 2707 2582 2580 -1 2707 2580 2734 -1 2734 2580 2579 -1 2734 2579 2741 -1 2741 2579 2523 -1 2741 2523 2742 -1 2742 2523 2521 -1 2742 2521 2743 -1 2743 2521 2519 -1 2743 2519 2735 -1 2735 2519 2518 -1 2735 2518 2708 -1 2709 2544 2543 -1 2709 2543 2714 -1 2714 2543 2569 -1 2714 2569 2725 -1 2725 2569 2571 -1 2725 2571 2726 -1 2726 2571 2573 -1 2726 2573 2710 -1 2711 2516 2515 -1 2711 2515 2713 -1 2713 2515 2604 -1 2713 2604 2716 -1 2716 2604 2606 -1 2716 2606 2717 -1 2717 2606 2608 -1 2717 2608 2696 -1 2697 2586 2584 -1 2697 2584 2721 -1 2721 2584 2583 -1 2721 2583 2720 -1 2720 2583 2540 -1 2720 2540 2718 -1 2718 2540 2538 -1 2718 2538 2719 -1 2719 2538 2536 -1 2719 2536 2722 -1 2722 2536 2535 -1 2722 2535 2699 -1 3028 1790 2250 -1 2250 1790 2655 -1 2250 2655 3029 -1 2427 2354 2655 -1 2655 2354 2251 -1 2655 2251 3029 -1 1502 1661 1630 -1 1630 1661 1790 -1 1630 1790 3028 -1 2250 3029 2251 -1 1630 3028 2250 -1 2254 3030 2255 -1 2255 3031 1582 -1 1663 1510 1728 -1 1728 1510 1582 -1 1728 1582 3031 -1 2303 2429 2254 -1 2254 2429 2507 -1 2254 2507 3030 -1 3030 2507 2255 -1 2255 2507 1728 -1 2255 1728 3031 -1 1662 1660 1487 -1 1487 1660 1485 -1 2279 2278 2428 -1 2428 2278 2426 -1 2302 2479 2327 -1 2327 2479 2478 -1 2327 2478 2328 -1 2328 2478 2477 -1 2328 2477 2329 -1 2329 2477 2463 -1 2329 2463 2330 -1 2330 2463 2462 -1 2330 2462 2331 -1 2331 2462 2461 -1 2331 2461 2332 -1 2332 2461 2460 -1 2332 2460 2333 -1 2333 2460 2459 -1 2333 2459 2334 -1 2334 2459 2458 -1 2334 2458 2318 -1 2318 2458 2457 -1 2318 2457 2320 -1 2320 2457 2456 -1 2320 2456 2321 -1 2321 2456 2441 -1 2321 2441 2285 -1 2285 2441 2442 -1 2285 2442 2322 -1 2322 2442 2485 -1 2322 2485 2323 -1 2323 2485 2484 -1 2323 2484 2326 -1 2326 2484 2482 -1 2326 2482 2325 -1 2325 2482 2481 -1 2325 2481 2324 -1 2324 2481 2469 -1 2324 2469 2335 -1 2335 2469 2480 -1 2335 2480 2336 -1 2336 2480 2465 -1 2336 2465 2368 -1 2368 2465 2464 -1 2368 2464 2369 -1 2369 2464 2514 -1 2369 2514 2370 -1 2370 2514 2513 -1 2370 2513 2383 -1 2383 2513 2512 -1 2383 2512 2384 -1 2384 2512 2508 -1 2384 2508 2385 -1 2385 2508 2506 -1 2385 2506 2411 -1 2411 2506 2505 -1 2411 2505 2412 -1 2412 2505 2511 -1 2412 2511 2413 -1 2413 2511 2510 -1 2413 2510 2386 -1 2386 2510 2509 -1 2386 2509 2387 -1 2387 2509 2495 -1 2387 2495 2388 -1 2388 2495 2494 -1 2388 2494 2371 -1 2371 2494 2493 -1 2371 2493 2289 -1 2289 2493 2443 -1 2289 2443 2288 -1 2288 2443 2444 -1 2288 2444 2301 -1 2301 2444 2445 -1 2301 2445 2302 -1 2302 2445 2479 -1 2377 2475 2361 -1 2361 2475 2455 -1 2361 2455 2337 -1 2337 2455 2454 -1 2337 2454 2338 -1 2338 2454 2474 -1 2338 2474 2362 -1 2362 2474 2473 -1 2362 2473 2363 -1 2363 2473 2471 -1 2363 2471 2280 -1 2280 2471 2470 -1 2280 2470 2281 -1 2281 2470 2452 -1 2281 2452 2364 -1 2364 2452 2451 -1 2364 2451 2339 -1 2339 2451 2446 -1 2339 2446 2340 -1 2340 2446 2448 -1 2340 2448 2341 -1 2341 2448 2450 -1 2341 2450 2290 -1 2290 2450 2504 -1 2290 2504 2342 -1 2342 2504 2503 -1 2342 2503 2343 -1 2343 2503 2502 -1 2343 2502 2344 -1 2344 2502 2500 -1 2344 2500 2345 -1 2345 2500 2499 -1 2345 2499 2292 -1 2292 2499 2497 -1 2292 2497 2291 -1 2291 2497 2496 -1 2291 2496 2317 -1 2317 2496 2491 -1 2317 2491 2316 -1 2316 2491 2490 -1 2316 2490 2315 -1 2315 2490 2487 -1 2315 2487 2319 -1 2319 2487 2488 -1 2319 2488 2300 -1 2300 2488 2489 -1 2300 2489 2286 -1 2286 2489 2440 -1 2286 2440 2287 -1 2287 2440 2439 -1 2287 2439 2389 -1 2389 2439 2438 -1 2389 2438 2390 -1 2390 2438 2437 -1 2390 2437 2391 -1 2391 2437 2436 -1 2391 2436 2304 -1 2304 2436 2435 -1 2304 2435 2305 -1 2305 2435 2434 -1 2305 2434 2372 -1 2372 2434 2433 -1 2372 2433 2373 -1 2373 2433 2432 -1 2373 2432 2374 -1 2374 2432 2431 -1 2374 2431 2375 -1 2375 2431 2430 -1 2375 2430 2376 -1 2376 2430 2476 -1 2376 2476 2377 -1 2377 2476 2475 -1 1534 1731 1535 -1 1535 1731 1732 -1 1535 1732 1605 -1 1605 1732 1742 -1 1605 1742 1565 -1 1565 1742 1741 -1 1565 1741 1566 -1 1566 1741 1737 -1 1566 1737 1567 -1 1567 1737 1736 -1 1567 1736 1568 -1 1568 1736 1740 -1 1568 1740 1608 -1 1608 1740 1739 -1 1608 1739 1609 -1 1609 1739 1738 -1 1609 1738 1610 -1 1610 1738 1727 -1 1610 1727 1583 -1 1583 1727 1729 -1 1583 1729 1584 -1 1584 1729 1730 -1 1584 1730 1625 -1 1625 1730 1735 -1 1625 1735 1626 -1 1626 1735 1734 -1 1626 1734 1627 -1 1627 1734 1733 -1 1627 1733 1587 -1 1587 1733 1714 -1 1587 1714 1588 -1 1588 1714 1716 -1 1588 1716 1589 -1 1589 1716 1717 -1 1589 1717 1590 -1 1590 1717 1712 -1 1590 1712 1552 -1 1552 1712 1711 -1 1552 1711 1553 -1 1553 1711 1709 -1 1553 1709 1540 -1 1540 1709 1708 -1 1540 1708 1538 -1 1538 1708 1694 -1 1538 1694 1536 -1 1536 1694 1696 -1 1536 1696 1515 -1 1515 1696 1698 -1 1515 1698 1516 -1 1516 1698 1705 -1 1516 1705 1591 -1 1591 1705 1707 -1 1591 1707 1513 -1 1513 1707 1726 -1 1513 1726 1514 -1 1514 1726 1725 -1 1514 1725 1569 -1 1569 1725 1746 -1 1569 1746 1570 -1 1570 1746 1744 -1 1570 1744 1572 -1 1572 1744 1743 -1 1572 1743 1573 -1 1573 1743 1724 -1 1573 1724 1491 -1 1491 1724 1723 -1 1491 1723 1492 -1 1492 1723 1722 -1 1492 1722 1533 -1 1533 1722 1673 -1 1533 1673 1534 -1 1534 1673 1731 -1 1580 1701 1581 -1 1581 1701 1700 -1 1581 1700 1531 -1 1531 1700 1699 -1 1531 1699 1532 -1 1532 1699 1690 -1 1532 1690 1549 -1 1549 1690 1689 -1 1549 1689 1550 -1 1550 1689 1688 -1 1550 1688 1508 -1 1508 1688 1687 -1 1508 1687 1509 -1 1509 1687 1686 -1 1509 1686 1511 -1 1511 1686 1685 -1 1511 1685 1607 -1 1607 1685 1684 -1 1607 1684 1606 -1 1606 1684 1672 -1 1606 1672 1493 -1 1493 1672 1674 -1 1493 1674 1571 -1 1571 1674 1675 -1 1571 1675 1512 -1 1512 1675 1745 -1 1512 1745 1592 -1 1592 1745 1747 -1 1592 1747 1593 -1 1593 1747 1748 -1 1593 1748 1594 -1 1594 1748 1721 -1 1594 1721 1482 -1 1482 1721 1720 -1 1482 1720 1483 -1 1483 1720 1719 -1 1483 1719 1505 -1 1505 1719 1718 -1 1505 1718 1506 -1 1506 1718 1703 -1 1506 1703 1507 -1 1507 1703 1702 -1 1507 1702 1496 -1 1496 1702 1692 -1 1496 1692 1497 -1 1497 1692 1691 -1 1497 1691 1498 -1 1498 1691 1667 -1 1498 1667 1500 -1 1500 1667 1669 -1 1500 1669 1524 -1 1524 1669 1671 -1 1524 1671 1525 -1 1525 1671 1683 -1 1525 1683 1527 -1 1527 1683 1682 -1 1527 1682 1528 -1 1528 1682 1681 -1 1528 1681 1529 -1 1529 1681 1679 -1 1529 1679 1530 -1 1530 1679 1677 -1 1530 1677 1562 -1 1562 1677 1676 -1 1562 1676 1563 -1 1563 1676 1664 -1 1563 1664 1564 -1 1564 1664 1665 -1 1564 1665 1579 -1 1579 1665 1666 -1 1579 1666 1580 -1 1580 1666 1701 -1 2378 2652 2394 -1 2394 2652 2675 -1 2394 2675 2395 -1 2395 2675 2674 -1 2395 2674 2396 -1 2396 2674 2673 -1 2396 2673 2351 -1 2351 2673 2650 -1 2351 2650 2283 -1 2283 2650 2648 -1 2283 2648 2284 -1 2284 2648 2672 -1 2284 2672 2306 -1 2306 2672 2671 -1 2306 2671 2307 -1 2307 2671 2670 -1 2307 2670 2308 -1 2308 2670 2633 -1 2308 2633 2346 -1 2346 2633 2632 -1 2346 2632 2347 -1 2347 2632 2621 -1 2347 2621 2348 -1 2348 2621 2665 -1 2348 2665 2365 -1 2365 2665 2664 -1 2365 2664 2366 -1 2366 2664 2620 -1 2366 2620 2367 -1 2367 2620 2619 -1 2367 2619 2309 -1 2309 2619 2618 -1 2309 2618 2310 -1 2310 2618 2615 -1 2310 2615 2397 -1 2397 2615 2614 -1 2397 2614 2398 -1 2398 2614 2617 -1 2398 2617 2399 -1 2399 2617 2613 -1 2399 2613 2400 -1 2400 2613 2692 -1 2400 2692 2401 -1 2401 2692 2691 -1 2401 2691 2402 -1 2402 2691 2690 -1 2402 2690 2403 -1 2403 2690 2695 -1 2403 2695 2423 -1 2423 2695 2694 -1 2423 2694 2424 -1 2424 2694 2693 -1 2424 2693 2425 -1 2425 2693 2689 -1 2425 2689 2420 -1 2420 2689 2688 -1 2420 2688 2421 -1 2421 2688 2687 -1 2421 2687 2422 -1 2422 2687 2654 -1 2422 2654 2406 -1 2406 2654 2656 -1 2406 2656 2405 -1 2405 2656 2657 -1 2405 2657 2404 -1 2404 2657 2635 -1 2404 2635 2380 -1 2380 2635 2637 -1 2380 2637 2379 -1 2379 2637 2653 -1 2379 2653 2378 -1 2378 2653 2652 -1 2414 2668 2415 -1 2415 2668 2669 -1 2415 2669 2416 -1 2416 2669 2645 -1 2416 2645 2417 -1 2417 2645 2663 -1 2417 2663 2418 -1 2418 2663 2662 -1 2418 2662 2419 -1 2419 2662 2661 -1 2419 2661 2381 -1 2381 2661 2628 -1 2381 2628 2382 -1 2382 2628 2630 -1 2382 2630 2356 -1 2356 2630 2631 -1 2356 2631 2357 -1 2357 2631 2627 -1 2357 2627 2358 -1 2358 2627 2625 -1 2358 2625 2359 -1 2359 2625 2683 -1 2359 2683 2360 -1 2360 2683 2682 -1 2360 2682 2296 -1 2296 2682 2680 -1 2296 2680 2297 -1 2297 2680 2679 -1 2297 2679 2298 -1 2298 2679 2678 -1 2298 2678 2299 -1 2299 2678 2677 -1 2299 2677 2352 -1 2352 2677 2676 -1 2352 2676 2353 -1 2353 2676 2658 -1 2353 2658 2355 -1 2355 2658 2659 -1 2355 2659 2392 -1 2392 2659 2660 -1 2392 2660 2393 -1 2393 2660 2642 -1 2393 2642 2311 -1 2311 2642 2641 -1 2311 2641 2282 -1 2282 2641 2640 -1 2282 2640 2293 -1 2293 2640 2639 -1 2293 2639 2294 -1 2294 2639 2686 -1 2294 2686 2295 -1 2295 2686 2685 -1 2295 2685 2312 -1 2312 2685 2684 -1 2312 2684 2313 -1 2313 2684 2612 -1 2313 2612 2314 -1 2314 2612 2611 -1 2314 2611 2349 -1 2349 2611 2616 -1 2349 2616 2350 -1 2350 2616 2666 -1 2350 2666 2407 -1 2407 2666 2667 -1 2407 2667 2408 -1 2408 2667 2623 -1 2408 2623 2409 -1 2409 2623 2622 -1 2409 2622 2410 -1 2410 2622 2646 -1 2410 2646 2414 -1 2414 2646 2668 -1 1620 1796 1621 -1 1621 1796 1778 -1 1621 1778 1647 -1 1647 1778 1777 -1 1647 1777 1648 -1 1648 1777 1830 -1 1648 1830 1650 -1 1650 1830 1829 -1 1650 1829 1651 -1 1651 1829 1828 -1 1651 1828 1631 -1 1631 1828 1795 -1 1631 1795 1632 -1 1632 1795 1794 -1 1632 1794 1652 -1 1652 1794 1793 -1 1652 1793 1653 -1 1653 1793 1789 -1 1653 1789 1654 -1 1654 1789 1791 -1 1654 1791 1623 -1 1623 1791 1792 -1 1623 1792 1624 -1 1624 1792 1773 -1 1624 1773 1655 -1 1655 1773 1772 -1 1655 1772 1656 -1 1656 1772 1788 -1 1656 1788 1578 -1 1578 1788 1827 -1 1578 1827 1576 -1 1576 1827 1826 -1 1576 1826 1600 -1 1600 1826 1825 -1 1600 1825 1597 -1 1597 1825 1824 -1 1597 1824 1611 -1 1611 1824 1823 -1 1611 1823 1614 -1 1614 1823 1822 -1 1614 1822 1615 -1 1615 1822 1821 -1 1615 1821 1616 -1 1616 1821 1820 -1 1616 1820 1617 -1 1617 1820 1802 -1 1617 1802 1618 -1 1618 1802 1804 -1 1618 1804 1643 -1 1643 1804 1805 -1 1643 1805 1642 -1 1642 1805 1806 -1 1642 1806 1641 -1 1641 1806 1799 -1 1641 1799 1639 -1 1639 1799 1798 -1 1639 1798 1637 -1 1637 1798 1833 -1 1637 1833 1635 -1 1635 1833 1832 -1 1635 1832 1633 -1 1633 1832 1831 -1 1633 1831 1644 -1 1644 1831 1819 -1 1644 1819 1645 -1 1645 1819 1817 -1 1645 1817 1646 -1 1646 1817 1816 -1 1646 1816 1604 -1 1604 1816 1765 -1 1604 1765 1620 -1 1620 1765 1796 -1 1595 1803 1596 -1 1596 1803 1801 -1 1596 1801 1598 -1 1598 1801 1800 -1 1598 1800 1599 -1 1599 1800 1809 -1 1599 1809 1601 -1 1601 1809 1808 -1 1601 1808 1574 -1 1574 1808 1807 -1 1574 1807 1575 -1 1575 1807 1813 -1 1575 1813 1577 -1 1577 1813 1814 -1 1577 1814 1657 -1 1657 1814 1815 -1 1657 1815 1658 -1 1658 1815 1762 -1 1658 1762 1659 -1 1659 1762 1761 -1 1659 1761 1503 -1 1503 1761 1760 -1 1503 1760 1504 -1 1504 1760 1787 -1 1504 1787 1521 -1 1521 1787 1786 -1 1521 1786 1522 -1 1522 1786 1785 -1 1522 1785 1523 -1 1523 1785 1812 -1 1523 1812 1559 -1 1559 1812 1811 -1 1559 1811 1560 -1 1560 1811 1810 -1 1560 1810 1561 -1 1561 1810 1774 -1 1561 1774 1517 -1 1517 1774 1775 -1 1517 1775 1518 -1 1518 1775 1776 -1 1518 1776 1519 -1 1519 1776 1784 -1 1519 1784 1520 -1 1520 1784 1783 -1 1520 1783 1541 -1 1541 1783 1781 -1 1541 1781 1542 -1 1542 1781 1780 -1 1542 1780 1543 -1 1543 1780 1754 -1 1543 1754 1545 -1 1545 1754 1753 -1 1545 1753 1547 -1 1547 1753 1771 -1 1547 1771 1554 -1 1554 1771 1770 -1 1554 1770 1555 -1 1555 1770 1769 -1 1555 1769 1557 -1 1557 1769 1755 -1 1557 1755 1628 -1 1628 1755 1757 -1 1628 1757 1629 -1 1629 1757 1768 -1 1629 1768 1619 -1 1619 1768 1767 -1 1619 1767 1612 -1 1612 1767 1766 -1 1612 1766 1613 -1 1613 1766 1751 -1 1613 1751 1595 -1 1595 1751 1803 -1 1255 207 1256 -1 1256 207 231 -1 1256 231 1258 -1 1258 231 232 -1 1258 232 1259 -1 1259 232 229 -1 1259 229 1252 -1 1252 229 228 -1 1252 228 1253 -1 1253 228 218 -1 1253 218 1254 -1 1254 218 217 -1 1254 217 1232 -1 1232 217 216 -1 1232 216 1234 -1 1234 216 200 -1 1234 200 1235 -1 1235 200 199 -1 1235 199 1236 -1 1236 199 215 -1 1236 215 1237 -1 1237 215 214 -1 1237 214 1247 -1 1247 214 213 -1 1247 213 1248 -1 1248 213 250 -1 1248 250 1249 -1 1249 250 249 -1 1249 249 1238 -1 1238 249 248 -1 1238 248 1239 -1 1239 248 247 -1 1239 247 1241 -1 1241 247 245 -1 1241 245 1242 -1 1242 245 244 -1 1242 244 1229 -1 1229 244 243 -1 1229 243 1230 -1 1230 243 242 -1 1230 242 1243 -1 1243 242 241 -1 1243 241 1244 -1 1244 241 240 -1 1244 240 1223 -1 1223 240 239 -1 1223 239 1224 -1 1224 239 211 -1 1224 211 1225 -1 1225 211 210 -1 1225 210 1226 -1 1226 210 227 -1 1226 227 1227 -1 1227 227 226 -1 1227 226 1228 -1 1228 226 225 -1 1228 225 1222 -1 1222 225 198 -1 1222 198 1220 -1 1220 198 197 -1 1220 197 1221 -1 1221 197 209 -1 1221 209 1250 -1 1250 209 208 -1 1250 208 1251 -1 1251 208 203 -1 1251 203 1245 -1 1245 203 202 -1 1245 202 1246 -1 1246 202 205 -1 1246 205 1255 -1 1255 205 207 -1 1296 562 1297 -1 1297 562 587 -1 1297 587 1298 -1 1298 587 586 -1 1298 586 1299 -1 1299 586 582 -1 1299 582 1279 -1 1279 582 581 -1 1279 581 1280 -1 1280 581 580 -1 1280 580 1290 -1 1290 580 570 -1 1290 570 1272 -1 1272 570 569 -1 1272 569 1273 -1 1273 569 557 -1 1273 557 1281 -1 1281 557 559 -1 1281 559 1282 -1 1282 559 560 -1 1282 560 1283 -1 1283 560 578 -1 1283 578 1266 -1 1266 578 579 -1 1266 579 1267 -1 1267 579 599 -1 1267 599 1287 -1 1287 599 598 -1 1287 598 1288 -1 1288 598 597 -1 1288 597 1289 -1 1289 597 608 -1 1289 608 1146 -1 1146 608 607 -1 1146 607 1147 -1 1147 607 606 -1 1147 606 1264 -1 1264 606 605 -1 1264 605 1265 -1 1265 605 604 -1 1265 604 1275 -1 1275 604 603 -1 1275 603 1276 -1 1276 603 596 -1 1276 596 1269 -1 1269 596 595 -1 1269 595 1270 -1 1270 595 594 -1 1270 594 1271 -1 1271 594 574 -1 1271 574 1284 -1 1284 574 568 -1 1284 568 1285 -1 1285 568 567 -1 1285 567 1286 -1 1286 567 572 -1 1286 572 1277 -1 1277 572 571 -1 1277 571 1278 -1 1278 571 566 -1 1278 566 1291 -1 1291 566 565 -1 1291 565 1292 -1 1292 565 590 -1 1292 590 1293 -1 1293 590 589 -1 1293 589 1294 -1 1294 589 588 -1 1294 588 1295 -1 1295 588 563 -1 1295 563 1296 -1 1296 563 562 -1 1368 628 1355 -1 1355 628 616 -1 1355 616 1356 -1 1356 616 615 -1 1356 615 1386 -1 1386 615 573 -1 1386 573 1387 -1 1387 573 576 -1 1387 576 1388 -1 1388 576 575 -1 1388 575 1377 -1 1377 575 611 -1 1377 611 1378 -1 1378 611 610 -1 1378 610 1379 -1 1379 610 609 -1 1379 609 1380 -1 1380 609 593 -1 1380 593 1381 -1 1381 593 592 -1 1381 592 1382 -1 1382 592 602 -1 1382 602 1383 -1 1383 602 601 -1 1383 601 1384 -1 1384 601 600 -1 1384 600 1385 -1 1385 600 583 -1 1385 583 1357 -1 1357 583 625 -1 1357 625 1358 -1 1358 625 624 -1 1358 624 1374 -1 1374 624 623 -1 1374 623 1375 -1 1375 623 637 -1 1375 637 1376 -1 1376 637 636 -1 1376 636 1371 -1 1371 636 635 -1 1371 635 1370 -1 1370 635 634 -1 1370 634 1369 -1 1369 634 633 -1 1369 633 1372 -1 1372 633 632 -1 1372 632 1373 -1 1373 632 629 -1 1373 629 1359 -1 1359 629 630 -1 1359 630 1360 -1 1360 630 631 -1 1360 631 1361 -1 1361 631 622 -1 1361 622 1362 -1 1362 622 621 -1 1362 621 1353 -1 1353 621 620 -1 1353 620 1354 -1 1354 620 619 -1 1354 619 1363 -1 1363 619 618 -1 1363 618 1364 -1 1364 618 617 -1 1364 617 1365 -1 1365 617 613 -1 1365 613 1366 -1 1366 613 612 -1 1366 612 1367 -1 1367 612 626 -1 1367 626 1368 -1 1368 626 628 -1 1340 536 1341 -1 1341 536 535 -1 1341 535 1332 -1 1332 535 534 -1 1332 534 1333 -1 1333 534 533 -1 1333 533 1334 -1 1334 533 544 -1 1334 544 1335 -1 1335 544 543 -1 1335 543 1342 -1 1342 543 542 -1 1342 542 1343 -1 1343 542 553 -1 1343 553 1344 -1 1344 553 552 -1 1344 552 1324 -1 1324 552 551 -1 1324 551 1325 -1 1325 551 530 -1 1325 530 1326 -1 1326 530 531 -1 1326 531 1336 -1 1336 531 532 -1 1336 532 1337 -1 1337 532 541 -1 1337 541 1338 -1 1338 541 521 -1 1338 521 1318 -1 1318 521 520 -1 1318 520 1319 -1 1319 520 550 -1 1319 550 1321 -1 1321 550 549 -1 1321 549 1327 -1 1327 549 548 -1 1327 548 1328 -1 1328 548 556 -1 1328 556 1329 -1 1329 556 555 -1 1329 555 1322 -1 1322 555 554 -1 1322 554 1323 -1 1323 554 547 -1 1323 547 1330 -1 1330 547 546 -1 1330 546 1331 -1 1331 546 545 -1 1331 545 1313 -1 1313 545 540 -1 1313 540 1314 -1 1314 540 539 -1 1314 539 1316 -1 1316 539 538 -1 1316 538 1317 -1 1317 538 537 -1 1317 537 1306 -1 1306 537 529 -1 1306 529 1307 -1 1307 529 528 -1 1307 528 1309 -1 1309 528 527 -1 1309 527 1310 -1 1310 527 526 -1 1310 526 1311 -1 1311 526 525 -1 1311 525 1312 -1 1312 525 523 -1 1312 523 1339 -1 1339 523 522 -1 1339 522 1340 -1 1340 522 536 -1 837 470 810 -1 810 470 469 -1 810 469 811 -1 811 469 460 -1 811 460 812 -1 812 460 459 -1 812 459 813 -1 813 459 484 -1 813 484 826 -1 826 484 483 -1 826 483 827 -1 827 483 479 -1 827 479 828 -1 828 479 478 -1 828 478 829 -1 829 478 482 -1 829 482 830 -1 830 482 481 -1 830 481 831 -1 831 481 480 -1 831 480 814 -1 814 480 477 -1 814 477 815 -1 815 477 476 -1 815 476 816 -1 816 476 475 -1 816 475 817 -1 817 475 455 -1 817 455 818 -1 818 455 454 -1 818 454 822 -1 822 454 495 -1 822 495 821 -1 821 495 494 -1 821 494 819 -1 819 494 493 -1 819 493 823 -1 823 493 489 -1 823 489 824 -1 824 489 488 -1 824 488 825 -1 825 488 486 -1 825 486 832 -1 832 486 485 -1 832 485 833 -1 833 485 492 -1 833 492 834 -1 834 492 491 -1 834 491 799 -1 799 491 490 -1 799 490 800 -1 800 490 468 -1 800 468 802 -1 802 468 467 -1 802 467 803 -1 803 467 465 -1 803 465 804 -1 804 465 464 -1 804 464 805 -1 805 464 463 -1 805 463 806 -1 806 463 462 -1 806 462 808 -1 808 462 461 -1 808 461 809 -1 809 461 458 -1 809 458 835 -1 835 458 457 -1 835 457 836 -1 836 457 471 -1 836 471 837 -1 837 471 470 -1 996 110 980 -1 980 110 109 -1 980 109 981 -1 981 109 104 -1 981 104 982 -1 982 104 103 -1 982 103 983 -1 983 103 102 -1 983 102 987 -1 987 102 101 -1 987 101 988 -1 988 101 100 -1 988 100 989 -1 989 100 99 -1 989 99 990 -1 990 99 98 -1 990 98 991 -1 991 98 97 -1 991 97 992 -1 992 97 96 -1 992 96 974 -1 974 96 95 -1 974 95 975 -1 975 95 94 -1 975 94 984 -1 984 94 93 -1 984 93 985 -1 985 93 90 -1 985 90 986 -1 986 90 91 -1 986 91 997 -1 997 91 92 -1 997 92 998 -1 998 92 108 -1 998 108 999 -1 999 108 107 -1 999 107 977 -1 977 107 106 -1 977 106 978 -1 978 106 86 -1 978 86 1010 -1 1010 86 88 -1 1010 88 1011 -1 1011 88 89 -1 1011 89 1012 -1 1012 89 472 -1 1012 472 1001 -1 1001 472 447 -1 1001 447 1002 -1 1002 447 446 -1 1002 446 1003 -1 1003 446 453 -1 1003 453 1004 -1 1004 453 452 -1 1004 452 1005 -1 1005 452 451 -1 1005 451 1006 -1 1006 451 445 -1 1006 445 1007 -1 1007 445 444 -1 1007 444 1008 -1 1008 444 450 -1 1008 450 1009 -1 1009 450 449 -1 1009 449 993 -1 993 449 448 -1 993 448 994 -1 994 448 113 -1 994 113 995 -1 995 113 112 -1 995 112 996 -1 996 112 110 -1 874 415 875 -1 875 415 434 -1 875 434 876 -1 876 434 433 -1 876 433 877 -1 877 433 432 -1 877 432 864 -1 864 432 431 -1 864 431 865 -1 865 431 430 -1 865 430 866 -1 866 430 414 -1 866 414 867 -1 867 414 413 -1 867 413 868 -1 868 413 425 -1 868 425 839 -1 839 425 424 -1 839 424 840 -1 840 424 423 -1 840 423 841 -1 841 423 412 -1 841 412 850 -1 850 412 411 -1 850 411 851 -1 851 411 429 -1 851 429 852 -1 852 429 428 -1 852 428 853 -1 853 428 422 -1 853 422 854 -1 854 422 421 -1 854 421 855 -1 855 421 443 -1 855 443 843 -1 843 443 442 -1 843 442 844 -1 844 442 440 -1 844 440 856 -1 856 440 439 -1 856 439 857 -1 857 439 438 -1 857 438 858 -1 858 438 436 -1 858 436 845 -1 845 436 435 -1 845 435 846 -1 846 435 408 -1 846 408 848 -1 848 408 407 -1 848 407 849 -1 849 407 420 -1 849 420 859 -1 859 420 419 -1 859 419 860 -1 860 419 418 -1 860 418 862 -1 862 418 406 -1 862 406 863 -1 863 406 405 -1 863 405 869 -1 869 405 403 -1 869 403 870 -1 870 403 427 -1 870 427 871 -1 871 427 426 -1 871 426 872 -1 872 426 417 -1 872 417 873 -1 873 417 416 -1 873 416 874 -1 874 416 415 -1 897 384 919 -1 919 384 383 -1 919 383 920 -1 920 383 382 -1 920 382 921 -1 921 382 373 -1 921 373 922 -1 922 373 372 -1 922 372 923 -1 923 372 371 -1 923 371 924 -1 924 371 362 -1 924 362 900 -1 900 362 361 -1 900 361 901 -1 901 361 370 -1 901 370 885 -1 885 370 369 -1 885 369 886 -1 886 369 381 -1 886 381 902 -1 902 381 380 -1 902 380 903 -1 903 380 368 -1 903 368 891 -1 891 368 367 -1 891 367 892 -1 892 367 400 -1 892 400 914 -1 914 400 399 -1 914 399 915 -1 915 399 398 -1 915 398 907 -1 907 398 397 -1 907 397 908 -1 908 397 396 -1 908 396 909 -1 909 396 395 -1 909 395 910 -1 910 395 394 -1 910 394 911 -1 911 394 393 -1 911 393 912 -1 912 393 391 -1 912 391 913 -1 913 391 390 -1 913 390 895 -1 895 390 386 -1 895 386 894 -1 894 386 385 -1 894 385 893 -1 893 385 359 -1 893 359 904 -1 904 359 358 -1 904 358 905 -1 905 358 379 -1 905 379 906 -1 906 379 378 -1 906 378 888 -1 888 378 377 -1 888 377 889 -1 889 377 376 -1 889 376 916 -1 916 376 375 -1 916 375 917 -1 917 375 374 -1 917 374 918 -1 918 374 365 -1 918 365 896 -1 896 365 389 -1 896 389 897 -1 897 389 384 -1 1032 57 1033 -1 1033 57 56 -1 1033 56 1021 -1 1021 56 55 -1 1021 55 1020 -1 1020 55 49 -1 1020 49 1019 -1 1019 49 48 -1 1019 48 1025 -1 1025 48 47 -1 1025 47 1026 -1 1026 47 43 -1 1026 43 1027 -1 1027 43 45 -1 1027 45 1028 -1 1028 45 46 -1 1028 46 1029 -1 1029 46 42 -1 1029 42 1030 -1 1030 42 41 -1 1030 41 1015 -1 1015 41 40 -1 1015 40 1016 -1 1016 40 36 -1 1016 36 1022 -1 1022 36 35 -1 1022 35 1023 -1 1023 35 34 -1 1023 34 1024 -1 1024 34 33 -1 1024 33 1034 -1 1034 33 32 -1 1034 32 1035 -1 1035 32 54 -1 1035 54 1036 -1 1036 54 53 -1 1036 53 1017 -1 1017 53 51 -1 1017 51 1018 -1 1018 51 50 -1 1018 50 1046 -1 1046 50 650 -1 1046 650 1047 -1 1047 650 649 -1 1047 649 1048 -1 1048 649 648 -1 1048 648 1037 -1 1037 648 647 -1 1037 647 1038 -1 1038 647 646 -1 1038 646 1039 -1 1039 646 645 -1 1039 645 1040 -1 1040 645 644 -1 1040 644 1041 -1 1041 644 643 -1 1041 643 1042 -1 1042 643 639 -1 1042 639 1043 -1 1043 639 638 -1 1043 638 1044 -1 1044 638 642 -1 1044 642 1045 -1 1045 642 641 -1 1045 641 1013 -1 1013 641 640 -1 1013 640 1014 -1 1014 640 38 -1 1014 38 1031 -1 1031 38 37 -1 1031 37 1032 -1 1032 37 57 -1 968 316 969 -1 969 316 315 -1 969 315 947 -1 947 315 321 -1 947 321 946 -1 946 321 320 -1 946 320 944 -1 944 320 348 -1 944 348 961 -1 961 348 347 -1 961 347 962 -1 962 347 340 -1 962 340 963 -1 963 340 339 -1 963 339 964 -1 964 339 346 -1 964 346 965 -1 965 346 345 -1 965 345 966 -1 966 345 344 -1 966 344 948 -1 948 344 338 -1 948 338 949 -1 949 338 337 -1 949 337 953 -1 953 337 336 -1 953 336 954 -1 954 336 343 -1 954 343 938 -1 938 343 342 -1 938 342 939 -1 939 342 335 -1 939 335 950 -1 950 335 334 -1 950 334 951 -1 951 334 354 -1 951 354 952 -1 952 354 353 -1 952 353 955 -1 955 353 352 -1 955 352 956 -1 956 352 351 -1 956 351 957 -1 957 351 350 -1 957 350 958 -1 958 350 349 -1 958 349 959 -1 959 349 332 -1 959 332 960 -1 960 332 331 -1 960 331 934 -1 934 331 327 -1 934 327 935 -1 935 327 326 -1 935 326 936 -1 936 326 325 -1 936 325 937 -1 937 325 324 -1 937 324 941 -1 941 324 323 -1 941 323 942 -1 942 323 330 -1 942 330 943 -1 943 330 329 -1 943 329 931 -1 931 329 328 -1 931 328 932 -1 932 328 319 -1 932 319 967 -1 967 319 318 -1 967 318 968 -1 968 318 316 -1 1212 270 1214 -1 1214 270 269 -1 1214 269 1215 -1 1215 269 262 -1 1215 262 1216 -1 1216 262 261 -1 1216 261 1217 -1 1217 261 289 -1 1217 289 1218 -1 1218 289 288 -1 1218 288 1208 -1 1208 288 287 -1 1208 287 1209 -1 1209 287 280 -1 1209 280 1210 -1 1210 280 279 -1 1210 279 1190 -1 1190 279 278 -1 1190 278 1191 -1 1191 278 259 -1 1191 259 1193 -1 1193 259 258 -1 1193 258 1194 -1 1194 258 267 -1 1194 267 1195 -1 1195 267 266 -1 1195 266 1197 -1 1197 266 276 -1 1197 276 1198 -1 1198 276 275 -1 1198 275 1199 -1 1199 275 274 -1 1199 274 1200 -1 1200 274 292 -1 1200 292 1201 -1 1201 292 291 -1 1201 291 1202 -1 1202 291 290 -1 1202 290 1203 -1 1203 290 286 -1 1203 286 1204 -1 1204 286 285 -1 1204 285 1205 -1 1205 285 284 -1 1205 284 1206 -1 1206 284 283 -1 1206 283 1207 -1 1207 283 282 -1 1207 282 1183 -1 1183 282 281 -1 1183 281 1184 -1 1184 281 273 -1 1184 273 1186 -1 1186 273 272 -1 1186 272 1187 -1 1187 272 271 -1 1187 271 1179 -1 1179 271 265 -1 1179 265 1180 -1 1180 265 264 -1 1180 264 1181 -1 1181 264 263 -1 1181 263 1182 -1 1182 263 254 -1 1182 254 1188 -1 1188 254 253 -1 1188 253 1189 -1 1189 253 257 -1 1189 257 1211 -1 1211 257 256 -1 1211 256 1212 -1 1212 256 270 -1 1408 678 1391 -1 1391 678 677 -1 1391 677 1392 -1 1392 677 658 -1 1392 658 1432 -1 1432 658 657 -1 1432 657 1433 -1 1433 657 237 -1 1433 237 1434 -1 1434 237 236 -1 1434 236 1420 -1 1420 236 223 -1 1420 223 1421 -1 1421 223 222 -1 1421 222 1422 -1 1422 222 235 -1 1422 235 1423 -1 1423 235 234 -1 1423 234 1424 -1 1424 234 233 -1 1424 233 1417 -1 1417 233 221 -1 1417 221 1418 -1 1418 221 220 -1 1418 220 1398 -1 1398 220 219 -1 1398 219 1399 -1 1399 219 206 -1 1399 206 1400 -1 1400 206 196 -1 1400 196 1401 -1 1401 196 676 -1 1401 676 1414 -1 1414 676 675 -1 1414 675 1415 -1 1415 675 674 -1 1415 674 1416 -1 1416 674 665 -1 1416 665 1411 -1 1411 665 664 -1 1411 664 1410 -1 1410 664 663 -1 1410 663 1409 -1 1409 663 662 -1 1409 662 1412 -1 1412 662 661 -1 1412 661 1413 -1 1413 661 660 -1 1413 660 1389 -1 1389 660 659 -1 1389 659 1390 -1 1390 659 669 -1 1390 669 1402 -1 1402 669 671 -1 1402 671 1397 -1 1397 671 666 -1 1397 666 1396 -1 1396 666 667 -1 1396 667 1394 -1 1394 667 668 -1 1394 668 1403 -1 1403 668 673 -1 1403 673 1404 -1 1404 673 672 -1 1404 672 1405 -1 1405 672 654 -1 1405 654 1406 -1 1406 654 653 -1 1406 653 1407 -1 1407 653 679 -1 1407 679 1408 -1 1408 679 678 -1 680 683 1471 -1 1471 683 1446 -1 682 1447 685 -1 685 1447 1446 -1 685 1446 683 -1 680 1471 681 -1 681 1471 1447 -1 681 1447 682 -1 179 178 1462 -1 1462 178 1449 -1 1450 1449 178 -1 178 194 1450 -1 1450 194 193 -1 1450 193 1480 -1 1480 193 18 -1 1480 18 1481 -1 1481 18 20 -1 1481 20 21 -1 21 177 1481 -1 1481 177 1472 -1 1472 177 686 -1 1472 686 1475 -1 179 1462 185 -1 185 1462 1470 -1 185 1470 183 -1 183 1470 1475 -1 183 1475 181 -1 181 1475 686 -1 1479 176 1477 -1 1477 176 174 -1 1477 174 172 -1 172 171 1477 -1 1477 171 1476 -1 171 176 1476 -1 1476 176 1479 -1 188 187 1467 -1 1467 187 1463 -1 187 186 1463 -1 1463 186 1466 -1 186 188 1466 -1 1466 188 1467 -1 516 515 1452 -1 1452 515 1453 -1 515 517 1453 -1 1453 517 1457 -1 517 516 1457 -1 1457 516 1452 -1 1168 3 1166 -1 1166 3 691 -1 1166 691 1165 -1 1165 691 689 -1 1165 689 1159 -1 1159 689 688 -1 1159 688 1160 -1 1160 688 627 -1 1160 627 1162 -1 1162 627 614 -1 687 684 1154 -1 1154 1345 687 -1 687 1345 1157 -1 687 1157 614 -1 614 1157 1442 -1 614 1442 1162 -1 4 3 1168 -1 1168 1170 4 -1 4 1170 1173 -1 4 1173 684 -1 684 1173 1174 -1 684 1174 1154 -1 154 156 1112 -1 1112 156 22 -1 1112 22 1105 -1 1105 22 170 -1 1105 170 169 -1 1105 169 1106 -1 1106 169 168 -1 1106 168 166 -1 154 1112 693 -1 693 1112 1106 -1 693 1106 164 -1 164 1106 166 -1 130 129 1115 -1 1115 129 1117 -1 1121 1117 129 -1 129 133 1121 -1 1121 133 137 -1 1121 137 1111 -1 157 1109 158 -1 158 1109 1111 -1 158 1111 159 -1 159 1111 137 -1 157 143 1109 -1 1109 143 1107 -1 1128 1107 143 -1 143 142 1128 -1 1128 142 146 -1 1128 146 1114 -1 130 1115 148 -1 148 1115 1114 -1 148 1114 147 -1 147 1114 146 -1 145 1126 151 -1 151 1126 1130 -1 151 1130 153 -1 145 144 1126 -1 1126 144 1127 -1 144 153 1127 -1 1127 153 1130 -1 126 136 1122 -1 1122 136 1120 -1 136 132 1120 -1 1120 132 1119 -1 132 126 1119 -1 1119 126 1122 -1 293 294 1132 -1 1132 294 1131 -1 294 295 1131 -1 1131 295 1103 -1 295 293 1103 -1 1103 293 1132 -1 1348 652 1426 -1 1426 652 651 -1 1426 651 1428 -1 1428 651 694 -1 1428 694 1430 -1 1430 694 161 -1 1430 161 1441 -1 1441 161 160 -1 1441 160 1437 -1 1437 160 1438 -1 670 652 1348 -1 1445 1438 160 -1 1348 1350 670 -1 670 1350 1352 -1 670 1352 160 -1 160 1352 1435 -1 160 1435 1445 -1 793 115 1059 -1 1059 115 114 -1 1059 114 1061 -1 1061 114 118 -1 1061 118 1063 -1 1063 118 117 -1 1063 117 1064 -1 1064 117 120 -1 1064 120 1053 -1 1053 120 27 -1 1053 27 1055 -1 1055 27 1049 -1 1049 27 1050 -1 1050 27 84 -1 85 759 84 -1 84 759 758 -1 84 758 1050 -1 115 793 105 -1 105 793 792 -1 105 792 85 -1 85 792 761 -1 85 761 759 -1 25 697 1071 -1 1071 697 1068 -1 1068 697 1069 -1 1069 697 696 -1 1069 696 695 -1 25 1071 26 -1 26 1071 1069 -1 26 1069 695 -1 505 504 1080 -1 1080 504 1076 -1 1067 1076 504 -1 504 0 1067 -1 1067 0 704 -1 1067 704 1065 -1 1065 704 703 -1 1065 703 1073 -1 1073 703 702 -1 1073 702 701 -1 701 700 1073 -1 1073 700 1074 -1 1074 700 699 -1 1074 699 1091 -1 505 1080 705 -1 705 1080 1079 -1 705 1079 123 -1 123 1079 1091 -1 123 1091 125 -1 125 1091 699 -1 122 1089 706 -1 706 1089 1093 -1 706 1093 707 -1 122 124 1089 -1 1089 124 1090 -1 124 707 1090 -1 1090 707 1093 -1 509 507 1078 -1 1078 507 1084 -1 507 506 1084 -1 1084 506 1077 -1 506 509 1077 -1 1077 509 1078 -1 496 498 1094 -1 1094 498 1095 -1 498 499 1095 -1 1095 499 1096 -1 499 496 1096 -1 1096 496 1094 -1 784 58 782 -1 782 58 60 -1 782 60 778 -1 778 60 62 -1 778 62 780 -1 780 62 52 -1 780 52 781 -1 781 52 31 -1 770 970 121 -1 121 970 773 -1 121 773 31 -1 31 773 775 -1 31 775 781 -1 58 784 786 -1 58 786 121 -1 121 786 787 -1 121 787 770 -1 65 71 744 -1 744 71 73 -1 744 73 746 -1 746 73 76 -1 746 76 77 -1 746 77 63 -1 746 63 745 -1 745 63 29 -1 745 29 28 -1 65 744 66 -1 66 744 745 -1 66 745 28 -1 711 712 734 -1 734 712 723 -1 723 712 724 -1 724 712 713 -1 80 753 81 -1 81 753 754 -1 81 754 717 -1 717 754 724 -1 717 724 714 -1 714 724 713 -1 80 75 753 -1 753 75 743 -1 743 75 722 -1 722 75 74 -1 711 734 710 -1 710 734 720 -1 710 720 709 -1 709 720 722 -1 709 722 708 -1 708 722 74 -1 719 750 718 -1 718 750 752 -1 718 752 715 -1 719 716 750 -1 750 716 748 -1 716 715 748 -1 748 715 752 -1 303 305 736 -1 736 305 739 -1 305 314 739 -1 739 314 735 -1 314 303 735 -1 735 303 736 -1 312 309 727 -1 727 309 729 -1 309 310 729 -1 729 310 726 -1 310 312 726 -1 726 312 727 -1 "
						                >
							<Coordinate DEF="coords_ME_OMLV4_Packing_-_For_Xander_-_ANAPG_82-1"
							            point="69.076660 98.102203 366.055145 69.076660 98.102203 369.997040 69.076660 96.223885 369.997040 69.076660 90.327484 345.654755 69.076660 90.682289 345.654755 69.076660 90.682289 349.591858 69.076660 97.338455 343.313721 69.076660 96.223885 343.760254 69.076660 96.223885 342.596558 69.076660 99.962585 346.025909 69.076660 98.102203 345.382874 69.076660 98.702065 344.575531 69.076660 101.106308 347.649017 69.076660 102.120758 349.427216 69.076660 98.102203 349.591858 69.076660 82.558006 381.492279 69.076660 82.654572 381.483673 69.076660 82.651756 381.552155 69.076660 91.364555 353.771790 69.076660 90.682289 353.771790 69.076660 90.682289 353.105225 69.076660 90.245682 352.678680 69.076660 82.654572 351.231079 69.076660 82.654572 353.771790 69.076660 82.255569 353.771790 69.076660 93.745300 374.623230 69.076660 96.223885 374.623230 69.076660 95.755173 378.114044 69.076660 80.991898 374.623230 69.076660 82.255569 374.623230 69.076660 82.255569 378.385956 69.076660 86.305656 380.008545 69.076660 84.266846 380.698822 69.076660 84.230591 380.621094 69.076660 84.181389 380.550812 69.076660 84.120735 380.490143 69.076660 84.050461 380.440948 69.076660 83.319748 380.952606 69.076660 83.341949 381.035461 69.076660 82.654572 381.172241 69.076660 83.972717 380.404694 69.076660 83.889854 380.382507 69.076660 83.804398 380.375031 69.076660 83.558334 380.440948 69.076660 82.654572 380.008545 69.076660 83.636086 380.404694 69.076660 83.718941 380.382507 69.076660 83.488068 380.490143 69.076660 83.427406 380.550812 69.076660 83.378204 380.621094 69.076660 84.266846 381.035461 69.076660 84.289047 380.952606 69.076660 88.151970 380.985229 69.076660 84.296524 380.867157 69.076660 84.289047 380.781677 69.076660 83.341949 380.698822 69.076660 83.319748 380.781677 69.076660 83.312271 380.867157 69.076660 88.151970 378.114044 69.076660 89.239731 378.385956 69.076660 88.151970 378.385956 69.076660 89.239731 380.008545 69.076660 88.151970 380.008545 69.076660 82.654572 374.623230 69.076660 82.654572 378.385956 69.076660 80.991898 370.870361 69.076660 80.991898 374.176971 69.076660 80.377258 374.176971 69.076660 80.377258 378.385956 69.076660 80.377258 369.997040 69.076660 82.255569 369.997040 69.076660 82.255569 372.137604 69.076660 82.654572 369.997040 69.076660 82.654572 372.537750 69.076660 84.412079 369.997040 69.076660 88.233780 373.730713 69.076660 84.289162 374.176971 69.076660 84.734161 374.623230 69.076660 89.239731 374.176971 69.076660 89.239731 369.997040 69.076660 88.233780 371.090149 69.076660 87.114899 369.997040 69.076660 96.223885 378.385956 69.076660 96.223885 380.008545 69.076660 95.241196 378.385956 69.076660 92.173805 380.008545 69.076660 95.137505 381.035461 69.076660 96.223885 381.172241 69.076660 95.101250 381.113220 69.076660 95.052048 381.183472 69.076660 95.052048 380.550812 69.076660 95.101250 380.621094 69.076660 95.137505 380.698822 69.076660 94.991394 380.490143 69.076660 94.921120 380.440948 69.076660 94.843376 380.404694 69.076660 94.760513 380.382507 69.076660 94.675056 380.375031 69.076660 94.589600 380.382507 69.076660 94.506744 380.404694 69.076660 94.428993 380.440948 69.076660 94.358727 380.490143 69.076660 94.298065 380.550812 69.076660 94.248863 380.621094 69.076660 94.212608 380.698822 69.076660 90.682289 380.797546 69.076660 95.159706 380.952606 69.076660 95.167183 380.867157 69.076660 95.159706 380.781677 69.076660 94.190407 380.781677 69.076660 94.182930 380.867157 69.076660 90.682289 381.172241 69.076660 94.190407 380.952606 69.076660 94.212608 381.035461 69.076660 90.327484 380.008545 69.076660 90.327484 380.985229 69.076660 89.239731 381.172241 69.076660 90.327484 378.114044 69.076660 90.327484 378.385956 69.076660 90.682289 374.176971 69.076660 90.682289 378.114044 69.076660 82.724281 378.114044 69.076660 95.894592 363.262299 69.076660 96.223885 365.249634 69.076660 90.245682 368.781067 69.076660 91.364555 369.997040 69.076660 76.646797 357.819763 69.076660 73.491699 361.884521 69.076660 73.491859 361.786621 69.076660 77.518532 360.506531 69.076660 80.221352 360.506531 69.076660 80.377258 361.884399 69.076660 79.812492 354.645111 69.076660 80.377258 357.713654 69.076660 73.585045 359.530273 69.076660 73.848763 357.299530 69.076660 76.646797 354.645111 69.076660 82.255569 355.878601 69.076660 80.377258 353.771790 69.076660 74.640358 353.766235 69.076660 74.280136 355.118744 69.076660 89.239731 353.771790 69.076660 87.114899 353.771790 69.076660 88.233780 352.678680 69.076660 88.233780 354.987732 69.076660 82.584869 360.506531 69.076660 82.654572 358.129364 69.076660 82.255569 358.519165 69.076660 80.377258 360.354218 69.076660 82.255569 361.884399 69.076660 82.654572 361.884399 69.076660 82.654572 360.506531 69.076660 89.239731 361.884399 69.076660 88.233780 360.506531 69.076660 84.734161 349.145599 69.076660 89.239731 349.591858 69.076660 84.289162 349.591858 69.076660 88.233780 350.038116 69.076660 84.412079 353.771790 69.076660 82.654572 355.488800 69.076660 82.724281 345.654755 69.076660 88.151970 345.654755 69.076660 89.239731 345.382874 69.076660 82.255569 345.382874 69.076660 82.255569 349.145599 69.076660 80.377258 345.382874 69.076660 80.991898 349.145599 69.076660 80.377258 349.591858 69.076660 80.991898 349.591858 69.076660 80.991898 352.898438 69.076660 82.255569 351.631195 69.076660 90.245682 354.987732 69.076660 90.245682 360.506531 69.076660 90.682289 361.884399 69.076660 90.682289 360.506531 69.076660 96.223885 361.884399 69.076660 95.894592 360.506531 69.076660 90.245682 350.038116 69.076660 98.258102 360.506531 69.076660 100.960930 360.506531 69.076660 104.987762 361.884125 69.076660 94.067383 353.771790 69.076660 96.223885 353.771790 69.076660 96.223885 355.878601 69.076660 98.102203 353.771790 69.076660 98.102203 357.713654 69.076660 98.666969 354.645111 69.076660 101.832657 357.819763 69.076660 101.832657 354.645111 69.076660 103.839699 353.768250 69.076660 104.285751 355.491364 69.076660 104.688408 357.682495 69.076660 104.922783 359.919403 69.076660 96.223885 358.519165 69.076660 98.102203 360.354218 69.076660 98.102203 361.884399 69.076660 84.230591 342.655609 69.076660 86.704170 342.094849 69.076660 86.781914 342.131104 69.076660 86.950233 341.176514 69.076660 86.864777 341.183990 69.076660 87.598328 340.348816 69.076660 86.487785 341.836975 69.076660 86.524040 341.914703 69.076660 85.974800 340.701355 69.076660 86.465584 341.754089 69.076660 84.181389 342.585358 69.076660 86.458107 341.668640 69.076660 86.573242 341.984985 69.076660 86.633904 342.045624 69.076660 87.118546 342.131104 69.076660 87.196297 342.094849 69.076660 89.239731 342.596558 69.076660 87.196297 341.242462 69.076660 87.118546 341.206207 69.076660 87.035690 341.183990 69.076660 86.781914 341.206207 69.076660 86.704170 341.242462 69.076660 86.633904 341.291656 69.076660 84.120735 342.524689 69.076660 84.050461 342.475494 69.076660 83.972717 342.439240 69.076660 83.636086 342.439240 69.076660 83.558334 342.475494 69.076660 82.851753 342.092316 69.076660 86.864777 342.153290 69.076660 86.950233 342.160767 69.076660 87.035690 342.153290 69.076660 86.573242 341.352325 69.076660 86.524040 341.422577 69.076660 84.386848 341.284637 69.076660 86.465584 341.583191 69.076660 86.487785 341.500336 69.076660 83.889854 342.417023 69.076660 83.804398 342.409546 69.076660 83.718941 342.417023 69.076660 83.488068 342.524689 69.076660 83.427406 342.585358 69.076660 82.647255 342.219513 69.076660 87.266563 342.045624 69.076660 87.327225 341.984985 69.076660 87.376427 341.914703 69.076660 87.412682 341.836975 69.076660 87.434883 341.754089 69.076660 87.442360 341.668640 69.076660 87.434883 341.583191 69.076660 89.239731 340.230865 69.076660 87.412682 341.500336 69.076660 87.376427 341.422577 69.076660 87.327225 341.352325 69.076660 87.266563 341.291656 69.076660 82.255569 342.596558 69.076660 82.240532 342.487061 69.076660 81.007950 344.864929 69.076660 81.057159 344.935181 69.076660 80.006294 344.343353 69.076660 80.949501 344.704315 69.076660 80.971703 344.787170 69.076660 81.602463 344.156403 69.076660 81.519608 344.134216 69.076660 81.386246 343.115631 69.076660 81.007950 344.372803 69.076660 80.971703 344.450531 69.076660 81.117813 344.995850 69.076660 81.188087 345.045044 69.076660 81.265831 345.081299 69.076660 81.750481 344.241882 69.076660 81.680214 344.192657 69.076660 82.255569 343.760254 69.076660 80.949501 344.533417 69.076660 80.942024 344.618866 69.076660 81.348694 345.103516 69.076660 81.434151 345.110992 69.076660 81.519608 345.103516 69.076660 81.896591 344.450531 69.076660 81.860344 344.372803 69.076660 81.811134 344.302521 69.076660 82.114067 342.574341 69.076660 81.434151 344.126740 69.076660 81.348694 344.134216 69.076660 81.265831 344.156403 69.076660 81.602463 345.081299 69.076660 81.680214 345.045044 69.076660 81.750481 344.995850 69.076660 81.811134 344.935181 69.076660 81.860344 344.864929 69.076660 81.896591 344.787170 69.076660 81.188087 344.192657 69.076660 81.117813 344.241882 69.076660 81.057159 344.302521 69.076660 81.918800 344.704315 69.076660 81.926277 344.618866 69.076660 81.918800 344.533417 69.076660 78.731163 350.059509 69.076660 78.731163 352.496613 69.076660 76.646797 352.496613 69.076660 74.874474 353.011658 69.076660 75.625298 351.001251 69.076660 76.524429 349.109375 69.076660 77.562073 347.356659 69.076660 78.726921 345.762207 69.076660 74.640099 370.001740 69.076660 74.236313 368.464050 69.076660 76.646797 369.123718 69.076660 73.819275 366.277985 69.076660 76.646797 365.949066 69.076660 73.570221 364.044067 69.076660 76.441040 374.501038 69.076660 75.554375 372.598083 69.076660 78.731163 373.709320 69.076660 76.646797 371.272217 69.076660 77.467133 376.266571 69.076660 78.731163 371.272217 69.076660 74.816788 370.578400 69.076660 79.812492 369.123718 69.076660 80.949501 379.064514 69.076660 80.942024 379.149963 69.076660 79.891464 379.310089 69.076660 80.949501 379.235413 69.076660 80.971703 379.318268 69.076660 81.007950 378.903900 69.076660 80.971703 378.981659 69.076660 81.263298 380.554932 69.076660 81.188087 379.576141 69.076660 81.265831 379.612396 69.076660 81.348694 379.634613 69.076660 81.434151 379.642090 69.076660 81.519608 379.634613 69.076660 81.007950 379.396027 69.076660 81.057159 379.466309 69.076660 81.117813 379.526947 69.076660 81.602463 379.612396 69.076660 81.680214 379.576141 69.076660 82.255569 380.008545 69.076660 81.918800 379.064514 69.076660 81.896591 378.981659 69.076660 81.750481 378.772980 69.076660 81.680214 378.723755 69.076660 81.602463 378.687500 69.076660 81.265831 378.687500 69.076660 81.188087 378.723755 69.076660 78.621468 377.875427 69.076660 81.860344 378.903900 69.076660 81.811134 378.833618 69.076660 81.519608 378.665314 69.076660 81.434151 378.657837 69.076660 81.348694 378.665314 69.076660 81.117813 378.772980 69.076660 81.057159 378.833618 69.076660 81.750481 379.526947 69.076660 81.811134 379.466309 69.076660 81.860344 379.396027 69.076660 81.896591 379.318268 69.076660 81.918800 379.235413 69.076660 81.926277 379.149963 69.076660 82.241814 381.282623 69.076660 82.112747 381.193573 69.076660 82.255569 381.172241 69.076660 86.950233 382.592316 69.076660 87.035690 382.584839 69.076660 87.456947 383.398743 69.076660 86.781914 381.637726 69.076660 86.704170 381.673981 69.076660 85.835808 383.026062 69.076660 84.251747 382.423096 69.076660 86.487785 382.268494 69.076660 89.239731 381.483673 69.076660 87.266563 381.723175 69.076660 87.196297 381.673981 69.076660 86.950233 381.608063 69.076660 86.864777 381.615540 69.076660 86.633904 381.723175 69.076660 86.573242 381.783844 69.076660 86.524040 381.854126 69.076660 86.524040 382.346252 69.076660 86.573242 382.416504 69.076660 86.633904 382.477173 69.076660 86.704170 382.526367 69.076660 86.781914 382.562622 69.076660 86.864777 382.584839 69.076660 87.118546 381.637726 69.076660 87.035690 381.615540 69.076660 86.487785 381.931854 69.076660 86.465584 382.014709 69.076660 86.458107 382.100189 69.076660 87.118546 382.562622 69.076660 87.196297 382.526367 69.076660 89.097511 383.537079 69.076660 82.722023 381.596375 69.076660 86.465584 382.185638 69.076660 87.266563 382.477173 69.076660 87.327225 382.416504 69.076660 89.240280 383.537964 69.076660 87.376427 382.346252 69.076660 87.412682 382.268494 69.076660 87.434883 382.185638 69.076660 87.442360 382.100189 69.076660 87.434883 382.014709 69.076660 87.412682 381.931854 69.076660 87.376427 381.854126 69.076660 87.327225 381.783844 69.076660 90.682289 381.483673 69.076660 90.682526 383.446869 69.076660 91.212891 382.477173 69.076660 90.739624 383.439514 69.076660 91.283165 382.526367 69.076660 91.360909 382.562622 69.076660 91.697540 382.562622 69.076660 91.775291 382.526367 69.076660 92.365395 383.107147 69.076660 95.907097 381.501495 69.076660 91.775291 381.673981 69.076660 91.697540 381.637726 69.076660 91.360909 381.637726 69.076660 91.283165 381.673981 69.076660 91.037102 382.100189 69.076660 91.044579 382.185638 69.076660 91.066780 382.268494 69.076660 91.443771 382.584839 69.076660 91.529228 382.592316 69.076660 91.614685 382.584839 69.076660 91.991669 381.931854 69.076660 91.955421 381.854126 69.076660 91.614685 381.615540 69.076660 91.529228 381.608063 69.076660 91.443771 381.615540 69.076660 91.103035 382.346252 69.076660 91.152237 382.416504 69.076660 91.906212 381.783844 69.076660 91.845558 381.723175 69.076660 91.212891 381.723175 69.076660 91.152237 381.783844 69.076660 91.103035 381.854126 69.076660 91.066780 381.931854 69.076660 91.044579 382.014709 69.076660 91.845558 382.477173 69.076660 91.906212 382.416504 69.076660 93.957115 382.543610 69.076660 91.955421 382.346252 69.076660 91.991669 382.268494 69.076660 92.013878 382.185638 69.076660 95.497452 381.755005 69.076660 92.021355 382.100189 69.076660 92.013878 382.014709 69.076660 94.428993 381.293335 69.076660 94.506744 381.329590 69.076660 94.843376 381.329590 69.076660 94.921120 381.293335 69.076660 94.248863 381.113220 69.076660 94.298065 381.183472 69.076660 94.358727 381.244141 69.076660 94.589600 381.351807 69.076660 94.675056 381.359283 69.076660 94.760513 381.351807 69.076660 97.471504 378.903900 69.076660 97.422302 378.833618 69.076660 98.102203 378.385956 69.076660 96.582863 379.318268 69.076660 96.619118 379.396027 69.076660 96.619118 378.903900 69.076660 96.582863 378.981659 69.076660 96.668320 379.466309 69.076660 96.728981 379.526947 69.076660 96.799248 379.576141 69.076660 96.876991 379.612396 69.076660 96.959854 379.634613 69.076660 96.969620 380.749969 69.076660 97.045311 379.642090 69.076660 97.130768 379.634613 69.076660 96.560661 379.064514 69.076660 96.553185 379.149963 69.076660 96.560661 379.235413 69.076660 94.991394 381.244141 69.076660 96.239227 381.281525 69.076660 96.365967 381.194092 69.076660 97.361641 378.772980 69.076660 97.291374 378.723755 69.076660 97.213631 378.687500 69.076660 96.876991 378.687500 69.076660 96.799248 378.723755 69.076660 97.130768 378.665314 69.076660 97.045311 378.657837 69.076660 96.959854 378.665314 69.076660 96.728981 378.772980 69.076660 96.668320 378.833618 69.076660 97.422302 379.466309 69.076660 97.471504 379.396027 69.076660 98.357582 379.539398 69.076660 97.507759 379.318268 69.076660 97.529961 379.235413 69.076660 97.213631 379.612396 69.076660 97.291374 379.576141 69.076660 97.361641 379.526947 69.076660 97.537437 379.149963 69.076660 97.529961 379.064514 69.076660 97.507759 378.981659 69.076660 99.748291 373.709320 69.076660 98.102203 374.176971 69.076660 99.748291 371.272217 69.076660 101.832657 371.272217 69.076660 102.782127 372.936188 69.076660 101.870605 374.816833 69.076660 100.821495 376.556580 69.076660 99.646217 378.136505 69.076660 100.960930 363.262299 69.076660 98.258102 363.262299 69.076660 98.666969 369.123718 69.076660 101.832657 369.123718 69.076660 103.838936 370.003143 69.076660 101.832657 365.949066 69.076660 104.986313 362.177734 69.076660 103.546120 370.935181 69.076660 104.878311 364.432861 69.076660 104.599953 366.660217 69.076660 104.154274 368.835541 69.076660 99.748291 350.059509 69.076660 99.748291 352.496613 69.076660 101.832657 352.496613 69.076660 102.994888 351.341095 69.076660 103.719185 353.369843 69.076660 97.471504 344.372803 69.076660 97.422302 344.302521 69.076660 96.560661 344.704315 69.076660 96.582863 344.787170 69.076660 96.223885 345.382874 69.076660 96.619118 344.864929 69.076660 96.668320 344.935181 69.076660 96.728981 344.995850 69.076660 96.799248 345.045044 69.076660 96.876991 345.081299 69.076660 97.130768 344.134216 69.076660 97.213631 344.156403 69.076660 97.291374 344.192657 69.076660 96.619118 344.372803 69.076660 96.582863 344.450531 69.076660 96.560661 344.533417 69.076660 96.553185 344.618866 69.076660 96.959854 345.103516 69.076660 97.045311 345.110992 69.076660 97.130768 345.103516 69.076660 97.213631 345.081299 69.076660 97.361641 344.241882 69.076660 96.799248 344.192657 69.076660 96.728981 344.241882 69.076660 96.668320 344.302521 69.076660 97.291374 345.045044 69.076660 97.361641 344.995850 69.076660 97.422302 344.935181 69.076660 97.537437 344.618866 69.076660 97.529961 344.533417 69.076660 97.507759 344.450531 69.076660 97.045311 344.126740 69.076660 96.959854 344.134216 69.076660 96.876991 344.156403 69.076660 97.471504 344.864929 69.076660 97.507759 344.787170 69.076660 97.529961 344.704315 69.076660 91.443771 341.183990 69.076660 91.163734 340.393097 69.076660 91.529228 341.176514 69.076660 91.614685 341.183990 69.076660 89.524155 340.234406 69.076660 91.037102 341.668640 69.076660 91.044579 341.754089 69.076660 90.682289 342.596558 69.076660 91.212891 342.045624 69.076660 91.283165 342.094849 69.076660 91.529228 342.160767 69.076660 91.614685 342.153290 69.076660 91.360909 341.206207 69.076660 91.283165 341.242462 69.076660 91.360909 342.131104 69.076660 91.443771 342.153290 69.076660 94.248863 342.655609 69.076660 91.697540 342.131104 69.076660 94.358727 342.524689 69.076660 94.298065 342.585358 69.076660 92.782364 340.785889 69.076660 91.697540 341.206207 69.076660 91.775291 341.242462 69.076660 91.212891 341.291656 69.076660 91.152237 341.352325 69.076660 91.103035 341.422577 69.076660 95.052048 342.585358 69.076660 95.886635 342.254181 69.076660 96.235336 342.484619 69.076660 91.066780 341.500336 69.076660 91.044579 341.583191 69.076660 91.066780 341.836975 69.076660 91.103035 341.914703 69.076660 91.152237 341.984985 69.076660 94.362396 341.408508 69.076660 94.760513 342.417023 69.076660 94.675056 342.409546 69.076660 91.775291 342.094849 69.076660 91.845558 342.045624 69.076660 91.906212 341.984985 69.076660 91.955421 341.422577 69.076660 91.906212 341.352325 69.076660 91.845558 341.291656 69.076660 94.991394 342.524689 69.076660 94.921120 342.475494 69.076660 94.843376 342.439240 69.076660 91.955421 341.914703 69.076660 91.991669 341.836975 69.076660 92.013878 341.754089 69.076660 92.021355 341.668640 69.076660 92.013878 341.583191 69.076660 91.991669 341.500336 69.076660 94.589600 342.417023 69.076660 94.506744 342.439240 69.076660 94.428993 342.475494 69.076660 94.212608 343.070007 69.076660 94.248863 343.147736 69.076660 92.173805 343.760254 69.076660 94.212608 342.733368 69.076660 94.190407 342.816223 69.076660 94.298065 343.218018 69.076660 94.358727 343.278656 69.076660 94.428993 343.327881 69.076660 94.506744 343.364136 69.076660 94.589600 343.386322 69.076660 94.675056 343.393799 69.076660 95.159706 342.816223 69.076660 95.137505 342.733368 69.076660 95.101250 342.655609 69.076660 94.190407 342.987122 69.076660 90.682289 342.971283 69.076660 94.182930 342.901672 69.076660 94.921120 343.327881 69.076660 94.843376 343.364136 69.076660 94.760513 343.386322 69.076660 94.991394 343.278656 69.076660 95.052048 343.218018 69.076660 95.101250 343.147736 69.076660 95.137505 343.070007 69.076660 95.159706 342.987122 69.076660 95.167183 342.901672 69.076660 83.558334 381.293335 69.076660 83.636086 381.329590 69.076660 83.378204 381.113220 69.076660 83.427406 381.183472 69.076660 83.488068 381.244141 69.076660 83.718941 381.351807 69.076660 83.804398 381.359283 69.076660 83.889854 381.351807 69.076660 83.972717 381.329590 69.076660 84.050461 381.293335 69.076660 84.120735 381.244141 69.076660 84.181389 381.183472 69.076660 84.230591 381.113220 69.076660 88.151970 343.760254 69.076660 88.151970 342.783600 69.076660 83.341949 343.070007 69.076660 83.378204 343.147736 69.076660 82.654572 343.760254 69.076660 82.654572 342.596558 69.076660 83.378204 342.655609 69.076660 83.341949 342.733368 69.076660 83.972717 343.364136 69.076660 84.050461 343.327881 69.076660 84.120735 343.278656 69.076660 84.181389 343.218018 69.076660 84.230591 343.147736 69.076660 84.266846 343.070007 69.076660 84.289047 342.987122 69.076660 83.718941 343.386322 69.076660 83.636086 343.364136 69.076660 83.558334 343.327881 69.076660 83.889854 343.386322 69.076660 86.305656 343.760254 69.076660 83.804398 343.393799 69.076660 83.427406 343.218018 69.076660 83.488068 343.278656 69.076660 84.296524 342.901672 69.076660 84.289047 342.816223 69.076660 84.266846 342.733368 69.076660 83.319748 342.816223 69.076660 83.312271 342.901672 69.076660 83.319748 342.987122 69.076660 97.487564 352.898438 69.076660 97.487564 349.591858 69.076660 97.487564 349.145599 69.076660 93.745300 349.145599 69.076660 95.755173 345.654755 69.076660 96.223885 349.145599 69.076660 90.682289 350.464661 69.076660 95.241196 345.382874 69.076660 90.327484 342.783600 69.076660 90.327484 343.760254 69.076660 89.239731 343.760254 69.076660 90.327484 345.382874 69.076660 82.654572 345.382874 69.076660 82.654572 349.145599 69.076660 88.151970 345.382874 69.076660 97.487564 374.623230 69.076660 97.487564 374.176971 69.076660 97.487564 370.870361 69.076660 90.682289 369.997040 69.076660 90.682289 370.663574 69.076660 90.245682 371.090149 69.076660 90.245682 373.730713 69.076660 90.682289 373.304138 69.076660 94.067383 369.997040 69.076660 96.223885 367.890198 69.076660 98.102203 363.414581 69.076660 90.682289 363.262299 69.076660 90.245682 363.262299 69.076660 82.654572 368.280029 69.076660 82.255569 367.890198 69.076660 80.377258 366.055145 69.076660 77.518532 363.262299 69.076660 80.221352 363.262299 69.076660 80.377258 363.414581 69.076660 82.255569 365.249634 69.076660 82.584869 363.262299 69.076660 88.233780 368.781067 69.076660 82.654572 365.639465 69.076660 82.654572 363.262299 69.076660 88.233780 363.262299 68.682961 80.402191 366.079529 68.682961 80.402191 369.997040 68.682961 84.412079 369.997040 68.682961 80.221352 363.262299 68.682961 80.402191 363.438965 68.682961 80.402191 362.081268 68.682961 76.646797 371.272217 68.682961 78.731163 371.272217 68.682961 80.402191 375.270233 68.682961 78.731163 373.709320 68.682961 76.861221 375.270233 68.682961 74.816788 370.578400 68.682961 75.554375 372.598083 68.682961 76.441040 374.501038 68.682961 77.518532 363.262299 68.682961 79.812492 369.123718 68.682961 76.646797 369.123718 68.682961 74.640099 370.001740 68.682961 73.492348 362.081268 68.682961 76.646797 365.949066 68.682961 73.570221 364.044067 68.682961 73.819275 366.277985 68.682961 74.236313 368.464050 68.682961 88.233780 373.730713 68.682961 80.991898 370.870361 68.682961 80.991898 374.623230 68.682961 84.734161 374.623230 68.682961 89.042877 375.270233 68.682961 88.233780 368.781067 68.682961 89.042877 369.997040 68.682961 88.233780 363.262299 68.682961 89.042877 362.081268 68.682961 82.584869 363.262299 68.682961 88.233780 371.090149 68.682961 87.114899 369.997040 68.682961 93.102142 381.483673 68.682961 93.102142 381.172241 68.682961 90.682289 381.172241 68.682961 95.241196 378.385956 68.682961 93.102142 379.517487 68.682961 93.102142 380.008545 68.682961 92.173805 380.008545 68.682961 82.558006 381.492279 68.682961 83.018280 381.483673 68.682961 83.018280 381.172241 68.682961 95.907097 381.501495 68.682961 96.169365 381.328918 68.682961 96.154182 381.172241 68.682961 83.018280 375.663940 68.682961 82.325279 375.663940 68.682961 82.724281 378.114044 68.682961 83.018280 378.385956 68.682961 83.018280 380.008545 68.682961 83.238266 378.385956 68.682961 85.377319 380.008545 68.682961 85.377319 379.517487 68.682961 89.042877 381.172241 68.682961 89.042877 380.008545 68.682961 88.151970 380.008545 68.682961 85.377319 381.172241 68.682961 88.151970 380.985229 68.682961 86.305656 380.008545 68.682961 88.151970 378.385956 68.682961 89.042877 378.385956 68.682961 88.151970 378.114044 68.682961 89.042877 375.663940 68.682961 85.377319 378.114044 68.682961 83.018280 378.114044 68.682961 85.377319 375.663940 68.682961 89.436577 381.172241 68.682961 89.436577 381.483673 68.682961 90.682289 381.483673 68.682961 90.682289 380.797546 68.682961 90.327484 380.985229 68.682961 96.154182 378.385956 68.682961 99.646217 378.136505 68.682961 96.154182 375.663940 68.682961 100.821495 376.556580 68.682961 101.387589 375.663940 68.682961 97.213631 379.612396 68.682961 97.130768 379.634613 68.682961 96.969620 380.749969 68.682961 97.045311 379.642090 68.682961 96.959854 379.634613 68.682961 96.876991 379.612396 68.682961 96.799248 379.576141 68.682961 96.728981 379.526947 68.682961 96.154182 380.008545 68.682961 96.668320 379.466309 68.682961 96.619118 379.396027 68.682961 96.560661 379.064514 68.682961 96.582863 378.981659 68.682961 96.619118 378.903900 68.682961 96.668320 378.833618 68.682961 97.213631 378.687500 68.682961 97.291374 378.723755 68.682961 97.361641 378.772980 68.682961 97.422302 378.833618 68.682961 97.471504 378.903900 68.682961 97.537437 379.149963 68.682961 98.357582 379.539398 68.682961 97.529961 379.064514 68.682961 97.507759 378.981659 68.682961 97.529961 379.235413 68.682961 97.507759 379.318268 68.682961 97.471504 379.396027 68.682961 96.728981 378.772980 68.682961 96.799248 378.723755 68.682961 96.876991 378.687500 68.682961 96.959854 378.665314 68.682961 97.045311 378.657837 68.682961 97.130768 378.665314 68.682961 97.422302 379.466309 68.682961 97.361641 379.526947 68.682961 97.291374 379.576141 68.682961 96.582863 379.318268 68.682961 96.560661 379.235413 68.682961 96.553185 379.149963 68.682961 96.365967 381.194092 68.682961 91.529228 381.608063 68.682961 91.614685 381.615540 68.682961 91.697540 381.637726 68.682961 93.957115 382.543610 68.682961 92.021355 382.100189 68.682961 92.013878 382.185638 68.682961 91.845558 382.477173 68.682961 91.775291 382.526367 68.682961 92.365395 383.107147 68.682961 91.697540 382.562622 68.682961 91.614685 382.584839 68.682961 91.775291 381.673981 68.682961 91.845558 381.723175 68.682961 91.906212 381.783844 68.682961 91.955421 381.854126 68.682961 91.991669 381.931854 68.682961 92.013878 382.014709 68.682961 91.991669 382.268494 68.682961 91.955421 382.346252 68.682961 91.906212 382.416504 68.682961 91.529228 382.592316 68.682961 91.443771 382.584839 68.682961 90.682289 383.065125 68.682961 91.360909 382.562622 68.682961 91.283165 382.526367 68.682961 91.152237 381.783844 68.682961 91.212891 381.723175 68.682961 91.283165 381.673981 68.682961 91.360909 381.637726 68.682961 91.443771 381.615540 68.682961 91.212891 382.477173 68.682961 91.152237 382.416504 68.682961 91.103035 382.346252 68.682961 91.066780 382.268494 68.682961 91.044579 382.185638 68.682961 91.037102 382.100189 68.682961 91.044579 382.014709 68.682961 91.066780 381.931854 68.682961 91.103035 381.854126 68.682961 87.456947 383.398743 68.682961 89.097511 383.537079 68.682961 89.239731 383.065125 68.682961 90.739624 383.439514 68.682961 89.436577 382.544128 68.682961 89.239731 382.544128 68.682961 89.042877 382.544128 68.682961 86.950233 381.608063 68.682961 87.035690 381.615540 68.682961 89.042877 381.483673 68.682961 86.704170 382.526367 68.682961 86.633904 382.477173 68.682961 85.835808 383.026062 68.682961 87.266563 381.723175 68.682961 87.327225 381.783844 68.682961 87.035690 382.584839 68.682961 87.118546 382.562622 68.682961 87.196297 382.526367 68.682961 86.465584 382.185638 68.682961 86.458107 382.100189 68.682961 84.251747 382.423096 68.682961 85.377319 381.483673 68.682961 86.781914 381.637726 68.682961 86.864777 381.615540 68.682961 87.118546 381.637726 68.682961 87.196297 381.673981 68.682961 86.950233 382.592316 68.682961 86.864777 382.584839 68.682961 86.781914 382.562622 68.682961 87.434883 382.014709 68.682961 87.442360 382.100189 68.682961 87.434883 382.185638 68.682961 87.412682 382.268494 68.682961 87.376427 382.346252 68.682961 87.327225 382.416504 68.682961 87.266563 382.477173 68.682961 87.376427 381.854126 68.682961 87.412682 381.931854 68.682961 86.573242 382.416504 68.682961 86.524040 382.346252 68.682961 86.487785 382.268494 68.682961 86.465584 382.014709 68.682961 86.487785 381.931854 68.682961 86.524040 381.854126 68.682961 86.573242 381.783844 68.682961 86.633904 381.723175 68.682961 86.704170 381.673981 68.682961 82.722023 381.596375 68.682961 82.312737 381.330688 68.682961 82.325279 381.172241 68.682961 82.112747 381.193573 68.682961 82.325279 380.008545 68.682961 81.263298 380.554932 68.682961 81.007950 379.396027 68.682961 80.971703 379.318268 68.682961 79.891464 379.310089 68.682961 81.519608 379.634613 68.682961 81.434151 379.642090 68.682961 81.348694 379.634613 68.682961 81.265831 379.612396 68.682961 81.860344 378.903900 68.682961 81.896591 378.981659 68.682961 82.325279 378.385956 68.682961 81.188087 379.576141 68.682961 81.117813 379.526947 68.682961 81.057159 379.466309 68.682961 81.057159 378.833618 68.682961 78.621468 377.875427 68.682961 81.007950 378.903900 68.682961 80.971703 378.981659 68.682961 81.602463 378.687500 68.682961 81.680214 378.723755 68.682961 81.918800 379.064514 68.682961 81.926277 379.149963 68.682961 81.918800 379.235413 68.682961 81.750481 378.772980 68.682961 81.811134 378.833618 68.682961 81.896591 379.318268 68.682961 81.860344 379.396027 68.682961 81.811134 379.466309 68.682961 81.750481 379.526947 68.682961 81.680214 379.576141 68.682961 81.602463 379.612396 68.682961 81.117813 378.772980 68.682961 81.188087 378.723755 68.682961 81.265831 378.687500 68.682961 81.348694 378.665314 68.682961 81.434151 378.657837 68.682961 81.519608 378.665314 68.682961 80.949501 379.235413 68.682961 80.942024 379.149963 68.682961 80.949501 379.064514 68.682961 83.018280 378.269592 68.682961 79.016945 375.663940 68.682961 77.467133 376.266571 68.682961 77.091866 375.663940 68.682961 94.843376 380.404694 68.682961 94.921120 380.440948 68.682961 95.461182 380.008545 68.682961 95.159706 380.952606 68.682961 95.137505 381.035461 68.682961 95.461182 381.172241 68.682961 94.190407 380.781677 68.682961 94.212608 380.698822 68.682961 94.248863 380.621094 68.682961 94.298065 380.550812 68.682961 94.991394 380.490143 68.682961 95.052048 380.550812 68.682961 95.101250 380.621094 68.682961 94.358727 380.490143 68.682961 94.428993 380.440948 68.682961 94.506744 380.404694 68.682961 94.589600 380.382507 68.682961 94.675056 380.375031 68.682961 94.760513 380.382507 68.682961 94.248863 381.113220 68.682961 94.212608 381.035461 68.682961 94.190407 380.952606 68.682961 94.182930 380.867157 68.682961 95.137505 380.698822 68.682961 95.159706 380.781677 68.682961 95.167183 380.867157 68.682961 95.461182 381.483673 68.682961 94.921120 381.293335 68.682961 94.843376 381.329590 68.682961 94.760513 381.351807 68.682961 94.675056 381.359283 68.682961 94.589600 381.351807 68.682961 94.506744 381.329590 68.682961 94.428993 381.293335 68.682961 94.358727 381.244141 68.682961 94.298065 381.183472 68.682961 95.101250 381.113220 68.682961 95.052048 381.183472 68.682961 94.991394 381.244141 68.682961 83.378204 381.113220 68.682961 83.341949 381.035461 68.682961 83.972717 380.404694 68.682961 84.050461 380.440948 68.682961 84.289047 380.952606 68.682961 84.266846 381.035461 68.682961 83.427406 380.550812 68.682961 83.378204 380.621094 68.682961 83.341949 380.698822 68.682961 84.120735 380.490143 68.682961 84.181389 380.550812 68.682961 84.230591 380.621094 68.682961 83.488068 380.490143 68.682961 83.558334 380.440948 68.682961 83.636086 380.404694 68.682961 83.718941 380.382507 68.682961 83.804398 380.375031 68.682961 83.889854 380.382507 68.682961 83.319748 380.952606 68.682961 83.312271 380.867157 68.682961 83.319748 380.781677 68.682961 84.266846 380.698822 68.682961 84.289047 380.781677 68.682961 84.296524 380.867157 68.682961 84.050461 381.293335 68.682961 83.972717 381.329590 68.682961 83.889854 381.351807 68.682961 83.804398 381.359283 68.682961 83.718941 381.351807 68.682961 83.636086 381.329590 68.682961 83.558334 381.293335 68.682961 83.488068 381.244141 68.682961 83.427406 381.183472 68.682961 84.230591 381.113220 68.682961 84.181389 381.183472 68.682961 84.120735 381.244141 68.682961 95.755173 378.114044 68.682961 95.461182 378.269592 68.682961 95.461182 378.385956 68.682961 90.682289 375.663940 68.682961 93.102142 378.114044 68.682961 93.102142 375.663940 68.682961 95.461182 378.114044 68.682961 95.461182 375.663940 68.682961 95.497452 381.755005 68.682961 89.436577 380.008545 68.682961 90.327484 380.008545 68.682961 89.436577 378.385956 68.682961 90.327484 378.385956 68.682961 89.436577 375.663940 68.682961 90.327484 378.114044 68.682961 90.682289 378.114044 68.682961 94.067383 369.997040 68.682961 98.077263 369.997040 68.682961 98.077263 366.079529 68.682961 97.487564 370.870361 68.682961 97.487564 374.623230 68.682961 98.077263 375.270233 68.682961 93.745300 374.623230 68.682961 89.436577 375.270233 68.682961 90.245682 373.730713 68.682961 90.245682 371.090149 68.682961 89.436577 369.997040 68.682961 100.960930 363.262299 68.682961 98.666969 369.123718 68.682961 101.832657 365.949066 68.682961 98.077263 363.438965 68.682961 98.258102 363.262299 68.682961 98.077263 362.081268 68.682961 104.987106 362.081268 68.682961 104.986313 362.177734 68.682961 101.832657 369.123718 68.682961 103.838936 370.003143 68.682961 104.154274 368.835541 68.682961 104.599953 366.660217 68.682961 104.878311 364.432861 68.682961 95.894592 363.262299 68.682961 90.245682 368.781067 68.682961 91.364555 369.997040 68.682961 89.436577 362.081268 68.682961 90.245682 363.262299 68.682961 99.748291 373.709320 68.682961 99.748291 371.272217 68.682961 101.832657 371.272217 68.682961 103.546120 370.935181 68.682961 101.618233 375.270233 68.682961 101.870605 374.816833 68.682961 102.782127 372.936188 68.682961 74.874474 353.011658 68.682961 74.640358 353.766235 68.682961 76.646797 352.496613 68.682961 80.402191 353.771790 68.682961 80.991898 352.898438 68.682961 80.991898 349.145599 68.682961 88.233780 352.678680 68.682961 89.042877 353.771790 68.682961 88.233780 350.038116 68.682961 89.042877 346.587524 68.682961 84.412079 353.771790 68.682961 84.734161 349.145599 68.682961 80.402191 346.587524 68.682961 80.402191 360.329865 68.682961 80.221352 360.506531 68.682961 80.402191 361.687561 68.682961 77.518532 360.506531 68.682961 73.492348 361.687561 68.682961 79.812492 354.645111 68.682961 76.646797 354.645111 68.682961 80.402191 357.689301 68.682961 76.646797 357.819763 68.682961 74.280136 355.118744 68.682961 73.848763 357.299530 68.682961 73.585045 359.530273 68.682961 82.584869 360.506531 68.682961 88.233780 354.987732 68.682961 87.114899 353.771790 68.682961 89.042877 361.687561 68.682961 88.233780 360.506531 68.682961 78.731163 352.496613 68.682961 78.731163 350.059509 68.682961 78.093658 346.587524 68.682961 77.562073 347.356659 68.682961 76.524429 349.109375 68.682961 75.625298 351.001251 68.682961 93.102142 342.596558 68.682961 93.102142 342.285156 68.682961 90.682289 342.285156 68.682961 89.042877 342.596558 68.682961 89.042877 342.285156 68.682961 85.377319 342.285156 68.682961 95.930908 342.282654 68.682961 95.461182 342.285156 68.682961 95.461182 342.596558 68.682961 92.013878 341.583191 68.682961 92.021355 341.668640 68.682961 94.362396 341.408508 68.682961 82.565987 342.271423 68.682961 82.310913 342.439362 68.682961 82.325279 342.596558 68.682961 95.461182 346.193848 68.682961 96.154182 346.193848 68.682961 95.755173 345.654755 68.682961 95.461182 345.382874 68.682961 95.461182 343.760254 68.682961 95.241196 345.382874 68.682961 93.102142 343.760254 68.682961 90.327484 342.783600 68.682961 90.682289 342.971283 68.682961 90.682289 342.596558 68.682961 92.173805 343.760254 68.682961 89.436577 342.596558 68.682961 89.436577 343.760254 68.682961 90.327484 343.760254 68.682961 90.327484 345.382874 68.682961 89.436577 345.382874 68.682961 90.327484 345.654755 68.682961 89.436577 346.193848 68.682961 90.682289 345.654755 68.682961 90.682289 346.193848 68.682961 93.102142 346.193848 68.682961 93.102142 345.654755 68.682961 95.461182 345.654755 68.682961 79.649620 344.708984 68.682961 78.726921 345.762207 68.682961 79.664505 345.382874 68.682961 78.386986 346.193848 68.682961 81.265831 345.081299 68.682961 81.188087 345.045044 68.682961 81.117813 344.995850 68.682961 81.057159 344.935181 68.682961 81.602463 345.081299 68.682961 81.519608 345.103516 68.682961 82.325279 345.382874 68.682961 81.434151 345.110992 68.682961 81.348694 345.103516 68.682961 81.007950 344.864929 68.682961 80.971703 344.787170 68.682961 81.434151 344.126740 68.682961 81.519608 344.134216 68.682961 81.386246 343.115631 68.682961 81.602463 344.156403 68.682961 81.680214 344.192657 68.682961 81.750481 344.241882 68.682961 82.325279 343.760254 68.682961 81.811134 344.302521 68.682961 81.860344 344.372803 68.682961 81.896591 344.450531 68.682961 81.918800 344.533417 68.682961 81.926277 344.618866 68.682961 81.918800 344.704315 68.682961 81.896591 344.787170 68.682961 81.860344 344.864929 68.682961 81.811134 344.935181 68.682961 81.750481 344.995850 68.682961 81.680214 345.045044 68.682961 81.188087 344.192657 68.682961 81.265831 344.156403 68.682961 81.348694 344.134216 68.682961 80.949501 344.704315 68.682961 80.942024 344.618866 68.682961 80.006294 344.343353 68.682961 80.949501 344.533417 68.682961 80.971703 344.450531 68.682961 81.007950 344.372803 68.682961 81.057159 344.302521 68.682961 81.117813 344.241882 68.682961 82.114067 342.574341 68.682961 86.704170 342.094849 68.682961 86.633904 342.045624 68.682961 86.781914 342.131104 68.682961 87.266563 342.045624 68.682961 87.196297 342.094849 68.682961 87.118546 342.131104 68.682961 87.035690 342.153290 68.682961 86.950233 342.160767 68.682961 86.864777 342.153290 68.682961 87.434883 341.754089 68.682961 87.412682 341.836975 68.682961 85.974800 340.701355 68.682961 86.781914 341.206207 68.682961 87.598328 340.348816 68.682961 86.864777 341.183990 68.682961 86.950233 341.176514 68.682961 87.035690 341.183990 68.682961 87.118546 341.206207 68.682961 87.376427 341.422577 68.682961 87.412682 341.500336 68.682961 89.239731 340.230865 68.682961 87.434883 341.583191 68.682961 87.442360 341.668640 68.682961 87.376427 341.914703 68.682961 87.327225 341.984985 68.682961 86.487785 341.836975 68.682961 86.465584 341.754089 68.682961 87.196297 341.242462 68.682961 87.266563 341.291656 68.682961 87.327225 341.352325 68.682961 86.573242 341.984985 68.682961 86.524040 341.914703 68.682961 86.573242 341.352325 68.682961 86.633904 341.291656 68.682961 86.704170 341.242462 68.682961 86.458107 341.668640 68.682961 86.465584 341.583191 68.682961 84.386848 341.284637 68.682961 86.487785 341.500336 68.682961 86.524040 341.422577 68.682961 89.042877 341.277313 68.682961 89.239731 341.277313 68.682961 89.524155 340.234406 68.682961 89.436577 341.277313 68.682961 92.013878 341.754089 68.682961 91.991669 341.836975 68.682961 91.775291 341.242462 68.682961 91.845558 341.291656 68.682961 92.782364 340.785889 68.682961 91.845558 342.045624 68.682961 91.775291 342.094849 68.682961 91.697540 342.131104 68.682961 91.360909 341.206207 68.682961 91.443771 341.183990 68.682961 91.163734 340.393097 68.682961 91.955421 341.914703 68.682961 91.906212 341.984985 68.682961 91.360909 342.131104 68.682961 91.283165 342.094849 68.682961 91.152237 341.352325 68.682961 91.212891 341.291656 68.682961 91.529228 341.176514 68.682961 91.614685 341.183990 68.682961 91.697540 341.206207 68.682961 91.614685 342.153290 68.682961 91.529228 342.160767 68.682961 91.443771 342.153290 68.682961 91.906212 341.352325 68.682961 91.955421 341.422577 68.682961 91.991669 341.500336 68.682961 91.283165 341.242462 68.682961 91.212891 342.045624 68.682961 91.152237 341.984985 68.682961 91.103035 341.914703 68.682961 91.066780 341.836975 68.682961 91.044579 341.754089 68.682961 91.037102 341.668640 68.682961 91.044579 341.583191 68.682961 91.066780 341.500336 68.682961 91.103035 341.422577 68.682961 95.886635 342.254181 68.682961 96.163841 342.436188 68.682961 96.154182 342.596558 68.682961 96.369781 342.577393 68.682961 96.154182 343.760254 68.682961 97.338455 343.313721 68.682961 96.876991 345.081299 68.682961 96.799248 345.045044 68.682961 96.154182 345.382874 68.682961 96.728981 344.995850 68.682961 96.668320 344.935181 68.682961 96.619118 344.864929 68.682961 96.582863 344.787170 68.682961 97.213631 345.081299 68.682961 97.130768 345.103516 68.682961 99.962585 346.025909 68.682961 97.045311 345.110992 68.682961 96.959854 345.103516 68.682961 97.471504 344.372803 68.682961 97.507759 344.450531 68.682961 98.702065 344.575531 68.682961 97.529961 344.533417 68.682961 97.471504 344.864929 68.682961 97.422302 344.935181 68.682961 97.045311 344.126740 68.682961 97.130768 344.134216 68.682961 97.213631 344.156403 68.682961 97.537437 344.618866 68.682961 97.529961 344.704315 68.682961 97.507759 344.787170 68.682961 97.361641 344.995850 68.682961 97.291374 345.045044 68.682961 96.582863 344.450531 68.682961 96.619118 344.372803 68.682961 96.668320 344.302521 68.682961 96.728981 344.241882 68.682961 97.291374 344.192657 68.682961 97.361641 344.241882 68.682961 97.422302 344.302521 68.682961 96.560661 344.704315 68.682961 96.553185 344.618866 68.682961 96.560661 344.533417 68.682961 96.799248 344.192657 68.682961 96.876991 344.156403 68.682961 96.959854 344.134216 68.682961 95.461182 345.499237 68.682961 100.092476 346.193848 68.682961 89.436577 342.285156 68.682961 88.151970 342.783600 68.682961 85.377319 342.596558 68.682961 86.305656 343.760254 68.682961 85.377319 343.760254 68.682961 85.377319 344.251343 68.682961 94.506744 343.364136 68.682961 94.428993 343.327881 68.682961 94.190407 342.816223 68.682961 94.212608 342.733368 68.682961 95.101250 342.655609 68.682961 95.137505 342.733368 68.682961 94.843376 343.364136 68.682961 94.760513 343.386322 68.682961 94.675056 343.393799 68.682961 94.589600 343.386322 68.682961 94.358727 343.278656 68.682961 94.298065 343.218018 68.682961 94.248863 343.147736 68.682961 94.212608 343.070007 68.682961 94.190407 342.987122 68.682961 94.182930 342.901672 68.682961 95.052048 343.218018 68.682961 95.101250 343.147736 68.682961 95.137505 343.070007 68.682961 94.991394 343.278656 68.682961 94.921120 343.327881 68.682961 95.159706 342.816223 68.682961 95.167183 342.901672 68.682961 95.159706 342.987122 68.682961 94.428993 342.475494 68.682961 94.506744 342.439240 68.682961 94.589600 342.417023 68.682961 94.675056 342.409546 68.682961 94.760513 342.417023 68.682961 94.843376 342.439240 68.682961 94.921120 342.475494 68.682961 94.991394 342.524689 68.682961 95.052048 342.585358 68.682961 94.248863 342.655609 68.682961 94.298065 342.585358 68.682961 94.358727 342.524689 68.682961 83.972717 343.364136 68.682961 83.889854 343.386322 68.682961 83.319748 342.816223 68.682961 83.341949 342.733368 68.682961 83.018280 342.596558 68.682961 83.558334 343.327881 68.682961 83.018280 343.760254 68.682961 83.636086 343.364136 68.682961 83.718941 343.386322 68.682961 84.120735 342.524689 68.682961 84.181389 342.585358 68.682961 84.230591 342.655609 68.682961 84.266846 342.733368 68.682961 83.804398 343.393799 68.682961 83.488068 343.278656 68.682961 83.427406 343.218018 68.682961 83.378204 343.147736 68.682961 83.341949 343.070007 68.682961 83.319748 342.987122 68.682961 83.312271 342.901672 68.682961 84.181389 343.218018 68.682961 84.230591 343.147736 68.682961 84.266846 343.070007 68.682961 84.120735 343.278656 68.682961 84.050461 343.327881 68.682961 84.289047 342.816223 68.682961 84.296524 342.901672 68.682961 84.289047 342.987122 68.682961 83.972717 342.439240 68.682961 84.050461 342.475494 68.682961 83.018280 342.285156 68.682961 83.558334 342.475494 68.682961 83.636086 342.439240 68.682961 83.718941 342.417023 68.682961 83.804398 342.409546 68.682961 83.889854 342.417023 68.682961 89.042877 343.760254 68.682961 88.151970 343.760254 68.682961 89.042877 345.382874 68.682961 88.151970 345.382874 68.682961 89.042877 346.193848 68.682961 88.151970 345.654755 68.682961 85.377319 346.193848 68.682961 83.378204 342.655609 68.682961 83.427406 342.585358 68.682961 83.488068 342.524689 68.682961 83.238266 345.382874 68.682961 83.018280 345.382874 68.682961 83.018280 345.654755 68.682961 82.724281 345.654755 68.682961 82.325279 346.193848 68.682961 83.018280 346.193848 68.682961 85.377319 345.654755 68.682961 93.102142 344.251343 68.682961 82.851753 342.092316 68.682961 79.664505 346.193848 68.682961 83.018280 345.499237 68.682961 93.745300 349.145599 68.682961 97.487564 349.145599 68.682961 98.077263 346.587524 68.682961 98.258102 360.506531 68.682961 98.077263 360.329865 68.682961 98.077263 361.687561 68.682961 99.748291 352.496613 68.682961 99.748291 350.059509 68.682961 103.839699 353.768250 68.682961 103.719185 353.369843 68.682961 98.077263 353.771790 68.682961 101.832657 352.496613 68.682961 100.385796 346.587524 68.682961 101.106308 347.649017 68.682961 102.120758 349.427216 68.682961 102.994888 351.341095 68.682961 100.960930 360.506531 68.682961 101.832657 357.819763 68.682961 104.987106 361.687561 68.682961 104.922783 359.919403 68.682961 98.666969 354.645111 68.682961 101.832657 354.645111 68.682961 104.285751 355.491364 68.682961 104.688408 357.682495 68.682961 98.077263 357.689301 68.682961 97.487564 352.898438 68.682961 90.245682 350.038116 68.682961 89.436577 346.587524 68.682961 89.436577 353.771790 68.682961 94.067383 353.771790 68.682961 90.245682 354.987732 68.682961 90.245682 360.506531 68.682961 89.436577 361.687561 68.682961 95.894592 360.506531 68.682961 91.364555 353.771790 68.682961 90.245682 352.678680 45.060913 94.392593 372.703979 45.060913 94.406464 372.862518 45.060913 100.016129 372.802429 45.060913 89.042877 379.241058 45.060913 88.122444 380.225708 45.060913 89.436577 379.241058 45.060913 89.637161 380.281799 45.060913 91.146797 380.102173 45.060913 99.049675 374.407135 45.060913 96.828056 367.502350 45.060913 96.756203 367.348236 45.060913 93.805756 372.004608 45.060913 96.753647 377.116608 45.060913 97.957520 375.851349 45.060913 94.192871 373.449341 45.060913 94.080345 373.561890 45.060913 93.949982 373.653168 45.060913 95.453491 378.186676 45.060913 93.805756 373.720428 45.060913 94.073708 379.047852 45.060913 89.042877 362.081268 45.060913 85.298195 372.004608 45.060913 85.442429 372.071869 45.060913 94.392593 373.021057 45.060913 94.351402 373.174774 45.060913 94.284149 373.319000 45.060913 93.037033 372.071869 45.060913 93.181259 372.004608 45.060913 89.436577 362.081268 45.060913 93.334976 371.963440 45.060913 94.080345 372.163147 45.060913 97.672791 367.990051 45.060913 97.503410 367.975220 45.060913 98.160500 367.859375 45.060913 98.006401 367.931213 45.060913 85.885033 373.021057 45.060913 85.843842 373.174774 45.060913 85.776588 373.319000 45.060913 85.685310 373.449341 45.060913 85.572784 372.163147 45.060913 85.685310 372.275696 45.060913 85.776588 372.406036 45.060913 93.652039 373.761597 45.060913 93.493507 373.775482 45.060913 92.631989 379.689087 45.060913 93.334976 373.761597 45.060913 93.181259 373.720428 45.060913 93.037033 373.653168 45.060913 92.906670 373.561890 45.060913 92.635612 372.550262 45.060913 92.702866 372.406036 45.060913 96.712196 367.184021 45.060913 96.697380 367.014648 45.060913 96.712196 366.845276 45.060913 98.299774 367.761841 45.060913 100.844490 371.057831 45.060913 98.419998 367.641632 45.060913 101.524147 369.195648 45.060913 98.517525 367.502350 45.060913 85.572784 373.561890 45.060913 85.442429 373.653168 45.060913 85.298195 373.720428 45.060913 86.622040 379.934540 45.060913 85.144485 373.761597 45.060913 85.155174 379.412109 45.060913 84.985947 373.775482 45.060913 83.740654 378.665070 45.060913 92.794144 372.275696 45.060913 92.906670 372.163147 45.060913 102.046387 367.239807 45.060913 98.633385 367.184021 45.060913 98.589378 367.348236 45.060913 84.827415 373.761597 45.060913 84.673698 373.720428 45.060913 82.396599 377.703003 45.060913 84.529472 373.653168 45.060913 81.140228 376.538239 45.060913 85.843842 372.550262 45.060913 85.885033 372.703979 45.060913 85.898903 372.862518 45.060913 92.794144 373.449341 45.060913 92.702866 373.319000 45.060913 92.635612 373.174774 45.060913 96.828056 366.526947 45.060913 96.925583 366.387665 45.060913 97.045807 366.267426 45.060913 97.185089 366.169922 45.060913 97.339180 367.931213 45.060913 97.185089 367.859375 45.060913 93.949982 372.071869 45.060913 97.045807 367.761841 45.060913 96.925583 367.641632 45.060913 84.399117 372.163147 45.060913 84.529472 372.071869 45.060913 81.723251 366.681030 45.060913 84.673698 372.004608 45.060913 81.651398 366.526947 45.060913 92.594421 373.021057 45.060913 92.580551 372.862518 45.060913 92.594421 372.703979 45.060913 102.624786 362.081268 45.060913 97.842171 366.054047 45.060913 98.006401 366.098053 45.060913 102.404526 365.215363 45.060913 102.593964 363.148193 45.060913 98.517525 366.526947 45.060913 98.589378 366.681030 45.060913 98.633385 366.845276 45.060913 98.648201 367.014648 45.060913 97.842171 367.975220 45.060913 94.192871 372.275696 45.060913 94.284149 372.406036 45.060913 94.351402 372.550262 45.060913 84.072998 372.862518 45.060913 84.086868 372.703979 45.060913 81.782082 367.014648 45.060913 84.128052 372.550262 45.060913 84.195305 372.406036 45.060913 81.767258 366.845276 45.060913 84.286591 372.275696 45.060913 76.241936 366.283905 45.060913 76.686829 368.275574 45.060913 79.846069 367.184021 45.060913 96.756203 366.681030 45.060913 93.652039 371.963440 45.060913 93.493507 371.949554 45.060913 97.339180 366.098053 45.060913 97.503410 366.054047 45.060913 97.672791 366.039215 45.060913 81.767258 367.184021 45.060913 84.128052 373.174774 45.060913 84.086868 373.021057 45.060913 81.723251 367.348236 45.060913 81.651398 367.502350 45.060913 81.553871 367.641632 45.060913 81.433647 367.761841 45.060913 81.294373 367.859375 45.060913 84.195305 373.319000 45.060913 79.831253 367.014648 45.060913 79.846069 366.845276 45.060913 75.963593 364.235870 45.060913 81.140274 366.098053 45.060913 81.294373 366.169922 45.060913 98.160500 366.169922 45.060913 98.299774 366.267426 45.060913 98.419998 366.387665 45.060913 84.399117 373.561890 45.060913 84.286591 373.449341 45.060913 75.854668 362.081268 45.060913 80.318962 366.169922 45.060913 80.473053 366.098053 45.060913 80.179680 367.761841 45.060913 77.292580 370.185364 45.060913 80.318962 367.859375 45.060913 78.051422 371.988739 45.060913 80.473053 367.931213 45.060913 78.953636 373.662689 45.060913 80.637283 367.975220 45.060913 79.987656 375.185669 45.060913 80.806664 367.990051 45.060913 80.976044 367.975220 45.060913 81.140274 367.931213 45.060913 80.059456 367.641632 45.060913 79.961929 367.502350 45.060913 79.890076 367.348236 45.060913 79.890076 366.681030 45.060913 79.961929 366.526947 45.060913 75.855377 362.157684 45.060913 80.059456 366.387665 45.060913 80.179680 366.267426 45.060913 80.637283 366.054047 45.060913 80.806664 366.039215 45.060913 80.976044 366.054047 45.060913 81.433647 366.267426 45.060913 81.553871 366.387665 45.060913 84.827415 371.963440 45.060913 84.985947 371.949554 45.060913 85.144485 371.963440 41.517605 89.042877 376.009949 41.517605 89.042877 362.081268 41.517605 89.436577 376.009949 41.517605 89.436577 362.081268 41.517605 92.635612 373.174774 41.517605 92.594421 373.021057 41.517605 92.580551 372.862518 41.517605 93.805756 373.720428 41.517605 94.611023 375.043121 41.517605 93.652039 373.761597 41.517605 93.420692 375.575287 41.517605 93.493507 373.775482 41.517605 93.805756 372.004608 41.517605 96.697380 367.014648 41.517605 93.949982 372.071869 41.517605 94.080345 372.163147 41.517605 92.702866 373.319000 41.517605 92.794144 373.449341 41.517605 90.853775 376.009949 41.517605 92.906670 373.561890 41.517605 92.156731 375.900543 41.517605 93.037033 373.653168 41.517605 93.181259 373.720428 41.517605 93.334976 373.761597 41.517605 93.652039 371.963440 41.517605 93.493507 371.949554 41.517605 93.334976 371.963440 41.517605 93.181259 372.004608 41.517605 93.037033 372.071869 41.517605 92.906670 372.163147 41.517605 92.794144 372.275696 41.517605 93.949982 373.653168 41.517605 94.080345 373.561890 41.517605 95.695084 374.318604 41.517605 98.299774 367.761841 41.517605 99.635086 368.724670 41.517605 98.160500 367.859375 41.517605 99.121399 369.685089 41.517605 98.006401 367.931213 41.517605 92.702866 372.406036 41.517605 92.635612 372.550262 41.517605 92.594421 372.703979 41.517605 94.192871 373.449341 41.517605 94.284149 373.319000 41.517605 96.643158 373.421631 41.517605 97.842171 367.975220 41.517605 97.429253 372.376770 41.517605 97.672791 367.990051 41.517605 98.419998 367.641632 41.517605 98.517525 367.502350 41.517605 100.009178 367.702423 41.517605 98.589378 367.348236 41.517605 98.633385 367.184021 41.517605 100.236534 366.637878 41.517605 98.589378 366.681030 41.517605 100.312805 365.551392 41.517605 98.633385 366.845276 41.517605 98.648201 367.014648 41.517605 94.351402 373.174774 41.517605 94.392593 373.021057 41.517605 94.406464 372.862518 41.517605 94.392593 372.703979 41.517605 96.712196 367.184021 41.517605 96.756203 367.348236 41.517605 96.828056 367.502350 41.517605 97.339180 367.931213 41.517605 97.503410 367.975220 41.517605 97.842171 366.054047 41.517605 100.312805 362.081268 41.517605 98.006401 366.098053 41.517605 98.160500 366.169922 41.517605 96.712196 366.845276 41.517605 96.756203 366.681030 41.517605 98.517525 366.526947 41.517605 98.419998 366.387665 41.517605 98.299774 366.267426 41.517605 97.185089 366.169922 41.517605 97.045807 366.267426 41.517605 97.672791 366.039215 41.517605 97.503410 366.054047 41.517605 97.339180 366.098053 41.517605 96.925583 366.387665 41.517605 96.828056 366.526947 41.517605 96.925583 367.641632 41.517605 97.045807 367.761841 41.517605 94.192871 372.275696 41.517605 97.185089 367.859375 41.517605 94.284149 372.406036 41.517605 94.351402 372.550262 41.517605 81.836296 373.421631 41.517605 81.050201 372.376770 41.517605 84.072998 372.862518 41.517605 85.058762 375.575287 41.517605 84.985947 373.775482 41.517605 85.144485 373.761597 41.517605 84.399117 373.561890 41.517605 83.868431 375.043121 41.517605 84.286591 373.449341 41.517605 82.784370 374.318604 41.517605 86.322731 375.900543 41.517605 85.442429 372.071869 41.517605 85.298195 372.004608 41.517605 85.144485 371.963440 41.517605 78.470276 367.702423 41.517605 78.242928 366.637878 41.517605 79.831253 367.014648 41.517605 84.086868 373.021057 41.517605 84.128052 373.174774 41.517605 84.195305 373.319000 41.517605 84.529472 373.653168 41.517605 84.673698 373.720428 41.517605 84.827415 373.761597 41.517605 81.553871 366.387665 41.517605 81.433647 366.267426 41.517605 85.885033 373.021057 41.517605 85.843842 373.174774 41.517605 85.776588 373.319000 41.517605 79.961929 366.526947 41.517605 79.890076 366.681030 41.517605 78.166656 365.551392 41.517605 85.298195 373.720428 41.517605 85.442429 373.653168 41.517605 87.625679 376.009949 41.517605 85.572784 373.561890 41.517605 85.685310 373.449341 41.517605 85.776588 372.406036 41.517605 85.685310 372.275696 41.517605 85.572784 372.163147 41.517605 81.651398 366.526947 41.517605 80.976044 366.054047 41.517605 78.166656 362.081268 41.517605 81.140274 366.098053 41.517605 81.294373 366.169922 41.517605 80.806664 366.039215 41.517605 80.637283 366.054047 41.517605 80.473053 366.098053 41.517605 79.846069 366.845276 41.517605 79.358055 369.685089 41.517605 80.473053 367.931213 41.517605 80.637283 367.975220 41.517605 84.195305 372.406036 41.517605 84.128052 372.550262 41.517605 81.294373 367.859375 41.517605 84.086868 372.703979 41.517605 81.140274 367.931213 41.517605 80.976044 367.975220 41.517605 80.806664 367.990051 41.517605 84.529472 372.071869 41.517605 84.399117 372.163147 41.517605 84.286591 372.275696 41.517605 85.898903 372.862518 41.517605 85.885033 372.703979 41.517605 85.843842 372.550262 41.517605 84.673698 372.004608 41.517605 84.827415 371.963440 41.517605 84.985947 371.949554 41.517605 79.846069 367.184021 41.517605 79.890076 367.348236 41.517605 78.844376 368.724670 41.517605 79.961929 367.502350 41.517605 81.433647 367.761841 41.517605 81.553871 367.641632 41.517605 81.651398 367.502350 41.517605 81.723251 367.348236 41.517605 81.767258 367.184021 41.517605 81.782082 367.014648 41.517605 81.767258 366.845276 41.517605 81.723251 366.681030 41.517605 80.318962 366.169922 41.517605 80.179680 366.267426 41.517605 80.059456 366.387665 41.517605 80.059456 367.641632 41.517605 80.179680 367.761841 41.517605 80.318962 367.859375 52.934929 89.042877 362.081268 52.934929 75.093918 362.081268 52.934929 75.098228 362.403473 52.934929 75.136787 363.410370 52.934929 75.213051 364.411163 52.934929 75.326408 365.401855 52.934929 75.475967 366.378632 52.934929 75.660545 367.337860 52.934929 75.878746 368.276093 52.934929 76.128922 369.190216 52.934929 76.409256 370.077301 52.934929 76.717751 370.934845 52.934929 77.052307 371.760620 52.934929 77.410698 372.552734 52.934929 77.790680 373.309631 52.934929 78.975647 375.270233 52.934929 89.042877 375.270233 52.934929 78.606163 374.713379 52.934929 78.189934 374.030151 61.202644 78.733315 347.239807 61.202644 89.042877 347.239807 60.940178 78.706322 347.276520 45.454613 79.375969 349.441864 45.454613 89.042877 349.441864 52.934929 79.047005 348.395874 52.934929 89.042877 348.395874 52.934929 99.432457 348.395874 52.934929 89.436577 348.395874 45.454613 99.103485 349.441864 45.454613 89.436577 349.441864 61.202644 99.746147 347.239807 60.940178 99.773132 347.276520 61.202644 89.436577 347.239807 52.934929 78.778976 348.789581 52.934929 89.042877 348.789581 47.013157 79.048592 349.617645 45.454613 89.042877 349.835571 45.454613 79.120750 349.835571 61.202644 89.042877 347.633514 61.202644 78.450760 347.633514 60.940178 78.425179 347.670197 45.454613 89.436577 349.835571 52.934929 89.436577 348.789581 52.934929 95.145241 348.789581 45.454613 99.358711 349.835571 53.328629 95.145241 348.734528 49.009300 99.522537 349.338501 53.328629 89.436577 348.734528 60.808945 89.436577 347.688568 60.808945 95.145241 347.688568 61.202644 95.145241 347.633514 61.202644 89.436577 347.633514 52.934929 89.042877 361.687561 52.934929 78.593948 349.074615 52.934929 75.210335 359.386383 52.934929 75.135147 360.387421 52.934929 75.097679 361.394440 52.934929 75.093918 361.687561 52.934929 75.654747 356.458344 52.934929 75.471153 357.418121 52.934929 75.322632 358.395355 52.934929 76.400764 353.716675 52.934929 76.121277 354.604614 52.934929 75.871994 355.519440 52.934929 77.400055 351.238434 52.934929 77.042313 352.031555 52.934929 76.708481 352.858246 52.934929 78.178169 349.758942 52.934929 77.779442 350.480499 52.934929 79.467590 347.819702 52.934929 99.399361 348.348755 52.934929 98.954834 347.745209 52.934929 98.500175 347.179718 52.934929 80.851051 346.221802 52.934929 80.382881 346.716919 52.934929 79.921074 347.249390 52.934929 98.037453 346.652008 52.934929 97.568619 346.161591 52.934929 97.095505 345.707764 52.934929 82.275757 344.953064 52.934929 81.799156 345.340790 52.934929 81.323715 345.763367 52.934929 96.619827 345.289673 52.934929 96.143188 344.906281 52.934929 95.667046 344.556458 52.934929 87.260727 342.624207 52.934929 88.070992 342.499420 52.934929 89.042877 343.407196 52.934929 88.844078 342.440521 52.934929 89.436577 343.407196 52.934929 89.587585 342.438812 52.934929 92.886490 343.090332 52.934929 92.009850 342.809479 52.934929 91.166222 342.614136 52.934929 90.358276 342.493835 52.934929 86.414909 342.824677 52.934929 85.536293 343.111298 52.934929 84.628922 343.495117 52.934929 83.698387 343.987305 52.934929 82.752037 344.599060 52.934929 94.721451 343.952637 52.934929 93.792191 343.467651 52.934929 79.255013 375.663940 52.934929 89.042877 375.663940 51.510002 79.461403 375.663940 45.454613 89.042877 375.663940 45.454613 80.365585 375.663940 63.370499 77.800903 375.663940 61.202644 78.131599 375.663940 60.940178 78.131599 375.663940 61.202644 89.042877 375.663940 61.202644 100.347855 375.663940 61.202644 89.436577 375.663940 60.940178 100.347855 375.663940 45.454613 98.113869 375.663940 45.454613 89.436577 375.663940 46.171570 98.223473 375.663940 52.934929 89.436577 375.663940 52.194649 99.117493 375.663940 52.934929 99.224442 375.663940 67.229103 77.049873 375.270233 60.940178 77.879829 375.270233 61.202644 77.879829 375.270233 61.202644 89.042877 375.270233 45.454613 80.052383 375.270233 45.454613 89.042877 375.270233 52.193375 79.079834 375.270233 52.934929 95.145241 375.270233 52.934929 89.436577 375.270233 45.454613 89.436577 375.270233 61.202644 89.436577 375.270233 61.202644 95.145241 375.270233 60.808945 95.145241 375.270233 61.932388 100.732193 375.270233 53.328629 89.436577 375.270233 53.328629 95.145241 375.270233 60.808945 89.436577 375.270233 45.454613 98.427071 375.270233 52.095695 99.385864 375.270233 55.185833 99.817078 375.270233 58.576694 100.281174 375.270233 52.934929 98.050888 377.102112 52.934929 98.513412 376.573334 52.934929 98.967804 376.006744 52.934929 79.480530 375.966095 52.934929 96.633568 378.467590 52.934929 97.109192 378.048462 52.934929 97.582207 377.593597 52.934929 79.934288 376.535309 52.934929 80.396309 377.066711 52.934929 80.864624 377.560760 52.934929 81.337395 378.018127 52.934929 81.812889 378.439697 52.934929 82.289505 378.826447 52.934929 88.473396 381.307343 52.934929 89.227013 381.335876 52.934929 89.042877 380.342072 52.934929 89.979332 381.309296 52.934929 89.436577 380.342072 52.934929 90.769325 381.221863 52.934929 91.595886 381.064209 52.934929 85.098976 380.483978 52.934929 85.992149 380.816406 52.934929 86.854309 381.057373 52.934929 87.682106 381.217621 52.934929 92.456902 380.826202 52.934929 93.349075 380.497131 52.934929 94.267685 380.065857 52.934929 95.206375 379.521088 52.934929 96.156937 378.851959 52.934929 83.240303 379.500061 52.934929 84.179550 380.048950 45.454613 75.854668 362.081268 45.454613 89.042877 362.081268 61.202644 89.042877 362.081268 61.202644 74.279785 362.081268 60.940178 74.279785 362.081268 45.454613 89.436577 362.081268 52.934929 89.436577 362.081268 45.454613 102.624786 362.081268 52.934929 95.145241 362.081268 53.328629 95.145241 362.081268 53.328629 89.436577 362.081268 60.808945 89.436577 362.081268 60.808945 95.145241 362.081268 61.202644 95.145241 362.081268 61.202644 89.436577 362.081268 61.202644 74.279785 361.687561 61.202644 89.042877 361.687561 60.940178 74.279785 361.687561 45.454613 75.854668 361.687561 45.454613 89.042877 361.687561 61.202644 89.436577 361.687561 61.202644 95.145241 361.687561 60.808945 95.145241 361.687561 45.454613 102.624786 361.687561 52.934929 89.436577 361.687561 45.454613 89.436577 361.687561 52.934929 95.145241 361.687561 53.328629 95.145241 361.687561 53.328629 89.436577 361.687561 60.808945 89.436577 361.687561 60.940178 74.284424 362.433319 60.940178 74.325211 363.498199 61.202644 74.380859 364.279602 60.940178 74.380859 364.279602 60.940178 74.525742 365.604279 61.202644 74.652313 366.450500 60.940178 74.652313 366.450500 60.940178 74.879105 367.651703 61.202644 75.091026 368.569031 60.940178 75.091026 368.569031 60.940178 75.691978 370.610931 60.940178 75.670898 370.548798 61.202644 75.691978 370.610931 60.940178 75.374435 369.610626 60.940178 75.109856 368.643921 60.940178 75.997147 371.455688 61.202644 76.448265 372.552765 60.940178 76.448265 372.552765 60.940178 77.131813 373.967133 61.202644 77.351227 374.372253 60.940178 77.351227 374.372253 60.940178 77.981308 348.337463 61.202644 77.446007 349.227783 60.940178 77.446007 349.227783 60.940178 76.718712 350.625793 61.202644 76.529373 351.034332 60.940178 76.529373 351.034332 60.940178 75.987343 352.338837 61.202644 75.758484 352.965271 60.940178 75.758484 352.965271 60.940178 75.366348 354.185669 61.202644 75.142181 354.998474 60.940178 75.142181 354.998474 60.940178 74.872971 356.146088 61.202644 74.687515 357.110657 60.940178 74.687515 357.110657 60.940178 74.399712 359.277557 60.940178 74.402977 359.242645 61.202644 74.399712 359.277557 60.940178 74.521744 358.194580 60.940178 74.678810 357.161102 60.940178 74.323471 360.301270 61.202644 74.282074 361.474365 60.940178 74.282074 361.474365 60.940178 97.044533 344.334686 60.940178 97.391266 344.635254 61.202644 97.391266 344.635254 61.202644 79.495209 346.275604 60.940178 99.033089 346.333496 61.202644 98.685913 345.932617 60.940178 98.685913 345.932617 60.940178 97.547577 344.776855 60.940178 98.047920 345.256775 60.940178 98.543739 345.775421 60.940178 96.540466 343.929230 61.202644 96.003143 343.535675 60.940178 96.036926 343.559296 60.940178 94.054169 342.407806 60.940178 94.537476 342.646484 61.202644 94.537476 342.646484 60.940178 95.036911 342.920715 60.940178 96.003143 343.535675 60.940178 93.011063 341.977875 61.202644 93.011063 341.977875 60.940178 92.169258 341.711792 61.202644 91.441406 341.537506 60.940178 91.441406 341.537506 60.940178 90.422646 341.377960 61.202644 89.846504 341.330475 60.940178 89.846504 341.330475 60.940178 88.821312 341.321594 61.202644 88.244644 341.359100 60.940178 88.244644 341.359100 60.940178 87.146835 341.515839 61.202644 86.654190 341.623077 60.940178 86.654190 341.623077 61.202644 85.093391 342.119385 60.940178 85.093391 342.119385 60.940178 85.323174 342.030975 60.940178 86.252350 341.727814 61.202644 83.580124 342.842316 60.940178 83.580124 342.842316 60.940178 84.363579 342.436859 60.940178 81.875000 343.978699 60.940178 82.131760 343.783569 61.202644 82.131760 343.783569 60.940178 82.378693 343.604340 60.940178 83.379494 342.957397 60.940178 81.370972 344.388763 61.202644 80.764893 344.932404 60.940178 80.868172 344.835663 60.940178 79.495209 346.275604 60.940178 79.873199 345.844086 60.940178 80.764893 344.932404 60.940178 91.731476 382.167938 60.940178 91.140663 382.288544 61.202644 91.140663 382.288544 60.940178 79.398781 377.378418 60.940178 79.266853 377.218109 61.202644 79.266853 377.218109 60.940178 78.449974 376.134186 60.940178 79.887390 377.940399 61.202644 80.516457 378.596466 60.940178 80.382660 378.462860 61.202644 81.866089 379.783173 60.940178 81.385498 379.392395 60.940178 80.516457 378.596466 60.940178 83.888351 381.094269 60.940178 83.300262 380.764679 61.202644 83.300262 380.764679 60.940178 82.895058 380.513794 60.940178 81.866089 379.783173 60.940178 84.802544 381.529694 61.202644 84.802544 381.529694 60.940178 85.805260 381.905884 61.202644 86.355698 382.069427 60.940178 86.355698 382.069427 61.202644 87.941925 382.377716 60.940178 87.941925 382.377716 60.940178 87.592468 382.330200 60.940178 86.717041 382.160706 61.202644 89.543037 382.451050 60.940178 90.021889 382.427155 60.940178 89.543037 382.451050 60.940178 88.429291 382.425079 60.940178 92.716499 381.892090 61.202644 92.716499 381.892090 60.940178 93.585556 381.568268 61.202644 94.252464 381.266205 60.940178 94.252464 381.266205 61.202644 95.730957 380.418091 60.940178 95.549736 380.536041 60.940178 94.557030 381.112152 61.202644 97.135017 379.357452 60.940178 96.555000 379.828400 60.940178 95.730957 380.418091 60.940178 98.557953 377.977844 60.940178 98.448547 378.096466 61.202644 98.448547 378.096466 60.940178 98.062286 378.497620 60.940178 97.135017 379.357452 60.940178 99.047081 377.418640 61.202644 99.656487 376.649597 60.940178 99.527626 376.819458 60.940178 99.656487 376.649597 45.454613 75.855377 362.157684 45.454613 75.963593 364.235870 45.454613 79.987656 375.185669 45.454613 77.292580 370.185364 45.454613 76.686829 368.275574 45.454613 76.241936 366.283905 45.454613 78.953636 373.662689 45.454613 78.051422 371.988739 45.454613 102.593964 363.148193 45.454613 102.404526 365.215363 45.454613 102.046387 367.239807 45.454613 101.524147 369.195648 45.454613 100.844490 371.057831 45.454613 99.049675 374.407135 45.454613 100.016129 372.802429 45.454613 81.140228 376.538239 45.454613 85.155174 379.412109 45.454613 83.740654 378.665070 45.454613 82.396599 377.703003 45.454613 97.957520 375.851349 45.454613 96.753647 377.116608 45.454613 95.453491 378.186676 45.454613 89.436577 379.296082 45.454613 89.637161 380.281799 45.454613 89.042877 379.296082 45.454613 88.122444 380.225708 45.454613 86.622040 379.934540 45.454613 94.073708 379.047852 45.454613 92.631989 379.689087 45.454613 91.146797 380.102173 45.454613 75.918671 360.075989 45.454613 76.152664 358.017487 45.454613 76.554352 356.008545 45.454613 77.118599 354.074860 45.454613 78.703835 350.531250 45.454613 77.838165 352.241272 45.454613 102.612282 361.064850 45.454613 102.459236 358.992004 45.454613 101.002365 353.099396 45.454613 101.649086 354.983582 45.454613 102.136795 356.956207 45.454613 100.204918 351.327759 45.454613 98.200508 348.211304 45.454613 97.019234 346.906403 45.454613 79.704514 348.966736 45.454613 92.944000 344.197693 45.454613 94.374031 344.886658 45.454613 95.738266 345.793427 45.454613 80.827377 347.567719 45.454613 82.058037 346.352173 45.454613 83.380730 345.335632 45.454613 89.436577 344.418854 45.454613 89.960472 343.505585 45.454613 91.466507 343.735352 45.454613 84.778496 344.531189 45.454613 86.233429 343.949097 45.454613 89.042877 344.418854 45.454613 87.726883 343.596832 45.454613 89.239731 343.478912 61.202644 89.042877 342.289001 61.202644 89.436577 342.289001 61.202644 89.436577 381.498138 61.202644 89.042877 381.498138 68.682961 73.491859 361.786621 45.060913 76.152664 358.017487 45.060913 76.554352 356.008545 45.060913 77.118599 354.074860 45.060913 77.838165 352.241272 45.060913 78.703835 350.531250 45.060913 75.853905 361.884399 45.060913 75.854668 361.687561 45.060913 75.918671 360.075989 45.060913 102.612282 361.064850 45.060913 102.624786 361.687561 45.060913 102.625557 361.884399 45.060913 102.459236 358.992004 45.060913 102.136795 356.956207 45.060913 101.649086 354.983582 45.060913 101.002365 353.099396 45.060913 100.204918 351.327759 45.060913 99.266960 349.691406 45.454613 99.266960 349.691406 45.060913 98.200508 348.211304 45.060913 97.019234 346.906403 45.060913 95.738266 345.793427 45.060913 94.374031 344.886658 45.060913 92.944000 344.197693 45.060913 91.466507 343.735352 45.060913 89.960472 343.505585 45.060913 89.239731 343.478912 45.060913 87.726883 343.596832 45.060913 86.233429 343.949097 45.060913 84.778496 344.531189 45.060913 83.380730 345.335632 45.060913 82.058037 346.352173 45.060913 80.827377 347.567719 45.060913 79.704514 348.966736 45.060913 89.042877 344.472107 45.060913 89.436577 344.472107 45.060913 93.037033 350.115662 45.060913 93.181259 350.048401 45.060913 85.572784 351.605652 45.060913 80.179680 356.006958 45.060913 80.318962 355.909454 45.060913 98.160500 355.909454 45.060913 93.949982 351.696930 45.060913 93.805756 351.764191 45.060913 96.756203 357.087799 45.060913 96.828056 357.241882 45.060913 93.949982 350.115662 45.060913 94.406464 350.906311 45.060913 94.392593 350.747772 45.060913 85.442429 351.696930 45.060913 85.298195 351.764191 45.060913 85.144485 351.805389 45.060913 85.572784 350.206940 45.060913 85.685310 350.319458 45.060913 85.776588 350.449829 45.060913 85.843842 350.594055 45.060913 94.080345 351.605652 45.060913 96.712196 356.923553 45.060913 96.697380 356.754181 45.060913 89.436577 361.687561 45.060913 93.181259 351.764191 45.060913 93.037033 351.696930 45.060913 80.473053 355.837585 45.060913 80.637283 355.793579 45.060913 80.806664 355.778778 45.060913 81.723251 356.420563 45.060913 81.767258 356.584808 45.060913 85.685310 351.493134 45.060913 84.985947 351.819244 45.060913 84.827415 351.805389 45.060913 84.673698 351.764191 45.060913 94.284149 351.362793 45.060913 94.351402 351.218536 45.060913 94.392593 351.064819 45.060913 97.672791 355.778778 45.060913 94.192871 351.493134 45.060913 97.842171 355.793579 45.060913 98.006401 355.837585 45.060913 98.299774 356.006958 45.060913 98.419998 356.127197 45.060913 98.633385 356.584808 45.060913 98.589378 356.420563 45.060913 98.517525 356.266479 45.060913 96.712196 356.584808 45.060913 96.756203 356.420563 45.060913 96.828056 356.266479 45.060913 96.925583 356.127197 45.060913 97.045807 356.006958 45.060913 97.185089 355.909454 45.060913 97.339180 355.837585 45.060913 97.503410 355.793579 45.060913 98.648201 356.754181 45.060913 98.633385 356.923553 45.060913 92.635612 350.594055 45.060913 92.702866 350.449829 45.060913 93.493507 349.993347 45.060913 93.652039 350.007233 45.060913 93.805756 350.048401 45.060913 94.080345 350.206940 45.060913 94.192871 350.319458 45.060913 94.284149 350.449829 45.060913 94.351402 350.594055 45.060913 80.976044 355.793579 45.060913 81.140274 355.837585 45.060913 81.294373 355.909454 45.060913 84.529472 351.696930 45.060913 84.399117 351.605652 45.060913 80.059456 356.127197 45.060913 85.885033 350.747772 45.060913 85.898903 350.906311 45.060913 89.042877 361.687561 45.060913 85.885033 351.064819 45.060913 84.827415 350.007233 45.060913 84.985947 349.993347 45.060913 85.144485 350.007233 45.060913 85.298195 350.048401 45.060913 85.442429 350.115662 45.060913 92.594421 350.747772 45.060913 92.794144 350.319458 45.060913 92.906670 350.206940 45.060913 93.334976 350.007233 45.060913 81.433647 356.006958 45.060913 81.553871 356.127197 45.060913 81.651398 356.266479 45.060913 98.589378 357.087799 45.060913 98.517525 357.241882 45.060913 98.419998 357.381165 45.060913 96.925583 357.381165 45.060913 92.906670 351.605652 45.060913 92.794144 351.493134 45.060913 92.702866 351.362793 45.060913 92.635612 351.218536 45.060913 92.594421 351.064819 45.060913 92.580551 350.906311 45.060913 79.831253 356.754181 45.060913 79.846069 356.923553 45.060913 79.890076 357.087799 45.060913 84.529472 350.115662 45.060913 84.673698 350.048401 45.060913 98.299774 357.501404 45.060913 98.160500 357.598907 45.060913 98.006401 357.670776 45.060913 97.339180 357.670776 45.060913 97.185089 357.598907 45.060913 97.045807 357.501404 45.060913 93.652039 351.805389 45.060913 93.493507 351.819244 45.060913 93.334976 351.805389 45.060913 85.843842 351.218536 45.060913 85.776588 351.362793 45.060913 79.846069 356.584808 45.060913 79.890076 356.420563 45.060913 79.961929 356.266479 45.060913 81.782082 356.754181 45.060913 81.767258 356.923553 45.060913 81.723251 357.087799 45.060913 81.651398 357.241882 45.060913 81.553871 357.381165 45.060913 81.433647 357.501404 45.060913 81.294373 357.598907 45.060913 79.961929 357.241882 45.060913 80.059456 357.381165 45.060913 80.179680 357.501404 45.060913 84.286591 351.493134 45.060913 84.195305 351.362793 45.060913 84.128052 351.218536 45.060913 84.086868 351.064819 45.060913 97.842171 357.714783 45.060913 97.672791 357.729584 45.060913 97.503410 357.714783 45.060913 84.072998 350.906311 45.060913 84.086868 350.747772 45.060913 84.128052 350.594055 45.060913 84.195305 350.449829 45.060913 84.286591 350.319458 45.060913 84.399117 350.206940 45.060913 80.637283 357.714783 45.060913 80.473053 357.670776 45.060913 80.318962 357.598907 45.060913 81.140274 357.670776 45.060913 80.976044 357.714783 45.060913 80.806664 357.729584 41.517605 89.042877 347.758881 41.517605 89.042877 361.687561 41.517605 89.436577 347.758881 41.517605 89.436577 361.687561 41.517605 92.594421 351.064819 41.517605 92.635612 351.218536 41.517605 92.702866 351.362793 41.517605 92.794144 351.493134 41.517605 92.906670 351.605652 41.517605 93.037033 351.696930 41.517605 93.181259 351.764191 41.517605 93.334976 351.805389 41.517605 93.493507 351.819244 41.517605 93.652039 351.805389 41.517605 93.805756 351.764191 41.517605 98.160500 355.909454 41.517605 98.299774 356.006958 41.517605 96.756203 357.087799 41.517605 96.712196 356.923553 41.517605 96.697380 356.754181 41.517605 93.652039 350.007233 41.517605 93.420692 348.193542 41.517605 93.805756 350.048401 41.517605 94.611023 348.725708 41.517605 93.949982 350.115662 41.517605 93.493507 349.993347 41.517605 93.334976 350.007233 41.517605 92.156731 347.868286 41.517605 92.702866 350.449829 41.517605 92.635612 350.594055 41.517605 98.006401 355.837585 41.517605 97.842171 355.793579 41.517605 97.672791 355.778778 41.517605 97.503410 355.793579 41.517605 97.339180 355.837585 41.517605 97.185089 355.909454 41.517605 97.045807 356.006958 41.517605 96.925583 356.127197 41.517605 98.517525 357.241882 41.517605 98.589378 357.087799 41.517605 100.312805 358.217438 41.517605 100.009178 356.066406 41.517605 100.236534 357.130951 41.517605 98.648201 356.754181 41.517605 93.181259 350.048401 41.517605 93.037033 350.115662 41.517605 90.853775 347.758881 41.517605 92.906670 350.206940 41.517605 92.794144 350.319458 41.517605 92.594421 350.747772 41.517605 92.580551 350.906311 41.517605 96.828056 356.266479 41.517605 96.756203 356.420563 41.517605 96.712196 356.584808 41.517605 98.633385 356.923553 41.517605 98.633385 356.584808 41.517605 98.589378 356.420563 41.517605 99.635086 355.044159 41.517605 98.517525 356.266479 41.517605 98.419998 356.127197 41.517605 99.121399 354.083740 41.517605 94.192871 351.493134 41.517605 94.080345 351.605652 41.517605 93.949982 351.696930 41.517605 94.284149 351.362793 41.517605 94.351402 351.218536 41.517605 97.429253 351.392029 41.517605 96.828056 357.241882 41.517605 96.925583 357.381165 41.517605 97.045807 357.501404 41.517605 94.392593 351.064819 41.517605 94.406464 350.906311 41.517605 96.643158 350.347198 41.517605 94.392593 350.747772 41.517605 94.351402 350.594055 41.517605 95.695084 349.450226 41.517605 94.284149 350.449829 41.517605 94.192871 350.319458 41.517605 94.080345 350.206940 41.517605 97.672791 357.729584 41.517605 97.842171 357.714783 41.517605 100.312805 361.687561 41.517605 98.006401 357.670776 41.517605 97.185089 357.598907 41.517605 97.339180 357.670776 41.517605 97.503410 357.714783 41.517605 98.160500 357.598907 41.517605 98.299774 357.501404 41.517605 98.419998 357.381165 35.612091 98.108757 357.187134 35.612091 98.147446 357.737701 35.612091 99.252281 357.414642 35.612091 95.106567 372.002960 35.612091 94.708588 372.531555 35.612091 95.151253 373.334351 35.612091 94.227699 372.986023 35.612091 94.067192 374.058868 35.612091 93.677498 373.353577 35.612091 92.876862 374.591034 35.612091 79.828629 355.327850 35.612091 80.675652 356.129059 35.612091 80.935928 355.642334 35.612091 83.372887 351.765869 35.612091 83.770874 351.237274 35.612091 83.328201 350.434479 35.612091 84.251755 350.782776 35.612091 84.412262 349.709961 35.612091 84.801964 350.415253 35.612091 85.602592 349.177795 35.612091 91.773476 349.924225 35.612091 92.432808 349.979828 35.612091 92.876862 349.177795 35.612091 93.073509 350.145050 35.612091 94.067192 349.709961 35.612091 93.677498 350.415253 35.612091 95.151253 350.434479 35.612091 98.650833 368.440979 35.612091 97.803802 367.639771 35.612091 97.543533 368.126495 35.612091 86.705978 373.844604 35.612091 86.046654 373.789001 35.612091 85.602592 374.591034 35.612091 85.405945 373.623779 35.612091 84.412262 374.058868 35.612091 84.801964 373.353577 35.612091 83.328201 373.334351 35.612091 84.251755 372.986023 35.612091 83.770874 372.531555 35.612091 82.380135 372.437378 35.612091 83.372887 372.002960 35.612091 79.227180 366.354187 35.612091 80.370697 366.581696 35.612091 80.332008 366.031128 35.612091 91.612900 348.852539 35.612091 90.309944 348.743134 35.612091 86.705978 349.924225 35.612091 82.380135 351.331451 35.612091 81.594040 352.376282 35.612091 80.342308 354.367401 35.612091 85.405945 350.145050 35.612091 86.046654 349.979828 35.612091 86.866562 348.852539 35.612091 88.169518 348.743134 35.612091 97.993454 367.121460 35.612091 99.024925 367.418732 35.612091 98.108757 366.581696 35.612091 99.252281 366.354187 35.612091 98.147446 366.031128 35.612091 99.328552 365.267700 35.612091 99.328552 358.501129 35.612091 96.099327 372.437378 35.612091 96.885422 371.392517 35.612091 98.137146 369.401398 35.612091 93.073509 373.623779 35.612091 92.432808 373.789001 35.612091 91.612900 374.916290 35.612091 91.773476 373.844604 35.612091 94.227699 350.782776 35.612091 94.708588 351.237274 35.612091 96.099327 351.331451 35.612091 95.106567 351.765869 35.612091 80.486000 367.121460 35.612091 79.454529 367.418732 35.612091 80.675652 367.639771 35.612091 79.828629 368.440979 35.612091 80.935928 368.126495 35.612091 80.342308 369.401398 35.612091 81.594040 371.392517 35.612091 86.866562 374.916290 35.612091 88.169518 375.025696 35.612091 90.309944 375.025696 35.612091 80.486000 356.647369 35.612091 79.454529 356.350098 35.612091 80.370697 357.187134 35.612091 79.227180 357.414642 35.612091 80.332008 357.737701 35.612091 79.150909 358.501129 35.612091 79.150909 365.267700 35.612091 97.993454 356.647369 35.612091 99.024925 356.350098 35.612091 97.803802 356.129059 35.612091 98.650833 355.327850 35.612091 97.543533 355.642334 35.612091 98.137146 354.367401 35.612091 96.885422 352.376282 41.517605 84.529472 351.696930 41.517605 84.673698 351.764191 41.517605 81.651398 357.241882 41.517605 81.767258 356.923553 41.517605 81.782082 356.754181 41.517605 84.399117 351.605652 41.517605 81.723251 357.087799 41.517605 81.767258 356.584808 41.517605 81.723251 356.420563 41.517605 81.651398 356.266479 41.517605 81.294373 355.909454 41.517605 84.086868 351.064819 41.517605 84.128052 351.218536 41.517605 86.322731 347.868286 41.517605 85.298195 350.048401 41.517605 85.058762 348.193542 41.517605 85.144485 350.007233 41.517605 84.673698 350.048401 41.517605 83.868431 348.725708 41.517605 84.827415 350.007233 41.517605 84.985947 349.993347 41.517605 81.140274 355.837585 41.517605 80.976044 355.793579 41.517605 81.050201 351.392029 41.517605 79.890076 357.087799 41.517605 78.166656 358.217438 41.517605 79.846069 356.923553 41.517605 78.242928 357.130951 41.517605 85.298195 351.764191 41.517605 85.442429 351.696930 41.517605 85.572784 351.605652 41.517605 85.685310 351.493134 41.517605 81.836296 350.347198 41.517605 82.784370 349.450226 41.517605 84.195305 350.449829 41.517605 84.072998 350.906311 41.517605 79.358055 354.083740 41.517605 80.318962 355.909454 41.517605 78.844376 355.044159 41.517605 80.179680 356.006958 41.517605 78.470276 356.066406 41.517605 79.846069 356.584808 41.517605 79.831253 356.754181 41.517605 80.179680 357.501404 41.517605 78.166656 361.687561 41.517605 80.059456 357.381165 41.517605 79.961929 357.241882 41.517605 85.885033 351.064819 41.517605 85.843842 351.218536 41.517605 85.776588 351.362793 41.517605 84.529472 350.115662 41.517605 84.399117 350.206940 41.517605 84.286591 350.319458 41.517605 81.553871 356.127197 41.517605 81.433647 356.006958 41.517605 84.286591 351.493134 41.517605 84.195305 351.362793 41.517605 84.086868 350.747772 41.517605 84.128052 350.594055 41.517605 80.806664 355.778778 41.517605 80.637283 355.793579 41.517605 80.473053 355.837585 41.517605 80.059456 356.127197 41.517605 79.961929 356.266479 41.517605 79.890076 356.420563 41.517605 85.898903 350.906311 41.517605 85.885033 350.747772 41.517605 85.843842 350.594055 41.517605 85.776588 350.449829 41.517605 85.685310 350.319458 41.517605 87.625679 347.758881 41.517605 85.572784 350.206940 41.517605 85.442429 350.115662 41.517605 84.827415 351.805389 41.517605 84.985947 351.819244 41.517605 85.144485 351.805389 41.517605 80.318962 357.598907 41.517605 80.473053 357.670776 41.517605 80.637283 357.714783 41.517605 81.294373 357.598907 41.517605 81.433647 357.501404 41.517605 81.553871 357.381165 41.517605 80.806664 357.729584 41.517605 80.976044 357.714783 41.517605 81.140274 357.670776 34.234142 97.543533 355.642334 34.234142 95.106567 351.765869 34.234142 86.705978 349.924225 34.234142 91.773476 349.924225 34.234142 83.372887 351.765869 34.234142 80.935928 355.642334 34.234142 80.332008 357.737701 34.234142 80.332008 366.031128 34.234142 80.935928 368.126495 34.234142 83.372887 372.002960 34.234142 86.705978 373.844604 34.234142 91.773476 373.844604 34.234142 95.106567 372.002960 34.234142 97.543533 368.126495 34.234142 98.147446 366.031128 34.234142 98.147446 357.737701 34.234142 80.675652 356.129059 34.234142 98.108757 357.187134 34.234142 97.803802 367.639771 34.234142 80.370697 366.581696 34.234142 97.993454 356.647369 34.234142 97.803802 356.129059 34.234142 93.677498 350.415253 34.234142 93.073509 350.145050 34.234142 94.227699 350.782776 34.234142 94.708588 351.237274 34.234142 92.432808 349.979828 34.234142 80.486000 367.121460 34.234142 80.675652 367.639771 34.234142 97.993454 367.121460 34.234142 98.108757 366.581696 34.234142 80.370697 357.187134 34.234142 80.486000 356.647369 34.234142 86.046654 349.979828 34.234142 83.770874 351.237274 34.234142 85.405945 350.145050 34.234142 84.801964 350.415253 34.234142 84.251755 350.782776 34.234142 92.432808 373.789001 34.234142 94.708588 372.531555 34.234142 84.801964 373.353577 34.234142 85.405945 373.623779 34.234142 86.046654 373.789001 34.234142 83.770874 372.531555 34.234142 84.251755 372.986023 34.234142 93.073509 373.623779 34.234142 93.677498 373.353577 34.234142 94.227699 372.986023 60.808945 97.554626 378.963409 53.197395 76.479797 370.367676 60.808945 78.149582 375.663940 53.197395 79.217232 375.663940 53.197395 78.938889 375.270233 60.808945 74.297768 362.432831 53.197395 75.067223 362.081268 53.197395 75.067223 361.687561 60.808945 74.293129 362.081268 60.808945 74.293129 361.687561 53.197395 75.070999 361.393524 60.808945 74.338509 363.496765 60.808945 74.419090 364.554199 60.808945 74.538864 365.600952 60.808945 74.696884 366.633026 60.808945 74.891914 367.646545 60.808945 75.122459 368.637909 60.808945 75.386803 369.603760 60.808945 75.682999 370.541077 60.808945 76.008957 371.447144 60.808945 76.362450 372.319641 60.808945 76.741135 373.156586 60.808945 77.142616 373.956360 60.808945 77.564468 374.717651 60.808945 77.897408 375.270233 53.197395 75.634926 367.348145 53.197395 75.853539 368.288177 53.197395 75.879303 368.389099 53.197395 76.104187 369.204010 53.197395 75.071548 362.404449 53.197395 75.110184 363.413269 53.197395 75.168716 364.220673 53.197395 75.300156 365.408508 53.197395 75.440498 366.331787 53.197395 75.449997 366.387115 60.808945 77.991356 348.349548 60.808945 78.430885 347.688568 53.197395 78.767189 348.752899 60.808945 77.552040 349.072601 60.808945 77.130745 349.834991 60.808945 76.729881 350.635834 60.808945 76.351891 351.473846 60.808945 75.999168 352.347351 60.808945 75.674034 353.254364 60.808945 75.378723 354.192535 60.808945 75.115334 355.159180 60.808945 74.885788 356.151215 60.808945 74.691803 357.165314 60.808945 74.534874 358.197845 60.808945 74.416214 359.244995 60.808945 74.336777 360.302673 60.808945 74.297188 361.366730 53.197395 75.117210 360.237396 53.197395 75.183861 359.381683 53.197395 75.334244 358.114319 53.197395 75.445175 357.409698 53.197395 75.719582 356.036865 53.197395 75.846771 355.507446 53.197395 76.268539 354.030182 53.197395 78.573860 349.050446 53.197395 77.828896 350.325134 53.197395 77.757812 350.458984 53.197395 77.377716 351.218353 53.197395 77.019295 352.012970 53.197395 76.974495 352.118561 53.197395 76.684837 352.841217 60.808945 98.535439 345.789795 60.808945 98.040062 345.271606 60.808945 97.540169 344.792114 60.808945 97.037575 344.350342 60.808945 94.049873 342.425171 60.808945 95.031738 342.937622 60.808945 96.533951 343.945251 60.808945 96.030861 343.575623 60.808945 93.092911 342.026520 60.808945 92.166649 341.729767 60.808945 91.275269 341.523376 60.808945 90.421593 341.396240 60.808945 89.607277 341.338104 60.808945 88.821686 341.339935 60.808945 88.004837 341.402161 60.808945 87.148705 341.533997 60.808945 86.255020 341.745819 60.808945 85.326668 342.048676 60.808945 84.367928 342.454193 60.808945 83.384720 342.974274 60.808945 82.384811 343.620636 60.808945 81.881569 343.994659 60.808945 79.393608 346.420990 60.808945 79.881554 345.858368 60.808945 80.376221 345.335236 60.808945 80.875641 344.850861 60.808945 81.377991 344.404358 53.197395 80.366173 346.688293 53.197395 79.903496 347.221771 53.197395 79.813660 347.330841 53.197395 79.449150 347.793182 53.197395 79.035652 348.359192 60.808945 78.711823 347.294861 60.808945 78.914452 347.023590 53.197395 81.308784 345.732971 53.197395 81.033356 345.995209 53.197395 80.835220 346.192261 53.197395 81.785118 345.309570 53.197395 83.754753 343.914703 53.197395 82.739799 344.566437 53.197395 82.352379 344.851898 53.197395 82.262619 344.921112 53.197395 85.529305 343.075867 53.197395 85.223511 343.195007 53.197395 84.620216 343.460419 53.197395 87.256989 342.587860 53.197395 86.740875 342.701508 53.197395 86.409584 342.788696 53.197395 92.925003 343.066528 53.197395 92.015076 342.773499 53.197395 91.399376 342.623779 53.197395 90.360390 342.457245 53.197395 89.847610 342.414154 53.197395 88.843330 342.403839 53.197395 88.288490 342.440155 53.197395 94.731796 343.918793 53.197395 94.406029 343.737030 53.197395 93.800781 343.432892 53.197395 96.156219 344.874237 53.197395 95.824524 344.627167 53.197395 95.679176 344.523773 53.197395 96.633759 345.258362 53.197395 97.110321 345.677246 53.197395 97.163330 345.726135 53.197395 97.584328 346.131927 53.197395 98.406235 347.020691 53.197395 98.517647 347.151978 53.197395 98.973160 347.718536 53.197395 99.418533 348.323242 60.808945 99.767639 347.294861 53.197395 99.443802 348.359192 60.808945 99.024353 346.347382 60.808945 99.504745 346.944885 60.808945 78.459602 376.121490 60.808945 78.928123 376.763153 60.808945 79.407562 377.364594 60.808945 79.895737 377.926086 60.808945 80.390564 378.448090 60.808945 80.890099 378.931366 60.808945 81.392502 379.376801 60.808945 81.896095 379.785431 60.808945 82.900711 380.497162 60.808945 83.893127 381.077118 60.808945 84.864594 381.536774 60.808945 86.719292 382.142639 60.808945 85.808327 381.888031 60.808945 87.593941 382.311951 60.808945 88.430016 382.406738 60.808945 92.639008 381.898407 60.808945 91.729248 382.149872 60.808945 90.855904 382.316437 60.808945 90.021194 382.408813 60.808945 89.226295 382.436920 60.808945 94.552292 381.094971 60.808945 93.581680 381.550690 60.808945 95.544106 380.519379 60.808945 96.548477 379.812408 60.808945 97.052086 379.406281 60.808945 98.549637 377.963501 60.808945 98.054420 378.482788 53.197395 99.262230 375.663940 60.808945 99.038338 377.404785 60.808945 99.518448 376.806122 60.808945 99.987801 376.167236 60.808945 100.329872 375.663940 53.197395 97.124039 378.078979 53.197395 97.597946 377.623230 53.197395 97.765633 377.452271 53.197395 98.530907 376.601044 53.197395 98.957726 376.070312 53.197395 96.169991 378.884003 53.197395 96.470352 378.645782 53.197395 96.647522 378.498871 53.197395 95.217628 379.554382 53.197395 93.356834 380.532257 53.197395 93.633987 380.412292 53.197395 94.277176 380.100159 53.197395 95.087555 379.636475 53.197395 91.600327 381.100403 53.197395 92.127243 380.963867 53.197395 92.462975 380.861969 53.197395 85.938110 380.836456 53.197395 86.849808 381.093536 53.197395 87.472137 381.220459 53.197395 88.471947 381.343994 53.197395 89.027557 381.370422 53.197395 89.980721 381.345947 53.197395 90.585541 381.284546 53.197395 84.170006 380.083221 53.197395 84.444046 380.223114 53.197395 85.091164 380.519073 53.197395 82.276390 378.858398 53.197395 83.008026 379.387787 53.197395 83.228989 379.533295 53.197395 80.848824 377.590332 53.197395 81.322487 378.048584 53.197395 81.647415 378.340637 53.197395 79.916725 376.562958 53.197395 80.378700 377.094330 53.197395 80.379623 377.095337 53.197395 79.462120 375.992645 53.197395 77.029312 371.779266 53.197395 77.234726 372.243591 53.197395 77.769073 373.331207 53.197395 78.134949 373.994110 53.197395 78.586105 374.737579 53.328629 89.042877 375.663940 60.808945 89.042877 375.663940 53.328629 89.042877 380.397125 60.808945 89.042877 381.443085 60.808945 89.436577 381.443085 53.328629 89.436577 380.397125 53.328629 89.436577 375.663940 60.808945 89.436577 375.663940 53.328629 80.378700 377.094330 53.328629 79.217232 375.663940 53.328629 99.262230 375.663940 53.328629 98.957726 376.070312 53.328629 84.444046 380.223114 53.328629 83.008026 379.387787 53.328629 81.647415 378.340637 53.328629 97.765633 377.452271 53.328629 96.470352 378.645782 53.328629 95.087555 379.636475 53.328629 87.472137 381.220459 53.328629 85.938110 380.836456 53.328629 93.633987 380.412292 53.328629 92.127243 380.963867 53.328629 90.585541 381.284546 53.328629 89.027557 381.370422 53.328629 89.436577 343.353943 53.328629 89.436577 348.340851 60.808945 89.436577 342.342255 60.808945 89.436577 347.294861 60.808945 89.042877 342.342255 53.328629 89.042877 343.353943 53.328629 89.042877 348.340851 60.808945 89.042877 347.294861 53.328629 98.406235 347.020691 53.328629 99.430923 348.340851 53.328629 79.048538 348.340851 53.328629 79.813660 347.330841 53.328629 97.163330 345.726135 53.328629 81.033356 345.995209 53.328629 82.352379 344.851898 53.328629 83.754753 343.914703 53.328629 92.925003 343.066528 53.328629 94.406029 343.737030 53.328629 95.824524 344.627167 53.328629 85.223511 343.195007 53.328629 86.740875 342.701508 53.328629 88.288490 342.440155 53.328629 89.847610 342.414154 53.328629 91.399376 342.623779 60.808945 89.042877 361.687561 53.328629 89.042877 361.687561 60.808945 89.042877 347.688568 53.328629 89.042877 348.734528 53.328629 75.067223 361.687561 53.328629 75.117210 360.237396 53.328629 75.334244 358.114319 53.328629 75.719582 356.036865 53.328629 76.268539 354.030182 53.328629 78.779373 348.734528 53.328629 77.828896 350.325134 53.328629 76.974495 352.118561 53.328629 89.042877 362.081268 60.808945 89.042877 362.081268 53.328629 89.042877 375.270233 60.808945 89.042877 375.270233 53.328629 75.879303 368.389099 53.328629 75.440498 366.331787 53.328629 75.168716 364.220673 53.328629 75.067223 362.081268 53.328629 78.938889 375.270233 53.328629 78.134949 373.994110 53.328629 77.234726 372.243591 53.328629 76.479797 370.367676 45.060913 75.853905 362.081268 45.060913 75.853905 361.687561 45.060913 102.625557 361.687561 45.060913 102.625557 362.081268 "
							            />
						</IndexedFaceSet>
					</Shape>
				</Group>
			</Transform>
		</Transform>
	</Scene>
</X3D>